{"cameraMode":{"drawMode":0,"name":"Shaded","section":"Shading Mode"},"sceneLighting":false,"audioPlay":false,"sceneViewState":{"m_AlwaysRefresh":false,"showFog":false,"showSkybox":false,"showFlares":true,"showImageEffects":true,"showParticleSystems":true,"showVisualEffectGraphs":true,"m_FxEnabled":true},"in2DMode":false,"pivot":{"x":2.687258243560791,"y":-0.6291573643684387,"z":0.5156758427619934},"rotation":{"x":0.09685816615819931,"y":0.5902001261711121,"z":-0.07294848561286926,"w":0.7987127900123596},"size":1.3429243564605713,"orthographic":false}