{"cameraMode":{"drawMode":0,"name":"Shaded","section":"Shading Mode"},"sceneLighting":false,"audioPlay":false,"sceneViewState":{"m_AlwaysRefresh":false,"showFog":false,"showSkybox":false,"showFlares":true,"showImageEffects":true,"showParticleSystems":true,"showVisualEffectGraphs":true,"m_FxEnabled":true},"in2DMode":false,"pivot":{"x":5.421078205108643,"y":8.429336547851563,"z":38.358558654785159},"rotation":{"x":-0.0013814817648380995,"y":-0.9977712631225586,"z":0.06984598934650421,"w":-0.018291030079126359},"size":0.25316569209098818,"orthographic":false}