{"cameraMode":{"drawMode":0,"name":"Shaded","section":"Shading Mode"},"sceneLighting":false,"audioPlay":false,"sceneViewState":{"m_AlwaysRefresh":false,"showFog":false,"showSkybox":false,"showFlares":true,"showImageEffects":true,"showParticleSystems":true,"showVisualEffectGraphs":true,"m_FxEnabled":true},"in2DMode":false,"pivot":{"x":2.980232238769531e-7,"y":1.3999994993209839,"z":0.0000016689300537109376},"rotation":{"x":0.050836652517318729,"y":-0.9492047429084778,"z":0.21845512092113496,"w":0.2208508402109146},"size":1.9899219274520875,"orthographic":false}