{"cameraMode":{"drawMode":0,"name":"Shaded","section":"Shading Mode"},"sceneLighting":false,"audioPlay":false,"sceneViewState":{"m_AlwaysRefresh":false,"showFog":false,"showSkybox":false,"showFlares":true,"showImageEffects":true,"showParticleSystems":true,"showVisualEffectGraphs":true,"m_FxEnabled":true},"in2DMode":false,"pivot":{"x":5.8034868240356449,"y":7.299712181091309,"z":36.19649124145508},"rotation":{"x":0.03440842032432556,"y":-0.6393256187438965,"z":0.026651529595255853,"w":0.7683011889457703},"size":0.4362161457538605,"orthographic":false}