Using pre-set license
Built from '2020.3/staging' branch; Version is '2020.3.48f1 (b805b124c6b7) revision 12060081'; Using compiler version '192528614'; Build Type 'Release'
OS: 'Windows 11  (10.0.26100) 64bit Core' Language: 'en' Physical Memory: 24299 MB
BatchMode: 1, IsHumanControllingUs: 0, StartBugReporterOnCrash: 0, Is64bit: 1, IsPro: 0

COMMAND LINE ARGUMENTS:
C:\Program Files\Unity\Hub\Editor\2020.3.48f1\Editor\Unity.exe
-adb2
-batchMode
-noUpm
-name
AssetImportWorker0
-projectPath
C:/Users/danth/OneDrive/Desktop/Dev/Zombies
-logFile
Logs/AssetImportWorker0.log
-srvPort
52460
Successfully changed project path to: C:/Users/danth/OneDrive/Desktop/Dev/Zombies
C:/Users/danth/OneDrive/Desktop/Dev/Zombies
Using Asset Import Pipeline V2.
Player connection [11848] Host "[IP] 192.168.1.131 [Port] 2953007520 [Flags] 2 [Guid] 2335897639 [EditorId] 2335897639 [Version] 1048832 [Id] WindowsEditor(7,Adjudicator) [Debug] 1 [PackageName] WindowsEditor [ProjectName] Editor" joined multi-casting on [225.0.0.222:54997]...

Player connection [11848] Host "[IP] 192.168.1.131 [Port] 2953007520 [Flags] 2 [Guid] 2335897639 [EditorId] 2335897639 [Version] 1048832 [Id] WindowsEditor(7,Adjudicator) [Debug] 1 [PackageName] WindowsEditor [ProjectName] Editor" joined alternative multi-casting on [225.0.0.222:34997]...

Refreshing native plugins compatible for Editor in 69.56 ms, found 2 plugins.
Preloading 0 native plugins for Editor in 0.00 ms.
Initialize engine version: 2020.3.48f1 (b805b124c6b7)
[Subsystems] Discovering subsystems at path C:/Program Files/Unity/Hub/Editor/2020.3.48f1/Editor/Data/Resources/UnitySubsystems
[Subsystems] Discovering subsystems at path C:/Users/danth/OneDrive/Desktop/Dev/Zombies/Assets
GfxDevice: creating device client; threaded=0
Direct3D:
    Version:  Direct3D 11.0 [level 11.1]
    Renderer: Intel(R) UHD Graphics (ID=0xa7a8)
    Vendor:   
    VRAM:     12149 MB
    Driver:   32.0.101.6129
Initialize mono
Mono path[0] = 'C:/Program Files/Unity/Hub/Editor/2020.3.48f1/Editor/Data/Managed'
Mono path[1] = 'C:/Program Files/Unity/Hub/Editor/2020.3.48f1/Editor/Data/MonoBleedingEdge/lib/mono/unityjit'
Mono config path = 'C:/Program Files/Unity/Hub/Editor/2020.3.48f1/Editor/Data/MonoBleedingEdge/etc'
Using monoOptions --debugger-agent=transport=dt_socket,embedding=1,server=y,suspend=n,address=127.0.0.1:56436
Begin MonoManager ReloadAssembly
Registering precompiled unity dll's ...
Register platform support module: C:/Program Files/Unity/Hub/Editor/2020.3.48f1/Editor/Data/PlaybackEngines/WebGLSupport/UnityEditor.WebGL.Extensions.dll
Register platform support module: C:/Program Files/Unity/Hub/Editor/2020.3.48f1/Editor/Data/PlaybackEngines/WindowsStandaloneSupport/UnityEditor.WindowsStandalone.Extensions.dll
Registered in 0.001139 seconds.
Native extension for WindowsStandalone target not found
Native extension for WebGL target not found
Refreshing native plugins compatible for Editor in 61.21 ms, found 2 plugins.
Preloading 0 native plugins for Editor in 0.00 ms.
Mono: successfully reloaded assembly
- Completed reload, in  0.476 seconds
Domain Reload Profiling:
	ReloadAssembly (476ms)
		BeginReloadAssembly (45ms)
			ExecutionOrderSort (0ms)
			DisableScriptedObjects (0ms)
			BackupInstance (0ms)
			ReleaseScriptingObjects (0ms)
			CreateAndSetChildDomain (1ms)
		EndReloadAssembly (384ms)
			LoadAssemblies (44ms)
			RebuildTransferFunctionScriptingTraits (0ms)
			SetupTypeCache (131ms)
			ReleaseScriptCaches (0ms)
			RebuildScriptCaches (20ms)
			SetupLoadedEditorAssemblies (147ms)
				LogAssemblyErrors (0ms)
				InitializePlatformSupportModulesInManaged (4ms)
				SetLoadedEditorAssemblies (0ms)
				RefreshPlugins (61ms)
				BeforeProcessingInitializeOnLoad (8ms)
				ProcessInitializeOnLoadAttributes (55ms)
				ProcessInitializeOnLoadMethodAttributes (19ms)
				AfterProcessingInitializeOnLoad (0ms)
				EditorAssembliesLoaded (0ms)
			ExecutionOrderSort2 (0ms)
			AwakeInstancesAfterBackupRestoration (0ms)
Platform modules already initialized, skipping
Registering precompiled user dll's ...
Registered in 0.003126 seconds.
Begin MonoManager ReloadAssembly
Native extension for WindowsStandalone target not found
Native extension for WebGL target not found
Refreshing native plugins compatible for Editor in 71.49 ms, found 2 plugins.
Preloading 0 native plugins for Editor in 0.00 ms.
Mono: successfully reloaded assembly
- Completed reload, in  1.447 seconds
Domain Reload Profiling:
	ReloadAssembly (1448ms)
		BeginReloadAssembly (95ms)
			ExecutionOrderSort (0ms)
			DisableScriptedObjects (3ms)
			BackupInstance (0ms)
			ReleaseScriptingObjects (0ms)
			CreateAndSetChildDomain (14ms)
		EndReloadAssembly (1316ms)
			LoadAssemblies (78ms)
			RebuildTransferFunctionScriptingTraits (0ms)
			SetupTypeCache (281ms)
			ReleaseScriptCaches (0ms)
			RebuildScriptCaches (54ms)
			SetupLoadedEditorAssemblies (804ms)
				LogAssemblyErrors (0ms)
				InitializePlatformSupportModulesInManaged (5ms)
				SetLoadedEditorAssemblies (0ms)
				RefreshPlugins (72ms)
				BeforeProcessingInitializeOnLoad (65ms)
				ProcessInitializeOnLoadAttributes (645ms)
				ProcessInitializeOnLoadMethodAttributes (13ms)
				AfterProcessingInitializeOnLoad (4ms)
				EditorAssembliesLoaded (0ms)
			ExecutionOrderSort2 (0ms)
			AwakeInstancesAfterBackupRestoration (2ms)
Platform modules already initialized, skipping
========================================================================
Worker process is ready to serve import requests
Launched and connected shader compiler UnityShaderCompiler.exe after 0.04 seconds
Refreshing native plugins compatible for Editor in 0.62 ms, found 2 plugins.
Preloading 0 native plugins for Editor in 0.00 ms.
Unloading 4072 Unused Serialized files (Serialized files now loaded: 0)
System memory in use before: 257.8 MB.
System memory in use after: 257.9 MB.

Unloading 22 unused Assets to reduce memory usage. Loaded Objects now: 4520.
Total: 3.935100 ms (FindLiveObjects: 0.215700 ms CreateObjectMapping: 0.087400 ms MarkObjects: 3.500600 ms  DeleteObjects: 0.130300 ms)

AssetImportParameters requested are different than current active one (requested -> active):
  custom:framework-win-MediaFoundation: 216162199b28c13a410421893ffa2e32 -> 
  custom:video-decoder-ogg-theora: a1e56fd34408186e4bbccfd4996cb3dc -> 
  custom:container-muxer-webm: aa71ff27fc2769a1b78a27578f13a17b -> 
  custom:container-demuxer-webm: 4f35f7cbe854078d1ac9338744f61a02 -> 
  custom:container-demuxer-ogg: 62fdf1f143b41e24485cea50d1cbac27 -> 
  custom:video-encoder-webm-vp8: eb34c28f22e8b96e1ab97ce403110664 -> 
  custom:video-codec-MediaFoundation-h265: 746d11721c4dcdbdad8f713fa42b33f4 -> 
  custom:video-decoder-webm-vp8: 9c59270c3fd7afecdb556c50c9e8de78 -> 
  custom:audio-decoder-ogg-vorbis: bf7c407c2cedff20999df2af8eb42d56 -> 
  custom:audio-encoder-webm-vorbis: bf7c407c2cedff20999df2af8eb42d56 -> 
========================================================================
Received Import Request.
  path: Assets/UnityTechnologies/ParticlePack/Shared
  artifactKey: Guid(d20707e94d6582c4bb82c70bda7918f0) Importer(815301076,1909f56bfc062723c751e8b465ee728b)
Start importing Assets/UnityTechnologies/ParticlePack/Shared using Guid(d20707e94d6582c4bb82c70bda7918f0) Importer(815301076,1909f56bfc062723c751e8b465ee728b)  -> (artifact id: 'aad725b962ebaa6d1b0e8fbbb2088ebf') in 0.023219 seconds 
========================================================================
Received Import Request.
  Time since last request: 24.036055 seconds.
  path: Assets/UnityTechnologies/ParticlePack/EffectExamples/Fire & Explosion Effects
  artifactKey: Guid(9c9c292c9091a7d4fbaf34fdd81b85fc) Importer(815301076,1909f56bfc062723c751e8b465ee728b)
Start importing Assets/UnityTechnologies/ParticlePack/EffectExamples/Fire & Explosion Effects using Guid(9c9c292c9091a7d4fbaf34fdd81b85fc) Importer(815301076,1909f56bfc062723c751e8b465ee728b)  -> (artifact id: '69fb5e8d844e7fc89a2aa22f6ab447a5') in 0.030751 seconds 
========================================================================
Received Import Request.
  Time since last request: 3.256163 seconds.
  path: Assets/UnityTechnologies/ParticlePack/EffectExamples/Misc Effects
  artifactKey: Guid(7dd5994c11ccf45c3b64748c6a871d80) Importer(815301076,1909f56bfc062723c751e8b465ee728b)
Start importing Assets/UnityTechnologies/ParticlePack/EffectExamples/Misc Effects using Guid(7dd5994c11ccf45c3b64748c6a871d80) Importer(815301076,1909f56bfc062723c751e8b465ee728b)  -> (artifact id: '216ddfd204ab880032b74bf2844181e6') in 0.014773 seconds 
========================================================================
Received Import Request.
  Time since last request: 1.638401 seconds.
  path: Assets/UnityTechnologies/ParticlePack/EffectExamples/Misc Effects/Models
  artifactKey: Guid(73a8693cc893bc349a64b418941cf068) Importer(815301076,1909f56bfc062723c751e8b465ee728b)
Start importing Assets/UnityTechnologies/ParticlePack/EffectExamples/Misc Effects/Models using Guid(73a8693cc893bc349a64b418941cf068) Importer(815301076,1909f56bfc062723c751e8b465ee728b)  -> (artifact id: 'e3553d93bfb5f5ca24ec51c792fbccc6') in 0.030777 seconds 
========================================================================
Received Import Request.
  Time since last request: 0.037953 seconds.
  path: Assets/UnityTechnologies/ParticlePack/EffectExamples/Misc Effects/Models/Candle.fbx
  artifactKey: Guid(47422950376b0d8458d22d6185bcdcb3) Importer(815301076,1909f56bfc062723c751e8b465ee728b)
Start importing Assets/UnityTechnologies/ParticlePack/EffectExamples/Misc Effects/Models/Candle.fbx using Guid(47422950376b0d8458d22d6185bcdcb3) Importer(815301076,1909f56bfc062723c751e8b465ee728b)  -> (artifact id: '481d03e864890bdeafd2d3fcc4fd15b6') in 0.122050 seconds 
========================================================================
Received Import Request.
  Time since last request: 0.000321 seconds.
  path: Assets/UnityTechnologies/ParticlePack/EffectExamples/Misc Effects/Models/Ellen.fbx
  artifactKey: Guid(b1d76b05add46f44292ade654065b4c7) Importer(815301076,1909f56bfc062723c751e8b465ee728b)
Start importing Assets/UnityTechnologies/ParticlePack/EffectExamples/Misc Effects/Models/Ellen.fbx using Guid(b1d76b05add46f44292ade654065b4c7) Importer(815301076,1909f56bfc062723c751e8b465ee728b)  -> (artifact id: '34f4d0a968eaa2c6e7d33ff5e7c97376') in 0.084505 seconds 
========================================================================
Received Import Request.
  Time since last request: 0.000310 seconds.
  path: Assets/UnityTechnologies/ParticlePack/EffectExamples/Misc Effects/Models/FireFly.fbx
  artifactKey: Guid(dc6b02b1d8deafa448e0985c40c217ae) Importer(815301076,1909f56bfc062723c751e8b465ee728b)
Start importing Assets/UnityTechnologies/ParticlePack/EffectExamples/Misc Effects/Models/FireFly.fbx using Guid(dc6b02b1d8deafa448e0985c40c217ae) Importer(815301076,1909f56bfc062723c751e8b465ee728b)  -> (artifact id: '3c7cb98cfe6b0bcab2eea5e343c09b28') in 0.048708 seconds 
========================================================================
Received Import Request.
  Time since last request: 5.043899 seconds.
  path: Assets/UnityTechnologies/ParticlePack/EffectExamples/Misc Effects/Shaders
  artifactKey: Guid(6f97d3b51af9a5241a39b0776939dcd8) Importer(815301076,1909f56bfc062723c751e8b465ee728b)
Start importing Assets/UnityTechnologies/ParticlePack/EffectExamples/Misc Effects/Shaders using Guid(6f97d3b51af9a5241a39b0776939dcd8) Importer(815301076,1909f56bfc062723c751e8b465ee728b)  -> (artifact id: 'd842731a4f2d23d90e521043dd988629') in 0.030195 seconds 
========================================================================
Received Import Request.
  Time since last request: 8.615338 seconds.
  path: Assets/UnityTechnologies/ParticlePack/Shared/Environment
  artifactKey: Guid(ea4371db0cabc3a44a4b4129cd1323f5) Importer(815301076,1909f56bfc062723c751e8b465ee728b)
Start importing Assets/UnityTechnologies/ParticlePack/Shared/Environment using Guid(ea4371db0cabc3a44a4b4129cd1323f5) Importer(815301076,1909f56bfc062723c751e8b465ee728b)  -> (artifact id: '97ca3f1e9c9606562ca7a378abaa5b25') in 0.028595 seconds 
========================================================================
Received Import Request.
  Time since last request: 1.470677 seconds.
  path: Assets/UnityTechnologies/ParticlePack/Shared/Environment/Prefabs
  artifactKey: Guid(39c8d8ec6c0e67648b30fb0dd38b37c0) Importer(815301076,1909f56bfc062723c751e8b465ee728b)
Start importing Assets/UnityTechnologies/ParticlePack/Shared/Environment/Prefabs using Guid(39c8d8ec6c0e67648b30fb0dd38b37c0) Importer(815301076,1909f56bfc062723c751e8b465ee728b)  -> (artifact id: 'e5f98ae2301da54570c2b9c7535e2006') in 0.028123 seconds 
========================================================================
Received Import Request.
  Time since last request: 49.744766 seconds.
  path: Assets/UnityTechnologies/ParticlePack/Shared/Environment/Materials
  artifactKey: Guid(fe9683119ac8f3c46b5ec5a3198759c4) Importer(815301076,1909f56bfc062723c751e8b465ee728b)
Start importing Assets/UnityTechnologies/ParticlePack/Shared/Environment/Materials using Guid(fe9683119ac8f3c46b5ec5a3198759c4) Importer(815301076,1909f56bfc062723c751e8b465ee728b)  -> (artifact id: '707c7517b526014c3f4dfa4f1bf9f5be') in 0.034312 seconds 
========================================================================
Received Import Request.
  Time since last request: 0.027013 seconds.
  path: Assets/UnityTechnologies/ParticlePack/Shared/Environment/Materials/Light.mat
  artifactKey: Guid(47fbc90daa91ab541984ebd9f72db2d4) Importer(815301076,1909f56bfc062723c751e8b465ee728b)
Start importing Assets/UnityTechnologies/ParticlePack/Shared/Environment/Materials/Light.mat using Guid(47fbc90daa91ab541984ebd9f72db2d4) Importer(815301076,1909f56bfc062723c751e8b465ee728b)  -> (artifact id: 'afc93ff9e989c0bd433f7a95728332c4') in 0.052887 seconds 
========================================================================
Received Import Request.
  Time since last request: 0.000705 seconds.
  path: Assets/UnityTechnologies/ParticlePack/Shared/Environment/Materials/MetalRailing.mat
  artifactKey: Guid(50d6c6916e743b64c8b4e4282f2c9603) Importer(815301076,1909f56bfc062723c751e8b465ee728b)
Start importing Assets/UnityTechnologies/ParticlePack/Shared/Environment/Materials/MetalRailing.mat using Guid(50d6c6916e743b64c8b4e4282f2c9603) Importer(815301076,1909f56bfc062723c751e8b465ee728b)  -> (artifact id: '501ff5cf7a1d9f9a2c0ab3c502c89e8f') in 0.049874 seconds 
========================================================================
Received Import Request.
  Time since last request: 0.000542 seconds.
  path: Assets/UnityTechnologies/ParticlePack/Shared/Environment/Materials/Skybox.mat
  artifactKey: Guid(d1385980456cd2044b282d73625457db) Importer(815301076,1909f56bfc062723c751e8b465ee728b)
Start importing Assets/UnityTechnologies/ParticlePack/Shared/Environment/Materials/Skybox.mat using Guid(d1385980456cd2044b282d73625457db) Importer(815301076,1909f56bfc062723c751e8b465ee728b)  -> (artifact id: '934dd18068d9c996dabb2351d7f020fe') in 0.042975 seconds 
========================================================================
Received Import Request.
  Time since last request: 0.000307 seconds.
  path: Assets/UnityTechnologies/ParticlePack/Shared/Environment/Materials/MetalTrim.mat
  artifactKey: Guid(e0f11b1a7337400468c12894fc7c4cec) Importer(815301076,1909f56bfc062723c751e8b465ee728b)
Start importing Assets/UnityTechnologies/ParticlePack/Shared/Environment/Materials/MetalTrim.mat using Guid(e0f11b1a7337400468c12894fc7c4cec) Importer(815301076,1909f56bfc062723c751e8b465ee728b)  -> (artifact id: '51e8bab9cd99bf5c6176573cac3fb71c') in 0.052943 seconds 
========================================================================
Received Import Request.
  Time since last request: 0.000411 seconds.
  path: Assets/UnityTechnologies/ParticlePack/Shared/Environment/Materials/ShadowCaster.mat
  artifactKey: Guid(a7fc4133adf16c3409305f2ee9ed4ea8) Importer(815301076,1909f56bfc062723c751e8b465ee728b)
Start importing Assets/UnityTechnologies/ParticlePack/Shared/Environment/Materials/ShadowCaster.mat using Guid(a7fc4133adf16c3409305f2ee9ed4ea8) Importer(815301076,1909f56bfc062723c751e8b465ee728b)  -> (artifact id: '46860ca13a443018e8217fae8716841a') in 0.034463 seconds 
========================================================================
Received Import Request.
  Time since last request: 0.000620 seconds.
  path: Assets/UnityTechnologies/ParticlePack/Shared/Environment/Materials/LinesWhite.mat
  artifactKey: Guid(09d2711cb134c78409078c4645fae1cd) Importer(815301076,1909f56bfc062723c751e8b465ee728b)
Start importing Assets/UnityTechnologies/ParticlePack/Shared/Environment/Materials/LinesWhite.mat using Guid(09d2711cb134c78409078c4645fae1cd) Importer(815301076,1909f56bfc062723c751e8b465ee728b)  -> (artifact id: 'eb9cd083489dc160bdaee2ea7db1eb04') in 0.339324 seconds 
========================================================================
Received Import Request.
  Time since last request: 0.000280 seconds.
  path: Assets/UnityTechnologies/ParticlePack/Shared/Environment/Materials/UnityLogo.mat
  artifactKey: Guid(8673c144bddc0f748bf22b12b37a8308) Importer(815301076,1909f56bfc062723c751e8b465ee728b)
Start importing Assets/UnityTechnologies/ParticlePack/Shared/Environment/Materials/UnityLogo.mat using Guid(8673c144bddc0f748bf22b12b37a8308) Importer(815301076,1909f56bfc062723c751e8b465ee728b)  -> (artifact id: '359faa584316775812f722eadf4eb78a') in 0.079839 seconds 
========================================================================
Received Import Request.
  Time since last request: 44.475216 seconds.
  path: Assets/UnityTechnologies/ParticlePack/Shared/Environment/Models
  artifactKey: Guid(44796e62b5328344b81bd9ca657beafb) Importer(815301076,1909f56bfc062723c751e8b465ee728b)
Start importing Assets/UnityTechnologies/ParticlePack/Shared/Environment/Models using Guid(44796e62b5328344b81bd9ca657beafb) Importer(815301076,1909f56bfc062723c751e8b465ee728b)  -> (artifact id: '272e7a997751041e0a2b582b52576a41') in 0.009988 seconds 
========================================================================
Received Import Request.
  Time since last request: 0.065169 seconds.
  path: Assets/UnityTechnologies/ParticlePack/Shared/Environment/Models/AreaLine.fbx
  artifactKey: Guid(534f375dff9795c4baa527015ef28ddb) Importer(815301076,1909f56bfc062723c751e8b465ee728b)
Start importing Assets/UnityTechnologies/ParticlePack/Shared/Environment/Models/AreaLine.fbx using Guid(534f375dff9795c4baa527015ef28ddb) Importer(815301076,1909f56bfc062723c751e8b465ee728b)  -> (artifact id: 'fff43198022c8b2685140be3a66e2fe9') in 0.046242 seconds 
========================================================================
Received Import Request.
  Time since last request: 0.000278 seconds.
  path: Assets/UnityTechnologies/ParticlePack/Shared/Environment/Models/CornerWall.fbx
  artifactKey: Guid(29175e748bfc77b4194c165e0258b930) Importer(815301076,1909f56bfc062723c751e8b465ee728b)
Start importing Assets/UnityTechnologies/ParticlePack/Shared/Environment/Models/CornerWall.fbx using Guid(29175e748bfc77b4194c165e0258b930) Importer(815301076,1909f56bfc062723c751e8b465ee728b)  -> (artifact id: '1a779cc5c42b810013c812f9afbfb693') in 0.127738 seconds 
========================================================================
Received Import Request.
  Time since last request: 0.000286 seconds.
  path: Assets/UnityTechnologies/ParticlePack/Shared/Environment/Models/EndWall.fbx
  artifactKey: Guid(18f35b9d268a5e2418ed0f7628c2d86d) Importer(815301076,1909f56bfc062723c751e8b465ee728b)
Start importing Assets/UnityTechnologies/ParticlePack/Shared/Environment/Models/EndWall.fbx using Guid(18f35b9d268a5e2418ed0f7628c2d86d) Importer(815301076,1909f56bfc062723c751e8b465ee728b)  -> (artifact id: 'e2e60cc8cc3b7c6af93b3b9ef703c17e') in 0.079816 seconds 
========================================================================
Received Import Request.
  Time since last request: 0.000231 seconds.
  path: Assets/UnityTechnologies/ParticlePack/Shared/Environment/Models/SmallLight.fbx
  artifactKey: Guid(7469d4eaf5d47b246b3501c892dd5292) Importer(815301076,1909f56bfc062723c751e8b465ee728b)
Start importing Assets/UnityTechnologies/ParticlePack/Shared/Environment/Models/SmallLight.fbx using Guid(7469d4eaf5d47b246b3501c892dd5292) Importer(815301076,1909f56bfc062723c751e8b465ee728b)  -> (artifact id: '37b23f4569cf7805812dbf78af37a2a1') in 0.051391 seconds 
========================================================================
Received Import Request.
  Time since last request: 0.000400 seconds.
  path: Assets/UnityTechnologies/ParticlePack/Shared/Environment/Models/FloorLong.fbx
  artifactKey: Guid(446cd81926e0f8f41ba901232882f7eb) Importer(815301076,1909f56bfc062723c751e8b465ee728b)
Start importing Assets/UnityTechnologies/ParticlePack/Shared/Environment/Models/FloorLong.fbx using Guid(446cd81926e0f8f41ba901232882f7eb) Importer(815301076,1909f56bfc062723c751e8b465ee728b)  -> (artifact id: '54273239ee1eabba39615212cd94f6da') in 0.067006 seconds 
========================================================================
Received Import Request.
  Time since last request: 0.000321 seconds.
  path: Assets/UnityTechnologies/ParticlePack/Shared/Environment/Models/SideWall.fbx
  artifactKey: Guid(b03a156a678c5aa42b3abd35f650bb53) Importer(815301076,1909f56bfc062723c751e8b465ee728b)
Start importing Assets/UnityTechnologies/ParticlePack/Shared/Environment/Models/SideWall.fbx using Guid(b03a156a678c5aa42b3abd35f650bb53) Importer(815301076,1909f56bfc062723c751e8b465ee728b)  -> (artifact id: '50f9170fbd6efb5fe9f8a749bc0bf69a') in 0.069284 seconds 
========================================================================
Received Import Request.
  Time since last request: 0.000267 seconds.
  path: Assets/UnityTechnologies/ParticlePack/Shared/Environment/Models/LongOverhangWall.fbx
  artifactKey: Guid(8e725cb41275efd4b90ded8d12a97e28) Importer(815301076,1909f56bfc062723c751e8b465ee728b)
Start importing Assets/UnityTechnologies/ParticlePack/Shared/Environment/Models/LongOverhangWall.fbx using Guid(8e725cb41275efd4b90ded8d12a97e28) Importer(815301076,1909f56bfc062723c751e8b465ee728b)  -> (artifact id: '29b101d4efe22171eb4acec457c54717') in 0.096341 seconds 
========================================================================
Received Import Request.
  Time since last request: 0.000331 seconds.
  path: Assets/UnityTechnologies/ParticlePack/Shared/Environment/Models/Stairs.fbx
  artifactKey: Guid(c11028ca051352e48879875d3abab77a) Importer(815301076,1909f56bfc062723c751e8b465ee728b)
Start importing Assets/UnityTechnologies/ParticlePack/Shared/Environment/Models/Stairs.fbx using Guid(c11028ca051352e48879875d3abab77a) Importer(815301076,1909f56bfc062723c751e8b465ee728b)  -> (artifact id: 'df611caea36d4085bbb1d9c8d50cacc6') in 0.073473 seconds 
========================================================================
Received Import Request.
  Time since last request: 0.000269 seconds.
  path: Assets/UnityTechnologies/ParticlePack/Shared/Environment/Models/FloorShort.fbx
  artifactKey: Guid(10c6e964dc4450b43b3e447521e02e7d) Importer(815301076,1909f56bfc062723c751e8b465ee728b)
Start importing Assets/UnityTechnologies/ParticlePack/Shared/Environment/Models/FloorShort.fbx using Guid(10c6e964dc4450b43b3e447521e02e7d) Importer(815301076,1909f56bfc062723c751e8b465ee728b)  -> (artifact id: '551d501b3a88a872ad2d1bf7e12cea88') in 0.074496 seconds 
========================================================================
Received Import Request.
  Time since last request: 0.000328 seconds.
  path: Assets/UnityTechnologies/ParticlePack/Shared/Environment/Models/Step.fbx
  artifactKey: Guid(56419c3da9429f0488c038e5b86ebd7c) Importer(815301076,1909f56bfc062723c751e8b465ee728b)
Start importing Assets/UnityTechnologies/ParticlePack/Shared/Environment/Models/Step.fbx using Guid(56419c3da9429f0488c038e5b86ebd7c) Importer(815301076,1909f56bfc062723c751e8b465ee728b)  -> (artifact id: 'c679b66e3821b90b3fbe0ac4376851cb') in 0.063968 seconds 
========================================================================
Received Import Request.
  Time since last request: 0.000439 seconds.
  path: Assets/UnityTechnologies/ParticlePack/Shared/Environment/Models/FloorMiddle.fbx
  artifactKey: Guid(feea4d173b1eac64087516ae6fde538a) Importer(815301076,1909f56bfc062723c751e8b465ee728b)
Start importing Assets/UnityTechnologies/ParticlePack/Shared/Environment/Models/FloorMiddle.fbx using Guid(feea4d173b1eac64087516ae6fde538a) Importer(815301076,1909f56bfc062723c751e8b465ee728b)  -> (artifact id: '95694ea18c310c793256049ef671c3f1') in 0.069528 seconds 
========================================================================
Received Import Request.
  Time since last request: 0.000454 seconds.
  path: Assets/UnityTechnologies/ParticlePack/Shared/Environment/Models/Railing.fbx
  artifactKey: Guid(109fce1e867015f4ab66f27e2e5e0c3b) Importer(815301076,1909f56bfc062723c751e8b465ee728b)
Start importing Assets/UnityTechnologies/ParticlePack/Shared/Environment/Models/Railing.fbx using Guid(109fce1e867015f4ab66f27e2e5e0c3b) Importer(815301076,1909f56bfc062723c751e8b465ee728b)  -> (artifact id: '3e6d8d5b7157776a1620e2ebbf37e45d') in 0.043896 seconds 
========================================================================
Received Import Request.
  Time since last request: 0.000465 seconds.
  path: Assets/UnityTechnologies/ParticlePack/Shared/Environment/Models/FloorTiny.fbx
  artifactKey: Guid(9446cfbf8049f8840a94568ebfd2ea85) Importer(815301076,1909f56bfc062723c751e8b465ee728b)
Start importing Assets/UnityTechnologies/ParticlePack/Shared/Environment/Models/FloorTiny.fbx using Guid(9446cfbf8049f8840a94568ebfd2ea85) Importer(815301076,1909f56bfc062723c751e8b465ee728b)  -> (artifact id: '1e163b26a427254e2254d3ee4eb89884') in 0.087207 seconds 
========================================================================
Received Import Request.
  Time since last request: 7.986527 seconds.
  path: Assets/UnityTechnologies/ParticlePack/Shared/Environment/Textures
  artifactKey: Guid(8a60ff494fd8dff468f57f489c9707c9) Importer(815301076,1909f56bfc062723c751e8b465ee728b)
Start importing Assets/UnityTechnologies/ParticlePack/Shared/Environment/Textures using Guid(8a60ff494fd8dff468f57f489c9707c9) Importer(815301076,1909f56bfc062723c751e8b465ee728b)  -> (artifact id: '66f1217170147b3222af820c2dc89f6b') in 0.034356 seconds 
========================================================================
Received Import Request.
  Time since last request: 0.000519 seconds.
  path: Assets/UnityTechnologies/ParticlePack/Shared/Environment/Textures/PaintLines_normal.tif
  artifactKey: Guid(782e7ac390503b248abaa7f49096c6aa) Importer(815301076,1909f56bfc062723c751e8b465ee728b)
Start importing Assets/UnityTechnologies/ParticlePack/Shared/Environment/Textures/PaintLines_normal.tif using Guid(782e7ac390503b248abaa7f49096c6aa) Importer(815301076,1909f56bfc062723c751e8b465ee728b)  -> (artifact id: '5b4382da5ab453c6c531c3fdba3f105e') in 0.060482 seconds 
========================================================================
Received Import Request.
  Time since last request: 0.000437 seconds.
  path: Assets/UnityTechnologies/ParticlePack/Shared/Environment/Textures/PaintLines_Albedo.tif
  artifactKey: Guid(38143a5229e9669428ed806d033bed14) Importer(815301076,1909f56bfc062723c751e8b465ee728b)
Start importing Assets/UnityTechnologies/ParticlePack/Shared/Environment/Textures/PaintLines_Albedo.tif using Guid(38143a5229e9669428ed806d033bed14) Importer(815301076,1909f56bfc062723c751e8b465ee728b)  -> (artifact id: 'e3ac16f8f05bccc0d93694434969b699') in 0.039366 seconds 
========================================================================
Received Import Request.
  Time since last request: 0.000581 seconds.
  path: Assets/UnityTechnologies/ParticlePack/Shared/Environment/Textures/MetalTrim_Albedo.tif
  artifactKey: Guid(7c10f0a67c3c8364eb12dfc8a5e7b54b) Importer(815301076,1909f56bfc062723c751e8b465ee728b)
Start importing Assets/UnityTechnologies/ParticlePack/Shared/Environment/Textures/MetalTrim_Albedo.tif using Guid(7c10f0a67c3c8364eb12dfc8a5e7b54b) Importer(815301076,1909f56bfc062723c751e8b465ee728b)  -> (artifact id: 'aa607e82d4f3dd40470ca1f0babef6f4') in 0.045700 seconds 
========================================================================
Received Import Request.
  Time since last request: 0.000333 seconds.
  path: Assets/UnityTechnologies/ParticlePack/Shared/Environment/Textures/MetalTrim_MetallicSmooth.tif
  artifactKey: Guid(d580c3c76245fea46b16f5adc019967a) Importer(815301076,1909f56bfc062723c751e8b465ee728b)
Start importing Assets/UnityTechnologies/ParticlePack/Shared/Environment/Textures/MetalTrim_MetallicSmooth.tif using Guid(d580c3c76245fea46b16f5adc019967a) Importer(815301076,1909f56bfc062723c751e8b465ee728b)  -> (artifact id: '86c7ebff0177f0cf3b1ca4f0e7b92010') in 0.059517 seconds 
========================================================================
Received Import Request.
  Time since last request: 0.000314 seconds.
  path: Assets/UnityTechnologies/ParticlePack/Shared/Environment/Textures/MetalTrim_Normal.tif
  artifactKey: Guid(2927ac255e81f184b8459509e4b3dce4) Importer(815301076,1909f56bfc062723c751e8b465ee728b)
Start importing Assets/UnityTechnologies/ParticlePack/Shared/Environment/Textures/MetalTrim_Normal.tif using Guid(2927ac255e81f184b8459509e4b3dce4) Importer(815301076,1909f56bfc062723c751e8b465ee728b)  -> (artifact id: 'f6a8f4a49e3cc2b579b129de582d16a2') in 0.035305 seconds 
========================================================================
Received Import Request.
  Time since last request: 13.825454 seconds.
  path: Assets/UnityTechnologies/ParticlePack/Shared/Ramps
  artifactKey: Guid(0c4954a152c3b8642b15fcbacde84951) Importer(815301076,1909f56bfc062723c751e8b465ee728b)
Start importing Assets/UnityTechnologies/ParticlePack/Shared/Ramps using Guid(0c4954a152c3b8642b15fcbacde84951) Importer(815301076,1909f56bfc062723c751e8b465ee728b)  -> (artifact id: '53b6b4792bc187bfbd02a670b1523c87') in 0.034339 seconds 
========================================================================
Received Import Request.
  Time since last request: 0.040489 seconds.
  path: Assets/UnityTechnologies/ParticlePack/Shared/Ramps/RampBaker.asset
  artifactKey: Guid(6964ca4c5ab465b42a92b518c40c537b) Importer(815301076,1909f56bfc062723c751e8b465ee728b)
Start importing Assets/UnityTechnologies/ParticlePack/Shared/Ramps/RampBaker.asset using Guid(6964ca4c5ab465b42a92b518c40c537b) Importer(815301076,1909f56bfc062723c751e8b465ee728b)  -> (artifact id: '66139451b3886ac9b9a4b58378a8c879') in 0.040954 seconds 
========================================================================
Received Import Request.
  Time since last request: 5.734184 seconds.
  path: Assets/UnityTechnologies/ParticlePack/Shared/Scripts
  artifactKey: Guid(bd22c1c7cfb6a0f469bbe1805930df50) Importer(815301076,1909f56bfc062723c751e8b465ee728b)
Start importing Assets/UnityTechnologies/ParticlePack/Shared/Scripts using Guid(bd22c1c7cfb6a0f469bbe1805930df50) Importer(815301076,1909f56bfc062723c751e8b465ee728b)  -> (artifact id: 'fa929c39817aec70e867f83f5cf9405e') in 0.033320 seconds 
========================================================================
Received Import Request.
  Time since last request: 1.213718 seconds.
  path: Assets/UnityTechnologies/ParticlePack/Shared/Scripts/SimpleCharacterMotor.cs
  artifactKey: Guid(b388589949f9448aca1903107a88cb42) Importer(815301076,1909f56bfc062723c751e8b465ee728b)
Start importing Assets/UnityTechnologies/ParticlePack/Shared/Scripts/SimpleCharacterMotor.cs using Guid(b388589949f9448aca1903107a88cb42) Importer(815301076,1909f56bfc062723c751e8b465ee728b)  -> (artifact id: '69a629a9b4076b1a5d0ac41e1b1a65f6') in 0.029164 seconds 
========================================================================
Received Import Request.
  Time since last request: 0.754995 seconds.
  path: Assets/UnityTechnologies/ParticlePack/Shared/Scripts/SimpleCameraController.cs
  artifactKey: Guid(390f972b3a1e62341ad150cbe29782f3) Importer(815301076,1909f56bfc062723c751e8b465ee728b)
Start importing Assets/UnityTechnologies/ParticlePack/Shared/Scripts/SimpleCameraController.cs using Guid(390f972b3a1e62341ad150cbe29782f3) Importer(815301076,1909f56bfc062723c751e8b465ee728b)  -> (artifact id: 'cdd74a523c27d3ddc4f1f876a6464f17') in 0.025932 seconds 
========================================================================
Received Import Request.
  Time since last request: 0.678331 seconds.
  path: Assets/UnityTechnologies/ParticlePack/Shared/Scripts/ProximityActivate.cs
  artifactKey: Guid(9dda47b72d39443fcbaff0fcbb5f1bd4) Importer(815301076,1909f56bfc062723c751e8b465ee728b)
Start importing Assets/UnityTechnologies/ParticlePack/Shared/Scripts/ProximityActivate.cs using Guid(9dda47b72d39443fcbaff0fcbb5f1bd4) Importer(815301076,1909f56bfc062723c751e8b465ee728b)  -> (artifact id: '626b296ba16f6cb55a8ae11f91b5c61b') in 0.027271 seconds 
========================================================================
Received Import Request.
  Time since last request: 2.412904 seconds.
  path: Assets/UnityTechnologies/ParticlePack/Shared/Scripts/AdjustTimeScale.cs
  artifactKey: Guid(57a9bba4c7c6adc40805917ce487896a) Importer(815301076,1909f56bfc062723c751e8b465ee728b)
Start importing Assets/UnityTechnologies/ParticlePack/Shared/Scripts/AdjustTimeScale.cs using Guid(57a9bba4c7c6adc40805917ce487896a) Importer(815301076,1909f56bfc062723c751e8b465ee728b)  -> (artifact id: '3ffb0db9b0e09857866a8382216e7a0c') in 0.036700 seconds 
========================================================================
Received Import Request.
  Time since last request: 4.087964 seconds.
  path: Assets/UnityTechnologies/ParticlePack/Shared/Sprites
  artifactKey: Guid(ed120e6699ca12c45999f7ff2eaf1d6f) Importer(815301076,1909f56bfc062723c751e8b465ee728b)
Start importing Assets/UnityTechnologies/ParticlePack/Shared/Sprites using Guid(ed120e6699ca12c45999f7ff2eaf1d6f) Importer(815301076,1909f56bfc062723c751e8b465ee728b)  -> (artifact id: 'fa7cdf02114edd34cd0957b8c4060b9e') in 0.037322 seconds 
========================================================================
Received Import Request.
  Time since last request: 0.040169 seconds.
  path: Assets/UnityTechnologies/ParticlePack/Shared/Sprites/Info.png
  artifactKey: Guid(2969d90b86698124696637a6df64a112) Importer(815301076,1909f56bfc062723c751e8b465ee728b)
Start importing Assets/UnityTechnologies/ParticlePack/Shared/Sprites/Info.png using Guid(2969d90b86698124696637a6df64a112) Importer(815301076,1909f56bfc062723c751e8b465ee728b)  -> (artifact id: '2075997da42705194da3d90cf6824bd7') in 0.047217 seconds 
========================================================================
Received Import Request.
  Time since last request: 0.000331 seconds.
  path: Assets/UnityTechnologies/ParticlePack/Shared/Sprites/TitleBorder.png
  artifactKey: Guid(0a936ae5d70c6c14ab943882f62e0a7a) Importer(815301076,1909f56bfc062723c751e8b465ee728b)
Start importing Assets/UnityTechnologies/ParticlePack/Shared/Sprites/TitleBorder.png using Guid(0a936ae5d70c6c14ab943882f62e0a7a) Importer(815301076,1909f56bfc062723c751e8b465ee728b)  -> (artifact id: '7cd813377569e89baf59255eb875f002') in 0.041749 seconds 
========================================================================
Received Import Request.
  Time since last request: 0.000279 seconds.
  path: Assets/UnityTechnologies/ParticlePack/Shared/Sprites/UnityLogo.png
  artifactKey: Guid(e9980ad31e8dba04aa8110ba611c69d8) Importer(815301076,1909f56bfc062723c751e8b465ee728b)
Start importing Assets/UnityTechnologies/ParticlePack/Shared/Sprites/UnityLogo.png using Guid(e9980ad31e8dba04aa8110ba611c69d8) Importer(815301076,1909f56bfc062723c751e8b465ee728b)  -> (artifact id: 'a0452901e7396771a97713372b842112') in 0.058634 seconds 
========================================================================
Received Import Request.
  Time since last request: 4.564399 seconds.
  path: Assets/UnityTechnologies/ParticlePack/Shared/Prefabs
  artifactKey: Guid(40699bdce656c484c9aa24320556cf4f) Importer(815301076,1909f56bfc062723c751e8b465ee728b)
Start importing Assets/UnityTechnologies/ParticlePack/Shared/Prefabs using Guid(40699bdce656c484c9aa24320556cf4f) Importer(815301076,1909f56bfc062723c751e8b465ee728b)  -> (artifact id: 'a9941e5bf8bd25a9d264d405b5279cc0') in 0.011454 seconds 
========================================================================
Received Prepare
Registering precompiled user dll's ...
Registered in 0.002906 seconds.
Begin MonoManager ReloadAssembly
Native extension for WindowsStandalone target not found
Native extension for WebGL target not found
Refreshing native plugins compatible for Editor in 0.60 ms, found 2 plugins.
Preloading 0 native plugins for Editor in 0.00 ms.
Mono: successfully reloaded assembly
- Completed reload, in  1.019 seconds
Domain Reload Profiling:
	ReloadAssembly (1020ms)
		BeginReloadAssembly (137ms)
			ExecutionOrderSort (0ms)
			DisableScriptedObjects (2ms)
			BackupInstance (0ms)
			ReleaseScriptingObjects (0ms)
			CreateAndSetChildDomain (42ms)
		EndReloadAssembly (845ms)
			LoadAssemblies (98ms)
			RebuildTransferFunctionScriptingTraits (0ms)
			SetupTypeCache (260ms)
			ReleaseScriptCaches (1ms)
			RebuildScriptCaches (47ms)
			SetupLoadedEditorAssemblies (408ms)
				LogAssemblyErrors (0ms)
				InitializePlatformSupportModulesInManaged (3ms)
				SetLoadedEditorAssemblies (0ms)
				RefreshPlugins (1ms)
				BeforeProcessingInitializeOnLoad (49ms)
				ProcessInitializeOnLoadAttributes (346ms)
				ProcessInitializeOnLoadMethodAttributes (6ms)
				AfterProcessingInitializeOnLoad (3ms)
				EditorAssembliesLoaded (0ms)
			ExecutionOrderSort2 (0ms)
			AwakeInstancesAfterBackupRestoration (1ms)
Platform modules already initialized, skipping
Refreshing native plugins compatible for Editor in 0.59 ms, found 2 plugins.
Preloading 0 native plugins for Editor in 0.00 ms.
Unloading 3961 Unused Serialized files (Serialized files now loaded: 0)
System memory in use before: 264.7 MB.
System memory in use after: 264.9 MB.

Unloading 22 unused Assets to reduce memory usage. Loaded Objects now: 4570.
Total: 3.986600 ms (FindLiveObjects: 0.219600 ms CreateObjectMapping: 0.092000 ms MarkObjects: 3.579300 ms  DeleteObjects: 0.095000 ms)

AssetImportParameters requested are different than current active one (requested -> active):
  custom:framework-win-MediaFoundation: 216162199b28c13a410421893ffa2e32 -> 
  custom:video-decoder-ogg-theora: a1e56fd34408186e4bbccfd4996cb3dc -> 
  custom:container-muxer-webm: aa71ff27fc2769a1b78a27578f13a17b -> 
  custom:container-demuxer-webm: 4f35f7cbe854078d1ac9338744f61a02 -> 
  custom:container-demuxer-ogg: 62fdf1f143b41e24485cea50d1cbac27 -> 
  custom:video-encoder-webm-vp8: eb34c28f22e8b96e1ab97ce403110664 -> 
  custom:video-codec-MediaFoundation-h265: 746d11721c4dcdbdad8f713fa42b33f4 -> 
  custom:video-decoder-webm-vp8: 9c59270c3fd7afecdb556c50c9e8de78 -> 
  custom:audio-decoder-ogg-vorbis: bf7c407c2cedff20999df2af8eb42d56 -> 
  custom:audio-encoder-webm-vorbis: bf7c407c2cedff20999df2af8eb42d56 -> 
========================================================================
Received Import Request.
  Time since last request: 23.497027 seconds.
  path: Assets/UnityTechnologies/ParticlePack/TutorialInfo
  artifactKey: Guid(77c780bf9cd02e441b1de46f397200cf) Importer(815301076,1909f56bfc062723c751e8b465ee728b)
Start importing Assets/UnityTechnologies/ParticlePack/TutorialInfo using Guid(77c780bf9cd02e441b1de46f397200cf) Importer(815301076,1909f56bfc062723c751e8b465ee728b)  -> (artifact id: 'edd5a08b6b4a6d27102c4264dd2ae515') in 0.022177 seconds 
========================================================================
Received Import Request.
  Time since last request: 0.771762 seconds.
  path: Assets/UnityTechnologies/ParticlePack/TutorialInfo/Scripts
  artifactKey: Guid(a68c269571cfc7a4f8eb6f1f3e384f71) Importer(815301076,1909f56bfc062723c751e8b465ee728b)
Start importing Assets/UnityTechnologies/ParticlePack/TutorialInfo/Scripts using Guid(a68c269571cfc7a4f8eb6f1f3e384f71) Importer(815301076,1909f56bfc062723c751e8b465ee728b)  -> (artifact id: '01c91713722c14a6d830ab13eea9ab0a') in 0.008426 seconds 
========================================================================
Received Import Request.
  Time since last request: 1.112742 seconds.
  path: Assets/UnityTechnologies/ParticlePack/TutorialInfo/Scripts/Editor
  artifactKey: Guid(25c3732bfb3f62945950482e9374e869) Importer(815301076,1909f56bfc062723c751e8b465ee728b)
Start importing Assets/UnityTechnologies/ParticlePack/TutorialInfo/Scripts/Editor using Guid(25c3732bfb3f62945950482e9374e869) Importer(815301076,1909f56bfc062723c751e8b465ee728b)  -> (artifact id: '0b2f8dbdf75633d6fdbdada20e962f33') in 0.041668 seconds 
========================================================================
Received Import Request.
  Time since last request: 7.855800 seconds.
  path: Assets/UnityTechnologies/ParticlePack/Scenes
  artifactKey: Guid(6e2175e19ead3b341ad1be4afbe9075a) Importer(815301076,1909f56bfc062723c751e8b465ee728b)
Start importing Assets/UnityTechnologies/ParticlePack/Scenes using Guid(6e2175e19ead3b341ad1be4afbe9075a) Importer(815301076,1909f56bfc062723c751e8b465ee728b)  -> (artifact id: '431113547b951ddd87056e375ea3ffec') in 0.031956 seconds 
========================================================================
Received Prepare
Registering precompiled user dll's ...
Registered in 0.002947 seconds.
Begin MonoManager ReloadAssembly
Native extension for WindowsStandalone target not found
Native extension for WebGL target not found
Refreshing native plugins compatible for Editor in 0.65 ms, found 2 plugins.
Preloading 0 native plugins for Editor in 0.00 ms.
Mono: successfully reloaded assembly
- Completed reload, in  0.964 seconds
Domain Reload Profiling:
	ReloadAssembly (964ms)
		BeginReloadAssembly (97ms)
			ExecutionOrderSort (0ms)
			DisableScriptedObjects (2ms)
			BackupInstance (0ms)
			ReleaseScriptingObjects (0ms)
			CreateAndSetChildDomain (33ms)
		EndReloadAssembly (827ms)
			LoadAssemblies (78ms)
			RebuildTransferFunctionScriptingTraits (0ms)
			SetupTypeCache (245ms)
			ReleaseScriptCaches (2ms)
			RebuildScriptCaches (51ms)
			SetupLoadedEditorAssemblies (401ms)
				LogAssemblyErrors (0ms)
				InitializePlatformSupportModulesInManaged (3ms)
				SetLoadedEditorAssemblies (1ms)
				RefreshPlugins (1ms)
				BeforeProcessingInitializeOnLoad (50ms)
				ProcessInitializeOnLoadAttributes (337ms)
				ProcessInitializeOnLoadMethodAttributes (5ms)
				AfterProcessingInitializeOnLoad (3ms)
				EditorAssembliesLoaded (0ms)
			ExecutionOrderSort2 (0ms)
			AwakeInstancesAfterBackupRestoration (1ms)
Platform modules already initialized, skipping
Refreshing native plugins compatible for Editor in 0.64 ms, found 2 plugins.
Preloading 0 native plugins for Editor in 0.00 ms.
Unloading 3959 Unused Serialized files (Serialized files now loaded: 0)
System memory in use before: 264.7 MB.
System memory in use after: 264.9 MB.

Unloading 17 unused Assets to reduce memory usage. Loaded Objects now: 4572.
Total: 2.824300 ms (FindLiveObjects: 0.206000 ms CreateObjectMapping: 0.065700 ms MarkObjects: 2.452400 ms  DeleteObjects: 0.099600 ms)

AssetImportParameters requested are different than current active one (requested -> active):
  custom:framework-win-MediaFoundation: 216162199b28c13a410421893ffa2e32 -> 
  custom:video-decoder-ogg-theora: a1e56fd34408186e4bbccfd4996cb3dc -> 
  custom:container-muxer-webm: aa71ff27fc2769a1b78a27578f13a17b -> 
  custom:container-demuxer-webm: 4f35f7cbe854078d1ac9338744f61a02 -> 
  custom:container-demuxer-ogg: 62fdf1f143b41e24485cea50d1cbac27 -> 
  custom:video-encoder-webm-vp8: eb34c28f22e8b96e1ab97ce403110664 -> 
  custom:video-codec-MediaFoundation-h265: 746d11721c4dcdbdad8f713fa42b33f4 -> 
  custom:video-decoder-webm-vp8: 9c59270c3fd7afecdb556c50c9e8de78 -> 
  custom:audio-decoder-ogg-vorbis: bf7c407c2cedff20999df2af8eb42d56 -> 
  custom:audio-encoder-webm-vorbis: bf7c407c2cedff20999df2af8eb42d56 -> 
========================================================================
Received Import Request.
  Time since last request: 19.997934 seconds.
  path: Assets/Textures
  artifactKey: Guid(eea9a2bb05171ac4a87868801874366c) Importer(815301076,1909f56bfc062723c751e8b465ee728b)
Start importing Assets/Textures using Guid(eea9a2bb05171ac4a87868801874366c) Importer(815301076,1909f56bfc062723c751e8b465ee728b)  -> (artifact id: '786df5d964f8a66cf83a004771945532') in 0.017334 seconds 
========================================================================
Received Import Request.
  Time since last request: 0.063146 seconds.
  path: Assets/Textures/ezgif-43dd034bc85ca5.jpg
  artifactKey: Guid(a71129c7f7b5c7448aa52edf6e6abf56) Importer(815301076,1909f56bfc062723c751e8b465ee728b)
Start importing Assets/Textures/ezgif-43dd034bc85ca5.jpg using Guid(a71129c7f7b5c7448aa52edf6e6abf56) Importer(815301076,1909f56bfc062723c751e8b465ee728b)  -> (artifact id: '6fd8c563498ddff5dc7ced36ce7f8e2d') in 0.082909 seconds 
========================================================================
Received Import Request.
  Time since last request: 2.080744 seconds.
  path: Assets/Textures/Textures
  artifactKey: Guid(c40ab282904050149a8f559c4a28bc5d) Importer(815301076,1909f56bfc062723c751e8b465ee728b)
Start importing Assets/Textures/Textures using Guid(c40ab282904050149a8f559c4a28bc5d) Importer(815301076,1909f56bfc062723c751e8b465ee728b)  -> (artifact id: '8930c6817f63f990b5729a9e0d1efbc9') in 0.010298 seconds 
========================================================================
Received Import Request.
  Time since last request: 0.083246 seconds.
  path: Assets/Textures/Textures/prototype_512x512_blue1.png
  artifactKey: Guid(44cced520ecfd9f4292979a4fe8268c4) Importer(815301076,1909f56bfc062723c751e8b465ee728b)
Start importing Assets/Textures/Textures/prototype_512x512_blue1.png using Guid(44cced520ecfd9f4292979a4fe8268c4) Importer(815301076,1909f56bfc062723c751e8b465ee728b)  -> (artifact id: '2fe3dd917596f490428771d1850682e8') in 0.037068 seconds 
========================================================================
Received Import Request.
  Time since last request: 0.000400 seconds.
  path: Assets/Textures/Textures/prototype_512x512_blue3.png
  artifactKey: Guid(b6fc60785b6a795478135ce6f7712c5a) Importer(815301076,1909f56bfc062723c751e8b465ee728b)
Start importing Assets/Textures/Textures/prototype_512x512_blue3.png using Guid(b6fc60785b6a795478135ce6f7712c5a) Importer(815301076,1909f56bfc062723c751e8b465ee728b)  -> (artifact id: '3ca7a5ce0811bc4e744cb83d5e42f3de') in 0.043476 seconds 
========================================================================
Received Import Request.
  Time since last request: 0.000941 seconds.
  path: Assets/Textures/Textures/prototype_512x512_magenta.png
  artifactKey: Guid(81c078e07a3828a42885510e3d5369a9) Importer(815301076,1909f56bfc062723c751e8b465ee728b)
Start importing Assets/Textures/Textures/prototype_512x512_magenta.png using Guid(81c078e07a3828a42885510e3d5369a9) Importer(815301076,1909f56bfc062723c751e8b465ee728b)  -> (artifact id: '6df0733e5f83effa6c895125ffb6aa8f') in 0.038442 seconds 
========================================================================
Received Import Request.
  Time since last request: 0.000547 seconds.
  path: Assets/Textures/Textures/prototype_512x512_white.png
  artifactKey: Guid(9397418d1d7b12543bf27fb61b93bbea) Importer(815301076,1909f56bfc062723c751e8b465ee728b)
Start importing Assets/Textures/Textures/prototype_512x512_white.png using Guid(9397418d1d7b12543bf27fb61b93bbea) Importer(815301076,1909f56bfc062723c751e8b465ee728b)  -> (artifact id: '397e6cc09c868f66e94169b12dc9f95f') in 0.040977 seconds 
========================================================================
Received Import Request.
  Time since last request: 0.000520 seconds.
  path: Assets/Textures/Textures/prototype_512x512_yellow.png
  artifactKey: Guid(ee12d2bc9f5c8554d97d5beb9dc4b275) Importer(815301076,1909f56bfc062723c751e8b465ee728b)
Start importing Assets/Textures/Textures/prototype_512x512_yellow.png using Guid(ee12d2bc9f5c8554d97d5beb9dc4b275) Importer(815301076,1909f56bfc062723c751e8b465ee728b)  -> (artifact id: '5d197bf4889237c918bff959be5d67dc') in 0.035281 seconds 
========================================================================
Received Import Request.
  Time since last request: 0.000548 seconds.
  path: Assets/Textures/Textures/prototype_512x512_grey1.png
  artifactKey: Guid(dd29f35641da38647a1eeb1028211f1a) Importer(815301076,1909f56bfc062723c751e8b465ee728b)
Start importing Assets/Textures/Textures/prototype_512x512_grey1.png using Guid(dd29f35641da38647a1eeb1028211f1a) Importer(815301076,1909f56bfc062723c751e8b465ee728b)  -> (artifact id: 'f10e377b7a10d595e3c2b2a13d26cb4e') in 0.040230 seconds 
========================================================================
Received Import Request.
  Time since last request: 0.000445 seconds.
  path: Assets/Textures/Textures/prototype_512x512_pink.png
  artifactKey: Guid(054e32e11095e1d4896131bb4eed8cc1) Importer(815301076,1909f56bfc062723c751e8b465ee728b)
Start importing Assets/Textures/Textures/prototype_512x512_pink.png using Guid(054e32e11095e1d4896131bb4eed8cc1) Importer(815301076,1909f56bfc062723c751e8b465ee728b)  -> (artifact id: '11515db9ebabb261a44f010e4f075e80') in 0.029684 seconds 
========================================================================
Received Import Request.
  Time since last request: 0.000324 seconds.
  path: Assets/Textures/Textures/prototype_512x512_brown.png
  artifactKey: Guid(3c227d230cca14c42822692b6aff3459) Importer(815301076,1909f56bfc062723c751e8b465ee728b)
Start importing Assets/Textures/Textures/prototype_512x512_brown.png using Guid(3c227d230cca14c42822692b6aff3459) Importer(815301076,1909f56bfc062723c751e8b465ee728b)  -> (artifact id: '2f396f919751a67fcced5594d87e096a') in 0.034041 seconds 
========================================================================
Received Import Request.
  Time since last request: 0.000290 seconds.
  path: Assets/Textures/Textures/prototype_512x512_green2.png
  artifactKey: Guid(382df89af99b9f2459dd19206e68a63d) Importer(815301076,1909f56bfc062723c751e8b465ee728b)
Start importing Assets/Textures/Textures/prototype_512x512_green2.png using Guid(382df89af99b9f2459dd19206e68a63d) Importer(815301076,1909f56bfc062723c751e8b465ee728b)  -> (artifact id: '990612bb45deb2ddca61f6d0cf9f5810') in 0.043601 seconds 
========================================================================
Received Import Request.
  Time since last request: 0.000400 seconds.
  path: Assets/Textures/Textures/prototype_512x512_green1.png
  artifactKey: Guid(4967dfcee94bddd4ba1430cb6fa1f304) Importer(815301076,1909f56bfc062723c751e8b465ee728b)
Start importing Assets/Textures/Textures/prototype_512x512_green1.png using Guid(4967dfcee94bddd4ba1430cb6fa1f304) Importer(815301076,1909f56bfc062723c751e8b465ee728b)  -> (artifact id: 'f39a52d38b5e7a30469f2ccc3fdd96c5') in 0.031296 seconds 
========================================================================
Received Import Request.
  Time since last request: 0.000280 seconds.
  path: Assets/Textures/Textures/prototype_512x512_cyan.png
  artifactKey: Guid(6c35396cb8128474a8a73c6b19f2fe1f) Importer(815301076,1909f56bfc062723c751e8b465ee728b)
Start importing Assets/Textures/Textures/prototype_512x512_cyan.png using Guid(6c35396cb8128474a8a73c6b19f2fe1f) Importer(815301076,1909f56bfc062723c751e8b465ee728b)  -> (artifact id: 'b141b4ed5077894d98050bae53ce1847') in 0.030477 seconds 
========================================================================
Received Import Request.
  Time since last request: 0.000308 seconds.
  path: Assets/Textures/Textures/prototype_512x512_green3.png
  artifactKey: Guid(988b6610bda0aca4286aff060b8d16b8) Importer(815301076,1909f56bfc062723c751e8b465ee728b)
Start importing Assets/Textures/Textures/prototype_512x512_green3.png using Guid(988b6610bda0aca4286aff060b8d16b8) Importer(815301076,1909f56bfc062723c751e8b465ee728b)  -> (artifact id: '5edc0e5ae6a4f6507e0312465e2716d4') in 0.030803 seconds 
========================================================================
Received Import Request.
  Time since last request: 0.000370 seconds.
  path: Assets/Textures/Textures/prototype_512x512_purple.png
  artifactKey: Guid(aa0c741df9dd8634c8d84fd9ba2b0e3d) Importer(815301076,1909f56bfc062723c751e8b465ee728b)
Start importing Assets/Textures/Textures/prototype_512x512_purple.png using Guid(aa0c741df9dd8634c8d84fd9ba2b0e3d) Importer(815301076,1909f56bfc062723c751e8b465ee728b)  -> (artifact id: 'ee91dbfb17c3689491be1ca346f3b513') in 0.032176 seconds 
========================================================================
Received Import Request.
  Time since last request: 0.000281 seconds.
  path: Assets/Textures/Textures/prototype_512x512_blue2.png
  artifactKey: Guid(17198718c5735204999fb13dc36e290f) Importer(815301076,1909f56bfc062723c751e8b465ee728b)
Start importing Assets/Textures/Textures/prototype_512x512_blue2.png using Guid(17198718c5735204999fb13dc36e290f) Importer(815301076,1909f56bfc062723c751e8b465ee728b)  -> (artifact id: '72af02106aff280f3c85e4744ee77237') in 0.032284 seconds 
========================================================================
Received Import Request.
  Time since last request: 0.000594 seconds.
  path: Assets/Textures/Textures/prototype_512x512_orange.png
  artifactKey: Guid(fe3e0a556829be24bb87c912d79e872d) Importer(815301076,1909f56bfc062723c751e8b465ee728b)
Start importing Assets/Textures/Textures/prototype_512x512_orange.png using Guid(fe3e0a556829be24bb87c912d79e872d) Importer(815301076,1909f56bfc062723c751e8b465ee728b)  -> (artifact id: '960b21f727a6777bfae103cf2a3cb523') in 0.034401 seconds 
========================================================================
Received Import Request.
  Time since last request: 0.000431 seconds.
  path: Assets/Textures/Textures/prototype_512x512_olive.png
  artifactKey: Guid(9895b9b639c999f488492b5182e2242c) Importer(815301076,1909f56bfc062723c751e8b465ee728b)
Start importing Assets/Textures/Textures/prototype_512x512_olive.png using Guid(9895b9b639c999f488492b5182e2242c) Importer(815301076,1909f56bfc062723c751e8b465ee728b)  -> (artifact id: '410ac2cc820d38685f59199a57f9fc19') in 0.034053 seconds 
========================================================================
Received Import Request.
  Time since last request: 0.000462 seconds.
  path: Assets/Textures/Textures/prototype_512x512_red.png
  artifactKey: Guid(3d6064e2e1cd7214e9f67f3a68f494fb) Importer(815301076,1909f56bfc062723c751e8b465ee728b)
Start importing Assets/Textures/Textures/prototype_512x512_red.png using Guid(3d6064e2e1cd7214e9f67f3a68f494fb) Importer(815301076,1909f56bfc062723c751e8b465ee728b)  -> (artifact id: 'e2b1ca1c30a32d1fe996349da5221cb7') in 0.032801 seconds 
========================================================================
Received Import Request.
  Time since last request: 0.000580 seconds.
  path: Assets/Textures/Textures/prototype_512x512_grey2.png
  artifactKey: Guid(37920ac3813690349a856bbe19a86e2b) Importer(815301076,1909f56bfc062723c751e8b465ee728b)
Start importing Assets/Textures/Textures/prototype_512x512_grey2.png using Guid(37920ac3813690349a856bbe19a86e2b) Importer(815301076,1909f56bfc062723c751e8b465ee728b)  -> (artifact id: '9fcdb1181a72f6d35d642240014baa3b') in 0.036779 seconds 
========================================================================
Received Import Request.
  Time since last request: 0.000768 seconds.
  path: Assets/Textures/Textures/prototype_512x512_normal.png
  artifactKey: Guid(44ae09ed76086b14e82d37feb30c7650) Importer(815301076,1909f56bfc062723c751e8b465ee728b)
Start importing Assets/Textures/Textures/prototype_512x512_normal.png using Guid(44ae09ed76086b14e82d37feb30c7650) Importer(815301076,1909f56bfc062723c751e8b465ee728b)  -> (artifact id: '56a0efa73609bb0e76d70b949d3c59cb') in 0.042053 seconds 
========================================================================
Received Import Request.
  Time since last request: 0.000223 seconds.
  path: Assets/Textures/Textures/prototype_512x512_grey3.png
  artifactKey: Guid(d9c0dd5cdac07b145be73329e489869a) Importer(815301076,1909f56bfc062723c751e8b465ee728b)
Start importing Assets/Textures/Textures/prototype_512x512_grey3.png using Guid(d9c0dd5cdac07b145be73329e489869a) Importer(815301076,1909f56bfc062723c751e8b465ee728b)  -> (artifact id: 'f8c336fb3e3489d465a1057c4fa7da7a') in 0.031065 seconds 
========================================================================
Received Import Request.
  Time since last request: 0.000332 seconds.
  path: Assets/Textures/Textures/prototype_512x512_grey4.png
  artifactKey: Guid(ed0c2c8a99e92e14ba740ac8aa428288) Importer(815301076,1909f56bfc062723c751e8b465ee728b)
Start importing Assets/Textures/Textures/prototype_512x512_grey4.png using Guid(ed0c2c8a99e92e14ba740ac8aa428288) Importer(815301076,1909f56bfc062723c751e8b465ee728b)  -> (artifact id: 'cc0173474a64858f9387610b640e7097') in 0.031429 seconds 
========================================================================
Received Import Request.
  Time since last request: 5.162756 seconds.
  path: Assets/Menu
  artifactKey: Guid(93e725b4cb66ed140bbece8975202a9a) Importer(815301076,1909f56bfc062723c751e8b465ee728b)
Start importing Assets/Menu using Guid(93e725b4cb66ed140bbece8975202a9a) Importer(815301076,1909f56bfc062723c751e8b465ee728b)  -> (artifact id: '35cea0081d99bd7d1452eb48848184ba') in 0.031236 seconds 
========================================================================
Received Import Request.
  Time since last request: 0.026955 seconds.
  path: Assets/Menu/NavMesh.asset
  artifactKey: Guid(bcd09d4c0fb5e52438c9f2c2d38c6c54) Importer(815301076,1909f56bfc062723c751e8b465ee728b)
Start importing Assets/Menu/NavMesh.asset using Guid(bcd09d4c0fb5e52438c9f2c2d38c6c54) Importer(815301076,1909f56bfc062723c751e8b465ee728b)  -> (artifact id: '47e9cbeed44d1c39e949762b21fd7b08') in 0.020078 seconds 
========================================================================
Received Import Request.
  Time since last request: 0.000342 seconds.
  path: Assets/Menu/OcclusionCullingData.asset
  artifactKey: Guid(60b8842a85bac4f42bcbeba6ec0c60d1) Importer(815301076,1909f56bfc062723c751e8b465ee728b)
Start importing Assets/Menu/OcclusionCullingData.asset using Guid(60b8842a85bac4f42bcbeba6ec0c60d1) Importer(815301076,1909f56bfc062723c751e8b465ee728b)  -> (artifact id: 'a1b7347b1477933b2d8667f96af27032') in 0.026192 seconds 
========================================================================
Received Import Request.
  Time since last request: 11.913377 seconds.
  path: Assets
  artifactKey: Guid(00000000000000001000000000000000) Importer(815301076,1909f56bfc062723c751e8b465ee728b)
Start importing Assets using Guid(00000000000000001000000000000000) Importer(815301076,1909f56bfc062723c751e8b465ee728b)  -> (artifact id: '42d402b061de3733987d63b9cc3b64de') in 0.025182 seconds 
========================================================================
Received Import Request.
  Time since last request: 12.448693 seconds.
  path: Assets/Sprites
  artifactKey: Guid(1c11f2a8ccb616643a34664e3bfd7191) Importer(815301076,1909f56bfc062723c751e8b465ee728b)
Start importing Assets/Sprites using Guid(1c11f2a8ccb616643a34664e3bfd7191) Importer(815301076,1909f56bfc062723c751e8b465ee728b)  -> (artifact id: '779159295bc31e5c0320678d1da84145') in 0.006508 seconds 
========================================================================
Received Import Request.
  Time since last request: 8.649267 seconds.
  path: Assets/Fonts
  artifactKey: Guid(eb56611fefdf9c842bd3b0e9fcde26d7) Importer(815301076,1909f56bfc062723c751e8b465ee728b)
Start importing Assets/Fonts using Guid(eb56611fefdf9c842bd3b0e9fcde26d7) Importer(815301076,1909f56bfc062723c751e8b465ee728b)  -> (artifact id: '1806c3932cee8920820259b76a51b135') in 0.034706 seconds 
========================================================================
Received Import Request.
  Time since last request: 6.673925 seconds.
  path: Assets/HUD Elements
  artifactKey: Guid(745c8e8f55dc91648b692e9a562066c5) Importer(815301076,1909f56bfc062723c751e8b465ee728b)
Start importing Assets/HUD Elements using Guid(745c8e8f55dc91648b692e9a562066c5) Importer(815301076,1909f56bfc062723c751e8b465ee728b)  -> (artifact id: '64ee2b075d9336c5950e568ee2542555') in 0.026603 seconds 
========================================================================
Received Import Request.
  Time since last request: 0.031401 seconds.
  path: Assets/HUD Elements/bean.png
  artifactKey: Guid(8508d787ee1dbbf47965c07434d2c3e3) Importer(815301076,1909f56bfc062723c751e8b465ee728b)
Start importing Assets/HUD Elements/bean.png using Guid(8508d787ee1dbbf47965c07434d2c3e3) Importer(815301076,1909f56bfc062723c751e8b465ee728b)  -> (artifact id: '72c14a69765700eac359d248af01f013') in 0.052601 seconds 
========================================================================
Received Import Request.
  Time since last request: 0.000251 seconds.
  path: Assets/HUD Elements/SimpleHealthBar.png
  artifactKey: Guid(9be74db6259bde84481f861260f74b72) Importer(815301076,1909f56bfc062723c751e8b465ee728b)
Start importing Assets/HUD Elements/SimpleHealthBar.png using Guid(9be74db6259bde84481f861260f74b72) Importer(815301076,1909f56bfc062723c751e8b465ee728b)  -> (artifact id: 'ff5a79632c3d78fa721b590d6d92f13a') in 0.066581 seconds 
========================================================================
Received Import Request.
  Time since last request: 59.188957 seconds.
  path: Assets/Images&Icons
  artifactKey: Guid(abf9b726e7238264dbfbd491be4d0844) Importer(815301076,1909f56bfc062723c751e8b465ee728b)
Start importing Assets/Images&Icons using Guid(abf9b726e7238264dbfbd491be4d0844) Importer(815301076,1909f56bfc062723c751e8b465ee728b)  -> (artifact id: 'd12bd1431ed4b431ddae5050ffb0e0ad') in 0.035662 seconds 
========================================================================
Received Import Request.
  Time since last request: 0.040175 seconds.
  path: Assets/Images&Icons/Screenshot 2024-08-05 014926.png
  artifactKey: Guid(756107027e399d44fadc3af380e5daf9) Importer(815301076,1909f56bfc062723c751e8b465ee728b)
Start importing Assets/Images&Icons/Screenshot 2024-08-05 014926.png using Guid(756107027e399d44fadc3af380e5daf9) Importer(815301076,1909f56bfc062723c751e8b465ee728b)  -> (artifact id: '47e4ed9ccd2c4d7c337765368f3c8b09') in 0.049984 seconds 
========================================================================
Received Import Request.
  Time since last request: 5.770539 seconds.
  path: Assets/_Biomass/Scene.unity
  artifactKey: Guid(501c63b011b384e4294439126d75c90d) Importer(815301076,1909f56bfc062723c751e8b465ee728b)
Start importing Assets/_Biomass/Scene.unity using Guid(501c63b011b384e4294439126d75c90d) Importer(815301076,1909f56bfc062723c751e8b465ee728b)  -> (artifact id: '7fa41b854a8a3568cfbc96f4250407d3') in 0.030712 seconds 
========================================================================
Received Import Request.
  Time since last request: 3.549506 seconds.
  path: Assets/_Biomass/Assets.unity
  artifactKey: Guid(a6e83e30050f02b47b8923390f548b6f) Importer(815301076,1909f56bfc062723c751e8b465ee728b)
Start importing Assets/_Biomass/Assets.unity using Guid(a6e83e30050f02b47b8923390f548b6f) Importer(815301076,1909f56bfc062723c751e8b465ee728b)  -> (artifact id: 'a028b2bb5ca1ec688ebe016618138f52') in 0.031477 seconds 
========================================================================
Received Import Request.
  Time since last request: 6.269125 seconds.
  path: Assets/_Biomass/__CubemapsShaders
  artifactKey: Guid(4bd71a3527811314ebe4ffc6cbf467aa) Importer(815301076,1909f56bfc062723c751e8b465ee728b)
Start importing Assets/_Biomass/__CubemapsShaders using Guid(4bd71a3527811314ebe4ffc6cbf467aa) Importer(815301076,1909f56bfc062723c751e8b465ee728b)  -> (artifact id: '815ca8cc3d45b403990b764d1f734cd3') in 0.030820 seconds 
========================================================================
Received Import Request.
  Time since last request: 2.458038 seconds.
  path: Assets/_Biomass/__CubemapsShaders/ASE_Standart2Sided.shader
  artifactKey: Guid(7a0703d98e225a0429cf16cf6e0a8d54) Importer(815301076,1909f56bfc062723c751e8b465ee728b)
Start importing Assets/_Biomass/__CubemapsShaders/ASE_Standart2Sided.shader using Guid(7a0703d98e225a0429cf16cf6e0a8d54) Importer(815301076,1909f56bfc062723c751e8b465ee728b)  -> (artifact id: '8edb2762d81ce3bd8dde7edeb49c0063') in 0.027756 seconds 
========================================================================
Received Import Request.
  Time since last request: 5.855856 seconds.
  path: Assets/_Biomass/Materials
  artifactKey: Guid(333229e4550ebb7409a4a9416cfb8481) Importer(815301076,1909f56bfc062723c751e8b465ee728b)
Start importing Assets/_Biomass/Materials using Guid(333229e4550ebb7409a4a9416cfb8481) Importer(815301076,1909f56bfc062723c751e8b465ee728b)  -> (artifact id: 'ce0b48197f2f46d9198267196e606724') in 0.011834 seconds 
========================================================================
Received Import Request.
  Time since last request: 1.581525 seconds.
  path: Assets/_Biomass/Meshes
  artifactKey: Guid(880e123a09189ff4e83d96e5b667397c) Importer(815301076,1909f56bfc062723c751e8b465ee728b)
Start importing Assets/_Biomass/Meshes using Guid(880e123a09189ff4e83d96e5b667397c) Importer(815301076,1909f56bfc062723c751e8b465ee728b)  -> (artifact id: '09c06b042a3574c121c3a88d23378a44') in 0.035848 seconds 
========================================================================
Received Import Request.
  Time since last request: 0.035621 seconds.
  path: Assets/_Biomass/Meshes/Biomass2.FBX
  artifactKey: Guid(ca0fa56924f7b00489c1d4c66df53aef) Importer(815301076,1909f56bfc062723c751e8b465ee728b)
Start importing Assets/_Biomass/Meshes/Biomass2.FBX using Guid(ca0fa56924f7b00489c1d4c66df53aef) Importer(815301076,1909f56bfc062723c751e8b465ee728b)  -> (artifact id: '64a701fd1b4dc985baa31dabf4fa869f') in 0.191893 seconds 
========================================================================
Received Import Request.
  Time since last request: 0.000212 seconds.
  path: Assets/_Biomass/Meshes/BiomassT.FBX
  artifactKey: Guid(49731dbbd03733e4ab67b071beef02f2) Importer(815301076,1909f56bfc062723c751e8b465ee728b)
Start importing Assets/_Biomass/Meshes/BiomassT.FBX using Guid(49731dbbd03733e4ab67b071beef02f2) Importer(815301076,1909f56bfc062723c751e8b465ee728b)  -> (artifact id: '7f3e801f1152015d4ec3457f9a9f6f95') in 0.173797 seconds 
========================================================================
Received Import Request.
  Time since last request: 3.909563 seconds.
  path: Assets/_Biomass/Primitives
  artifactKey: Guid(896b4a8ce2207c245915a0ecc992e8d4) Importer(815301076,1909f56bfc062723c751e8b465ee728b)
Start importing Assets/_Biomass/Primitives using Guid(896b4a8ce2207c245915a0ecc992e8d4) Importer(815301076,1909f56bfc062723c751e8b465ee728b)  -> (artifact id: 'a6fb2616da11c160bbf30538f411da2a') in 0.027284 seconds 
========================================================================
Received Import Request.
  Time since last request: 0.046008 seconds.
  path: Assets/_Biomass/Primitives/primitives.FBX
  artifactKey: Guid(c37a53a615c04dc489df6be064297737) Importer(815301076,1909f56bfc062723c751e8b465ee728b)
Start importing Assets/_Biomass/Primitives/primitives.FBX using Guid(c37a53a615c04dc489df6be064297737) Importer(815301076,1909f56bfc062723c751e8b465ee728b)  -> (artifact id: '1379f19e958b1ee4c2dd3c7ebde02c93') in 0.124708 seconds 
========================================================================
Received Import Request.
  Time since last request: 0.000293 seconds.
  path: Assets/_Biomass/Primitives/primitives_default_color.png
  artifactKey: Guid(7576440dc98634843b47051cdb12f311) Importer(815301076,1909f56bfc062723c751e8b465ee728b)
Start importing Assets/_Biomass/Primitives/primitives_default_color.png using Guid(7576440dc98634843b47051cdb12f311) Importer(815301076,1909f56bfc062723c751e8b465ee728b)  -> (artifact id: '6923fa6222fecb5f278df32c7b31db71') in 0.048405 seconds 
========================================================================
Received Import Request.
  Time since last request: 0.000405 seconds.
  path: Assets/_Biomass/Primitives/Primitives.mat
  artifactKey: Guid(dd612fd4a5a3e1a4da18c49707f2fce6) Importer(815301076,1909f56bfc062723c751e8b465ee728b)
Start importing Assets/_Biomass/Primitives/Primitives.mat using Guid(dd612fd4a5a3e1a4da18c49707f2fce6) Importer(815301076,1909f56bfc062723c751e8b465ee728b)  -> (artifact id: '208111ac528159567bb0b3eeada7e4d1') in 0.148726 seconds 
========================================================================
Received Import Request.
  Time since last request: 0.000269 seconds.
  path: Assets/_Biomass/Primitives/primitives_default_gloss.png
  artifactKey: Guid(4a4c4d8f87777684ea26c61836fd89e7) Importer(815301076,1909f56bfc062723c751e8b465ee728b)
Start importing Assets/_Biomass/Primitives/primitives_default_gloss.png using Guid(4a4c4d8f87777684ea26c61836fd89e7) Importer(815301076,1909f56bfc062723c751e8b465ee728b)  -> (artifact id: 'c73bd5603d4b81d84bb468be8a438ad4') in 0.038784 seconds 
========================================================================
Received Import Request.
  Time since last request: 0.000361 seconds.
  path: Assets/_Biomass/Primitives/primitives_default_nmap.png
  artifactKey: Guid(0441d53f2142f5a4dad34389d9d9e086) Importer(815301076,1909f56bfc062723c751e8b465ee728b)
Start importing Assets/_Biomass/Primitives/primitives_default_nmap.png using Guid(0441d53f2142f5a4dad34389d9d9e086) Importer(815301076,1909f56bfc062723c751e8b465ee728b)  -> (artifact id: '5393e1ca9c83944316ac3672e14c6fa6') in 0.037655 seconds 
========================================================================
Received Import Request.
  Time since last request: 22.121507 seconds.
  path: Assets/SFLCK_2/Scenes
  artifactKey: Guid(7fbb36b65cd0b71439928a7e71db152f) Importer(815301076,1909f56bfc062723c751e8b465ee728b)
Start importing Assets/SFLCK_2/Scenes using Guid(7fbb36b65cd0b71439928a7e71db152f) Importer(815301076,1909f56bfc062723c751e8b465ee728b)  -> (artifact id: '91b3956ef714a212670963321357bc8c') in 0.009844 seconds 
========================================================================
Received Import Request.
  Time since last request: 3.273749 seconds.
  path: Assets/SFLCK_2/Scenes/Demo_1.unity
  artifactKey: Guid(64025cce2a62de74dba5c8c60207e56c) Importer(815301076,1909f56bfc062723c751e8b465ee728b)
Start importing Assets/SFLCK_2/Scenes/Demo_1.unity using Guid(64025cce2a62de74dba5c8c60207e56c) Importer(815301076,1909f56bfc062723c751e8b465ee728b)  -> (artifact id: '3b7c5f97caef7b19adc2d5031c77ddc5') in 0.028938 seconds 
========================================================================
Received Import Request.
  Time since last request: 204.619514 seconds.
  path: Assets/Prefabs/RedZombieRigged.prefab
  artifactKey: Guid(24c71c886c259124b8d69f4dd14bb457) Importer(815301076,1909f56bfc062723c751e8b465ee728b)
Start importing Assets/Prefabs/RedZombieRigged.prefab using Guid(24c71c886c259124b8d69f4dd14bb457) Importer(815301076,1909f56bfc062723c751e8b465ee728b)  -> (artifact id: '96dbccfaf0a2e5069011cf0261015438') in 1.008522 seconds 
========================================================================
Received Prepare
Registering precompiled user dll's ...
Registered in 0.004050 seconds.
Begin MonoManager ReloadAssembly
Native extension for WindowsStandalone target not found
Native extension for WebGL target not found
Refreshing native plugins compatible for Editor in 1.05 ms, found 2 plugins.
Preloading 0 native plugins for Editor in 0.00 ms.
Mono: successfully reloaded assembly
- Completed reload, in  4.760 seconds
Domain Reload Profiling:
	ReloadAssembly (4761ms)
		BeginReloadAssembly (250ms)
			ExecutionOrderSort (0ms)
			DisableScriptedObjects (5ms)
			BackupInstance (0ms)
			ReleaseScriptingObjects (0ms)
			CreateAndSetChildDomain (88ms)
		EndReloadAssembly (4162ms)
			LoadAssemblies (228ms)
			RebuildTransferFunctionScriptingTraits (2ms)
			SetupTypeCache (1189ms)
			ReleaseScriptCaches (2ms)
			RebuildScriptCaches (149ms)
			SetupLoadedEditorAssemblies (2273ms)
				LogAssemblyErrors (0ms)
				InitializePlatformSupportModulesInManaged (8ms)
				SetLoadedEditorAssemblies (1ms)
				RefreshPlugins (1ms)
				BeforeProcessingInitializeOnLoad (306ms)
				ProcessInitializeOnLoadAttributes (1859ms)
				ProcessInitializeOnLoadMethodAttributes (72ms)
				AfterProcessingInitializeOnLoad (26ms)
				EditorAssembliesLoaded (0ms)
			ExecutionOrderSort2 (0ms)
			AwakeInstancesAfterBackupRestoration (5ms)
Platform modules already initialized, skipping
Refreshing native plugins compatible for Editor in 3.43 ms, found 2 plugins.
Preloading 0 native plugins for Editor in 0.00 ms.
Unloading 3959 Unused Serialized files (Serialized files now loaded: 0)
System memory in use before: 265.6 MB.
System memory in use after: 265.8 MB.

Unloading 17 unused Assets to reduce memory usage. Loaded Objects now: 4584.
Total: 48.677000 ms (FindLiveObjects: 14.253400 ms CreateObjectMapping: 0.698700 ms MarkObjects: 33.143000 ms  DeleteObjects: 0.577200 ms)

AssetImportParameters requested are different than current active one (requested -> active):
  custom:framework-win-MediaFoundation: 216162199b28c13a410421893ffa2e32 -> 
  custom:video-decoder-ogg-theora: a1e56fd34408186e4bbccfd4996cb3dc -> 
  custom:container-muxer-webm: aa71ff27fc2769a1b78a27578f13a17b -> 
  custom:container-demuxer-webm: 4f35f7cbe854078d1ac9338744f61a02 -> 
  custom:container-demuxer-ogg: 62fdf1f143b41e24485cea50d1cbac27 -> 
  custom:video-encoder-webm-vp8: eb34c28f22e8b96e1ab97ce403110664 -> 
  custom:video-codec-MediaFoundation-h265: 746d11721c4dcdbdad8f713fa42b33f4 -> 
  custom:video-decoder-webm-vp8: 9c59270c3fd7afecdb556c50c9e8de78 -> 
  custom:audio-decoder-ogg-vorbis: bf7c407c2cedff20999df2af8eb42d56 -> 
  custom:audio-encoder-webm-vorbis: bf7c407c2cedff20999df2af8eb42d56 -> 
========================================================================
Received Import Request.
  Time since last request: 144.224934 seconds.
  path: Assets/Prefabs/Mess Room.prefab
  artifactKey: Guid(abc042927745ff245ace7dadc56921bc) Importer(815301076,1909f56bfc062723c751e8b465ee728b)
Start importing Assets/Prefabs/Mess Room.prefab using Guid(abc042927745ff245ace7dadc56921bc) Importer(815301076,1909f56bfc062723c751e8b465ee728b)  -> (artifact id: '564585729e5a211cfe11589ad912fb08') in 1.749483 seconds 
========================================================================
Received Import Request.
  Time since last request: 144.745075 seconds.
  path: Assets/Scenes/Menu.unity
  artifactKey: Guid(6ca69be0800a94d4891d3ac8be17e182) Importer(815301076,1909f56bfc062723c751e8b465ee728b)
Start importing Assets/Scenes/Menu.unity using Guid(6ca69be0800a94d4891d3ac8be17e182) Importer(815301076,1909f56bfc062723c751e8b465ee728b)  -> (artifact id: '3754ee68098ed98623123d95be5ece78') in 0.076894 seconds 
========================================================================
Received Import Request.
  Time since last request: 12.483818 seconds.
  path: Assets/SFLCK_2/Scenes/Demo_1
  artifactKey: Guid(32e56b8826e134949933f55c93834e4a) Importer(815301076,1909f56bfc062723c751e8b465ee728b)
Start importing Assets/SFLCK_2/Scenes/Demo_1 using Guid(32e56b8826e134949933f55c93834e4a) Importer(815301076,1909f56bfc062723c751e8b465ee728b)  -> (artifact id: 'bb94d7fbb29319504c6eced4e4f5dbae') in 0.024501 seconds 
========================================================================
Received Import Request.
  Time since last request: 0.080117 seconds.
  path: Assets/SFLCK_2/Scenes/Demo_1/LightingData.asset
  artifactKey: Guid(97798de0674e5c540b9367d0ae02e444) Importer(815301076,1909f56bfc062723c751e8b465ee728b)
Start importing Assets/SFLCK_2/Scenes/Demo_1/LightingData.asset using Guid(97798de0674e5c540b9367d0ae02e444) Importer(815301076,1909f56bfc062723c751e8b465ee728b) Lighting data asset ‘LightingData’ is inconsistent because 97 files out of 484 are missing. Please use Generate Lighting to rebuild the lighting data.
 -> (artifact id: '67d38a71bbb63aa6ed2dd60569db5286') in 0.132188 seconds 
========================================================================
Received Import Request.
  Time since last request: 0.000252 seconds.
  path: Assets/SFLCK_2/Scenes/Demo_1/Lightmap-3_comp_dir.png
  artifactKey: Guid(5f35ae1ad0fcab6438a02ef2765e888b) Importer(815301076,1909f56bfc062723c751e8b465ee728b)
Start importing Assets/SFLCK_2/Scenes/Demo_1/Lightmap-3_comp_dir.png using Guid(5f35ae1ad0fcab6438a02ef2765e888b) Importer(815301076,1909f56bfc062723c751e8b465ee728b)  -> (artifact id: 'bef4115cb17ae8cd418563e3d3edfb23') in 0.046222 seconds 
========================================================================
Received Import Request.
  Time since last request: 0.000553 seconds.
  path: Assets/SFLCK_2/Scenes/Demo_1/Lightmap-4_comp_light.exr
  artifactKey: Guid(8ec9ecc56b6b58e49a50c8359876b9a3) Importer(815301076,1909f56bfc062723c751e8b465ee728b)
Start importing Assets/SFLCK_2/Scenes/Demo_1/Lightmap-4_comp_light.exr using Guid(8ec9ecc56b6b58e49a50c8359876b9a3) Importer(815301076,1909f56bfc062723c751e8b465ee728b)  -> (artifact id: '7d0c8d40bd25cdc3e656e4ce3d68cc1b') in 0.051446 seconds 
========================================================================
Received Import Request.
  Time since last request: 0.000516 seconds.
  path: Assets/SFLCK_2/Scenes/Demo_1/OcclusionCullingData.asset
  artifactKey: Guid(989bb32a2d57742459e68bcc5c73daea) Importer(815301076,1909f56bfc062723c751e8b465ee728b)
Start importing Assets/SFLCK_2/Scenes/Demo_1/OcclusionCullingData.asset using Guid(989bb32a2d57742459e68bcc5c73daea) Importer(815301076,1909f56bfc062723c751e8b465ee728b)  -> (artifact id: '5fbfa3b7f54d8db8cd84de0de61ecb46') in 0.023731 seconds 
========================================================================
Received Import Request.
  Time since last request: 0.000306 seconds.
  path: Assets/SFLCK_2/Scenes/Demo_1/ReflectionProbe-1.exr
  artifactKey: Guid(6e2e1f7027009d949823cea776355c69) Importer(815301076,1909f56bfc062723c751e8b465ee728b)
Start importing Assets/SFLCK_2/Scenes/Demo_1/ReflectionProbe-1.exr using Guid(6e2e1f7027009d949823cea776355c69) Importer(815301076,1909f56bfc062723c751e8b465ee728b)  -> (artifact id: 'd967e5e91f2cd90d9a12c007d9968bbb') in 0.038299 seconds 
========================================================================
Received Import Request.
  Time since last request: 0.000460 seconds.
  path: Assets/SFLCK_2/Scenes/Demo_1/Lightmap-1_comp_light.exr
  artifactKey: Guid(ca2438894ad9b2e4db38195087bb7b43) Importer(815301076,1909f56bfc062723c751e8b465ee728b)
Start importing Assets/SFLCK_2/Scenes/Demo_1/Lightmap-1_comp_light.exr using Guid(ca2438894ad9b2e4db38195087bb7b43) Importer(815301076,1909f56bfc062723c751e8b465ee728b)  -> (artifact id: '1eaa93bfffccb9cbb49ade4ee590de5b') in 0.044511 seconds 
========================================================================
Received Import Request.
  Time since last request: 0.000468 seconds.
  path: Assets/SFLCK_2/Scenes/Demo_1/ReflectionProbe-11.exr
  artifactKey: Guid(1a6f99b05c6ffca4bb8206ef283d8e85) Importer(815301076,1909f56bfc062723c751e8b465ee728b)
Start importing Assets/SFLCK_2/Scenes/Demo_1/ReflectionProbe-11.exr using Guid(1a6f99b05c6ffca4bb8206ef283d8e85) Importer(815301076,1909f56bfc062723c751e8b465ee728b)  -> (artifact id: 'a4a81d7b8ae176d84a203da893836786') in 0.033825 seconds 
========================================================================
Received Import Request.
  Time since last request: 0.000476 seconds.
  path: Assets/SFLCK_2/Scenes/Demo_1/ReflectionProbe-0.exr
  artifactKey: Guid(87c12505ce8f2cd4d90d7e1055cd078f) Importer(815301076,1909f56bfc062723c751e8b465ee728b)
Start importing Assets/SFLCK_2/Scenes/Demo_1/ReflectionProbe-0.exr using Guid(87c12505ce8f2cd4d90d7e1055cd078f) Importer(815301076,1909f56bfc062723c751e8b465ee728b)  -> (artifact id: '42093bd17b4bdb2d1abc225aebee2ed4') in 0.036190 seconds 
========================================================================
Received Import Request.
  Time since last request: 0.000463 seconds.
  path: Assets/SFLCK_2/Scenes/Demo_1/Lightmap-2_comp_light.exr
  artifactKey: Guid(3544f6b9e7f2e8141abd274a729aefa7) Importer(815301076,1909f56bfc062723c751e8b465ee728b)
Start importing Assets/SFLCK_2/Scenes/Demo_1/Lightmap-2_comp_light.exr using Guid(3544f6b9e7f2e8141abd274a729aefa7) Importer(815301076,1909f56bfc062723c751e8b465ee728b)  -> (artifact id: '4f182ce996d1faff027a1023e30318d9') in 0.036017 seconds 
========================================================================
Received Import Request.
  Time since last request: 0.000381 seconds.
  path: Assets/SFLCK_2/Scenes/Demo_1/ReflectionProbe-3.exr
  artifactKey: Guid(19483866b0fa8e94793d6d494f1afaac) Importer(815301076,1909f56bfc062723c751e8b465ee728b)
Start importing Assets/SFLCK_2/Scenes/Demo_1/ReflectionProbe-3.exr using Guid(19483866b0fa8e94793d6d494f1afaac) Importer(815301076,1909f56bfc062723c751e8b465ee728b)  -> (artifact id: '93b5eebed82c5adb563962264bfddbd5') in 0.031080 seconds 
========================================================================
Received Import Request.
  Time since last request: 0.000271 seconds.
  path: Assets/SFLCK_2/Scenes/Demo_1/ReflectionProbe-4.exr
  artifactKey: Guid(9465e3d955512a84fb76b93b52a053df) Importer(815301076,1909f56bfc062723c751e8b465ee728b)
Start importing Assets/SFLCK_2/Scenes/Demo_1/ReflectionProbe-4.exr using Guid(9465e3d955512a84fb76b93b52a053df) Importer(815301076,1909f56bfc062723c751e8b465ee728b)  -> (artifact id: '0d29ea48280f1a6180c7241092f9f105') in 0.029537 seconds 
========================================================================
Received Import Request.
  Time since last request: 0.000243 seconds.
  path: Assets/SFLCK_2/Scenes/Demo_1/ReflectionProbe-5.exr
  artifactKey: Guid(7b1c288104902974589d8e0a09fc74ff) Importer(815301076,1909f56bfc062723c751e8b465ee728b)
Start importing Assets/SFLCK_2/Scenes/Demo_1/ReflectionProbe-5.exr using Guid(7b1c288104902974589d8e0a09fc74ff) Importer(815301076,1909f56bfc062723c751e8b465ee728b)  -> (artifact id: '8da65325cb25b4bd0820b5039c9f313b') in 0.034143 seconds 
========================================================================
Received Import Request.
  Time since last request: 0.000352 seconds.
  path: Assets/SFLCK_2/Scenes/Demo_1/ReflectionProbe-7.exr
  artifactKey: Guid(ea38c1bfa46bf5240b95bb7a479d7f90) Importer(815301076,1909f56bfc062723c751e8b465ee728b)
Start importing Assets/SFLCK_2/Scenes/Demo_1/ReflectionProbe-7.exr using Guid(ea38c1bfa46bf5240b95bb7a479d7f90) Importer(815301076,1909f56bfc062723c751e8b465ee728b)  -> (artifact id: 'b03203f105fe1336b515fb340968f7d8') in 0.036995 seconds 
========================================================================
Received Import Request.
  Time since last request: 0.000421 seconds.
  path: Assets/SFLCK_2/Scenes/Demo_1/ReflectionProbe-12.exr
  artifactKey: Guid(a1f3dbd6ffb5f9d4a91c339279932831) Importer(815301076,1909f56bfc062723c751e8b465ee728b)
Start importing Assets/SFLCK_2/Scenes/Demo_1/ReflectionProbe-12.exr using Guid(a1f3dbd6ffb5f9d4a91c339279932831) Importer(815301076,1909f56bfc062723c751e8b465ee728b)  -> (artifact id: 'dc4c426cf7ea6a47061de98a032265a1') in 0.030531 seconds 
========================================================================
Received Import Request.
  Time since last request: 0.000267 seconds.
  path: Assets/SFLCK_2/Scenes/Demo_1/ReflectionProbe-10.exr
  artifactKey: Guid(878d410d21823e74c8ef4728b45c7c70) Importer(815301076,1909f56bfc062723c751e8b465ee728b)
Start importing Assets/SFLCK_2/Scenes/Demo_1/ReflectionProbe-10.exr using Guid(878d410d21823e74c8ef4728b45c7c70) Importer(815301076,1909f56bfc062723c751e8b465ee728b)  -> (artifact id: 'd17a6739b9e00a23dfeb12e2e194d5c4') in 0.031265 seconds 
========================================================================
Received Import Request.
  Time since last request: 0.000439 seconds.
  path: Assets/SFLCK_2/Scenes/Demo_1/Lightmap-6_comp_light.exr
  artifactKey: Guid(e172776a1975093408268e4cd0996068) Importer(815301076,1909f56bfc062723c751e8b465ee728b)
Start importing Assets/SFLCK_2/Scenes/Demo_1/Lightmap-6_comp_light.exr using Guid(e172776a1975093408268e4cd0996068) Importer(815301076,1909f56bfc062723c751e8b465ee728b)  -> (artifact id: '095d0f53f746012a58102a6419ca79b2') in 0.038656 seconds 
========================================================================
Received Import Request.
  Time since last request: 0.000500 seconds.
  path: Assets/SFLCK_2/Scenes/Demo_1/Lightmap-3_comp_light.exr
  artifactKey: Guid(33f5c4f7d03394840841bfd51530d524) Importer(815301076,1909f56bfc062723c751e8b465ee728b)
Start importing Assets/SFLCK_2/Scenes/Demo_1/Lightmap-3_comp_light.exr using Guid(33f5c4f7d03394840841bfd51530d524) Importer(815301076,1909f56bfc062723c751e8b465ee728b)  -> (artifact id: '4f6c4117aaae8cddb822cddda2acf011') in 0.037317 seconds 
========================================================================
Received Import Request.
  Time since last request: 0.000390 seconds.
  path: Assets/SFLCK_2/Scenes/Demo_1/Lightmap-2_comp_dir.png
  artifactKey: Guid(00c1b925a336fc74ca064e5344be3bc8) Importer(815301076,1909f56bfc062723c751e8b465ee728b)
Start importing Assets/SFLCK_2/Scenes/Demo_1/Lightmap-2_comp_dir.png using Guid(00c1b925a336fc74ca064e5344be3bc8) Importer(815301076,1909f56bfc062723c751e8b465ee728b)  -> (artifact id: '22b74633c6d37f1d01cc4d3e685ef766') in 0.033504 seconds 
========================================================================
Received Import Request.
  Time since last request: 0.000531 seconds.
  path: Assets/SFLCK_2/Scenes/Demo_1/Lightmap-1_comp_dir.png
  artifactKey: Guid(a7c2c886314c4b340bb24207ae2e8c6c) Importer(815301076,1909f56bfc062723c751e8b465ee728b)
Start importing Assets/SFLCK_2/Scenes/Demo_1/Lightmap-1_comp_dir.png using Guid(a7c2c886314c4b340bb24207ae2e8c6c) Importer(815301076,1909f56bfc062723c751e8b465ee728b)  -> (artifact id: '05c3f12d92398665a50c1e7103f3fdd3') in 0.032542 seconds 
========================================================================
Received Import Request.
  Time since last request: 0.000370 seconds.
  path: Assets/SFLCK_2/Scenes/Demo_1/Lightmap-4_comp_dir.png
  artifactKey: Guid(3145d87a742d2284391650310df255d9) Importer(815301076,1909f56bfc062723c751e8b465ee728b)
Start importing Assets/SFLCK_2/Scenes/Demo_1/Lightmap-4_comp_dir.png using Guid(3145d87a742d2284391650310df255d9) Importer(815301076,1909f56bfc062723c751e8b465ee728b)  -> (artifact id: '3a1725d598aa916d7a2d529bd411e679') in 0.033984 seconds 
========================================================================
Received Import Request.
  Time since last request: 0.000259 seconds.
  path: Assets/SFLCK_2/Scenes/Demo_1/ReflectionProbe-9.exr
  artifactKey: Guid(8da25af5dfcdf2d4a916ab2639d77424) Importer(815301076,1909f56bfc062723c751e8b465ee728b)
Start importing Assets/SFLCK_2/Scenes/Demo_1/ReflectionProbe-9.exr using Guid(8da25af5dfcdf2d4a916ab2639d77424) Importer(815301076,1909f56bfc062723c751e8b465ee728b)  -> (artifact id: '896e3a45edf0778f958c94bc41dadca0') in 0.032489 seconds 
========================================================================
Received Import Request.
  Time since last request: 0.000269 seconds.
  path: Assets/SFLCK_2/Scenes/Demo_1/ReflectionProbe-6.exr
  artifactKey: Guid(42d7f1f090805d44bbe9e3094542e513) Importer(815301076,1909f56bfc062723c751e8b465ee728b)
Start importing Assets/SFLCK_2/Scenes/Demo_1/ReflectionProbe-6.exr using Guid(42d7f1f090805d44bbe9e3094542e513) Importer(815301076,1909f56bfc062723c751e8b465ee728b)  -> (artifact id: '34ed74fe986e51861b7c08094fe6b531') in 0.032368 seconds 
========================================================================
Received Import Request.
  Time since last request: 0.000318 seconds.
  path: Assets/SFLCK_2/Scenes/Demo_1/ReflectionProbe-2.exr
  artifactKey: Guid(3417296025b44c842a940cfd2b510ba6) Importer(815301076,1909f56bfc062723c751e8b465ee728b)
Start importing Assets/SFLCK_2/Scenes/Demo_1/ReflectionProbe-2.exr using Guid(3417296025b44c842a940cfd2b510ba6) Importer(815301076,1909f56bfc062723c751e8b465ee728b)  -> (artifact id: '35faebdad789691220084abb7a2471a7') in 0.032052 seconds 
========================================================================
Received Import Request.
  Time since last request: 0.000456 seconds.
  path: Assets/SFLCK_2/Scenes/Demo_1/Lightmap-6_comp_dir.png
  artifactKey: Guid(084511f18329bd5449b4c28d3b0ac687) Importer(815301076,1909f56bfc062723c751e8b465ee728b)
Start importing Assets/SFLCK_2/Scenes/Demo_1/Lightmap-6_comp_dir.png using Guid(084511f18329bd5449b4c28d3b0ac687) Importer(815301076,1909f56bfc062723c751e8b465ee728b)  -> (artifact id: '3cc4e8bd18c3210255a556d74a7044ef') in 0.033298 seconds 
========================================================================
Received Import Request.
  Time since last request: 0.000244 seconds.
  path: Assets/SFLCK_2/Scenes/Demo_1/Lightmap-0_comp_dir.png
  artifactKey: Guid(8d951bba4c6b7b74e86854b0f226858a) Importer(815301076,1909f56bfc062723c751e8b465ee728b)
Start importing Assets/SFLCK_2/Scenes/Demo_1/Lightmap-0_comp_dir.png using Guid(8d951bba4c6b7b74e86854b0f226858a) Importer(815301076,1909f56bfc062723c751e8b465ee728b)  -> (artifact id: '6ba495c601f94cdce6dc22d34f001946') in 0.030461 seconds 
========================================================================
Received Import Request.
  Time since last request: 0.000413 seconds.
  path: Assets/SFLCK_2/Scenes/Demo_1/Lightmap-5_comp_light.exr
  artifactKey: Guid(fe81a60a8ac076b43b5fa9db0114b379) Importer(815301076,1909f56bfc062723c751e8b465ee728b)
Start importing Assets/SFLCK_2/Scenes/Demo_1/Lightmap-5_comp_light.exr using Guid(fe81a60a8ac076b43b5fa9db0114b379) Importer(815301076,1909f56bfc062723c751e8b465ee728b)  -> (artifact id: '31031d1d5a097a7c865d576f9c50ae6d') in 0.034736 seconds 
========================================================================
Received Import Request.
  Time since last request: 0.000396 seconds.
  path: Assets/SFLCK_2/Scenes/Demo_1/Lightmap-5_comp_dir.png
  artifactKey: Guid(f163db0aacaf931429dfb8ff4cf04796) Importer(815301076,1909f56bfc062723c751e8b465ee728b)
Start importing Assets/SFLCK_2/Scenes/Demo_1/Lightmap-5_comp_dir.png using Guid(f163db0aacaf931429dfb8ff4cf04796) Importer(815301076,1909f56bfc062723c751e8b465ee728b)  -> (artifact id: '43f86f0efa4a9ed55e5f604b020d4965') in 0.033166 seconds 
========================================================================
Received Import Request.
  Time since last request: 0.000385 seconds.
  path: Assets/SFLCK_2/Scenes/Demo_1/Lightmap-0_comp_light.exr
  artifactKey: Guid(2eab1cd9328637e44b2136862ae2f6d2) Importer(815301076,1909f56bfc062723c751e8b465ee728b)
Start importing Assets/SFLCK_2/Scenes/Demo_1/Lightmap-0_comp_light.exr using Guid(2eab1cd9328637e44b2136862ae2f6d2) Importer(815301076,1909f56bfc062723c751e8b465ee728b)  -> (artifact id: 'd08f2631dd2bf6703e586be8261252eb') in 0.033067 seconds 
========================================================================
Received Import Request.
  Time since last request: 0.000358 seconds.
  path: Assets/SFLCK_2/Scenes/Demo_1/ReflectionProbe-8.exr
  artifactKey: Guid(37f5d3aceb0b38a4a8c8f384ce07e8d5) Importer(815301076,1909f56bfc062723c751e8b465ee728b)
Start importing Assets/SFLCK_2/Scenes/Demo_1/ReflectionProbe-8.exr using Guid(37f5d3aceb0b38a4a8c8f384ce07e8d5) Importer(815301076,1909f56bfc062723c751e8b465ee728b)  -> (artifact id: 'abe4ea835fddea223f256d8e1fbe2df5') in 0.030174 seconds 
========================================================================
Received Import Request.
  Time since last request: 66.286669 seconds.
  path: Assets/SFLCK_2/Doors
  artifactKey: Guid(3e30fb8a12e1a1a4b824bd3b5da65ace) Importer(815301076,1909f56bfc062723c751e8b465ee728b)
Start importing Assets/SFLCK_2/Doors using Guid(3e30fb8a12e1a1a4b824bd3b5da65ace) Importer(815301076,1909f56bfc062723c751e8b465ee728b)  -> (artifact id: '45dde2d04a2dbfae9277a223b64caedb') in 0.031689 seconds 
========================================================================
Received Import Request.
  Time since last request: 0.248174 seconds.
  path: Assets/SFLCK_2/Doors/Door_1_L.FBX
  artifactKey: Guid(f1a43410b6955414193cd47904a47607) Importer(815301076,1909f56bfc062723c751e8b465ee728b)
Start importing Assets/SFLCK_2/Doors/Door_1_L.FBX using Guid(f1a43410b6955414193cd47904a47607) Importer(815301076,1909f56bfc062723c751e8b465ee728b)  -> (artifact id: 'c0f29de14b6e66a691b85bc2b994756e') in 0.093998 seconds 
========================================================================
Received Import Request.
  Time since last request: 0.000385 seconds.
  path: Assets/SFLCK_2/Doors/Door_7_L.FBX
  artifactKey: Guid(13ef297e8b3852b48b710f73c9376266) Importer(815301076,1909f56bfc062723c751e8b465ee728b)
Start importing Assets/SFLCK_2/Doors/Door_7_L.FBX using Guid(13ef297e8b3852b48b710f73c9376266) Importer(815301076,1909f56bfc062723c751e8b465ee728b)  -> (artifact id: '227647cd570422f0b79b71e4b5a02882') in 0.053079 seconds 
========================================================================
Received Import Request.
  Time since last request: 0.000291 seconds.
  path: Assets/SFLCK_2/Doors/Door_4.FBX
  artifactKey: Guid(facec33aa121f5f4db3da910be12d0a9) Importer(815301076,1909f56bfc062723c751e8b465ee728b)
Start importing Assets/SFLCK_2/Doors/Door_4.FBX using Guid(facec33aa121f5f4db3da910be12d0a9) Importer(815301076,1909f56bfc062723c751e8b465ee728b)  -> (artifact id: '9ba690259b3d1914661dd9cb242eac45') in 0.035202 seconds 
========================================================================
Received Import Request.
  Time since last request: 0.000248 seconds.
  path: Assets/SFLCK_2/Doors/Door_2_L.FBX
  artifactKey: Guid(fbc18ba523b98a44c916c12300579cd5) Importer(815301076,1909f56bfc062723c751e8b465ee728b)
Start importing Assets/SFLCK_2/Doors/Door_2_L.FBX using Guid(fbc18ba523b98a44c916c12300579cd5) Importer(815301076,1909f56bfc062723c751e8b465ee728b)  -> (artifact id: 'f55814e1f5d22fa0b879018d3acccc84') in 0.054606 seconds 
========================================================================
Received Import Request.
  Time since last request: 0.000284 seconds.
  path: Assets/SFLCK_2/Doors/Door_5_L.FBX
  artifactKey: Guid(c5898841562353144ad0d3096b045117) Importer(815301076,1909f56bfc062723c751e8b465ee728b)
Start importing Assets/SFLCK_2/Doors/Door_5_L.FBX using Guid(c5898841562353144ad0d3096b045117) Importer(815301076,1909f56bfc062723c751e8b465ee728b)  -> (artifact id: 'e6f23bf4706912bdc54ea4f89a699eb5') in 0.049446 seconds 
========================================================================
Received Import Request.
  Time since last request: 0.000238 seconds.
  path: Assets/SFLCK_2/Doors/Door_3.FBX
  artifactKey: Guid(f996c725cb5a8ff49832a5dbbce58c0f) Importer(815301076,1909f56bfc062723c751e8b465ee728b)
Start importing Assets/SFLCK_2/Doors/Door_3.FBX using Guid(f996c725cb5a8ff49832a5dbbce58c0f) Importer(815301076,1909f56bfc062723c751e8b465ee728b)  -> (artifact id: '7520db02d4f4f19d0c92bff962d21b2f') in 0.032966 seconds 
========================================================================
Received Import Request.
  Time since last request: 0.000288 seconds.
  path: Assets/SFLCK_2/Doors/Door_6_L.FBX
  artifactKey: Guid(90f8462ebfcd1364880c72f2d04ae351) Importer(815301076,1909f56bfc062723c751e8b465ee728b)
Start importing Assets/SFLCK_2/Doors/Door_6_L.FBX using Guid(90f8462ebfcd1364880c72f2d04ae351) Importer(815301076,1909f56bfc062723c751e8b465ee728b)  -> (artifact id: 'd62cf169a267ffe34bc8d89a6ea83d7c') in 0.051059 seconds 
========================================================================
Received Import Request.
  Time since last request: 1.816531 seconds.
  path: Assets/SFLCK_2/Doors/Textures
  artifactKey: Guid(2ccd4faf67c8ef743af3f106882647ad) Importer(815301076,1909f56bfc062723c751e8b465ee728b)
Start importing Assets/SFLCK_2/Doors/Textures using Guid(2ccd4faf67c8ef743af3f106882647ad) Importer(815301076,1909f56bfc062723c751e8b465ee728b)  -> (artifact id: '8255449c6627d4d34e1462e71faf96b7') in 0.021788 seconds 
========================================================================
Received Import Request.
  Time since last request: 0.050670 seconds.
  path: Assets/SFLCK_2/Doors/Textures/Door_DIF.tga
  artifactKey: Guid(0d261858e9630a7499651ecc5e85d475) Importer(815301076,1909f56bfc062723c751e8b465ee728b)
Start importing Assets/SFLCK_2/Doors/Textures/Door_DIF.tga using Guid(0d261858e9630a7499651ecc5e85d475) Importer(815301076,1909f56bfc062723c751e8b465ee728b)  -> (artifact id: 'ac20e15a75dc926c3dbfef65ac25e623') in 0.032330 seconds 
========================================================================
Received Import Request.
  Time since last request: 0.000318 seconds.
  path: Assets/SFLCK_2/Doors/Textures/Door_Glass_DIF.tga
  artifactKey: Guid(1643a30528c6ecd499f56878b12c58df) Importer(815301076,1909f56bfc062723c751e8b465ee728b)
Start importing Assets/SFLCK_2/Doors/Textures/Door_Glass_DIF.tga using Guid(1643a30528c6ecd499f56878b12c58df) Importer(815301076,1909f56bfc062723c751e8b465ee728b)  -> (artifact id: 'f86666baef34223f5578ff64a55ea22b') in 0.028003 seconds 
========================================================================
Received Import Request.
  Time since last request: 0.000467 seconds.
  path: Assets/SFLCK_2/Doors/Textures/Door_NM.tga
  artifactKey: Guid(bd5b1008708cc164a936df86ded7c07a) Importer(815301076,1909f56bfc062723c751e8b465ee728b)
Start importing Assets/SFLCK_2/Doors/Textures/Door_NM.tga using Guid(bd5b1008708cc164a936df86ded7c07a) Importer(815301076,1909f56bfc062723c751e8b465ee728b)  -> (artifact id: 'f23ecb04e41831efcedf7053c398918b') in 0.029361 seconds 
========================================================================
Received Import Request.
  Time since last request: 0.000444 seconds.
  path: Assets/SFLCK_2/Doors/Textures/Door_SPEC.tga
  artifactKey: Guid(f227ebf083baa6a40ba47c14c14cc0d8) Importer(815301076,1909f56bfc062723c751e8b465ee728b)
Start importing Assets/SFLCK_2/Doors/Textures/Door_SPEC.tga using Guid(f227ebf083baa6a40ba47c14c14cc0d8) Importer(815301076,1909f56bfc062723c751e8b465ee728b)  -> (artifact id: 'd62ce14906e258deb13412925d91e883') in 0.029698 seconds 
========================================================================
Received Import Request.
  Time since last request: 45.242652 seconds.
  path: Packages/com.unity.probuilder/package.json
  artifactKey: Guid(7958ca6fdf895ca498c5fab155f0b0f1) Importer(815301076,1909f56bfc062723c751e8b465ee728b)
Start importing Packages/com.unity.probuilder/package.json using Guid(7958ca6fdf895ca498c5fab155f0b0f1) Importer(815301076,1909f56bfc062723c751e8b465ee728b)  -> (artifact id: 'ddc2eb81b3e3b1562e19af0d77528df3') in 0.022391 seconds 
========================================================================
Received Prepare
Registering precompiled user dll's ...
Registered in 0.012383 seconds.
Begin MonoManager ReloadAssembly
Native extension for WindowsStandalone target not found
Native extension for WebGL target not found
Refreshing native plugins compatible for Editor in 1.55 ms, found 2 plugins.
Preloading 0 native plugins for Editor in 0.00 ms.
Mono: successfully reloaded assembly
- Completed reload, in  3.519 seconds
Domain Reload Profiling:
	ReloadAssembly (3520ms)
		BeginReloadAssembly (299ms)
			ExecutionOrderSort (0ms)
			DisableScriptedObjects (8ms)
			BackupInstance (0ms)
			ReleaseScriptingObjects (0ms)
			CreateAndSetChildDomain (78ms)
		EndReloadAssembly (3089ms)
			LoadAssemblies (301ms)
			RebuildTransferFunctionScriptingTraits (0ms)
			SetupTypeCache (756ms)
			ReleaseScriptCaches (7ms)
			RebuildScriptCaches (158ms)
			SetupLoadedEditorAssemblies (1724ms)
				LogAssemblyErrors (0ms)
				InitializePlatformSupportModulesInManaged (10ms)
				SetLoadedEditorAssemblies (1ms)
				RefreshPlugins (2ms)
				BeforeProcessingInitializeOnLoad (193ms)
				ProcessInitializeOnLoadAttributes (1490ms)
				ProcessInitializeOnLoadMethodAttributes (18ms)
				AfterProcessingInitializeOnLoad (9ms)
				EditorAssembliesLoaded (0ms)
			ExecutionOrderSort2 (0ms)
			AwakeInstancesAfterBackupRestoration (4ms)
Platform modules already initialized, skipping
Refreshing native plugins compatible for Editor in 1.58 ms, found 2 plugins.
Preloading 0 native plugins for Editor in 0.00 ms.
Unloading 3621 Unused Serialized files (Serialized files now loaded: 0)
System memory in use before: 259.2 MB.
System memory in use after: 259.4 MB.

Unloading 169 unused Assets to reduce memory usage. Loaded Objects now: 4440.
Total: 6.115900 ms (FindLiveObjects: 0.369300 ms CreateObjectMapping: 0.149000 ms MarkObjects: 5.501700 ms  DeleteObjects: 0.094400 ms)

AssetImportParameters requested are different than current active one (requested -> active):
  custom:framework-win-MediaFoundation: 216162199b28c13a410421893ffa2e32 -> 
  custom:video-decoder-ogg-theora: a1e56fd34408186e4bbccfd4996cb3dc -> 
  custom:container-muxer-webm: aa71ff27fc2769a1b78a27578f13a17b -> 
  custom:container-demuxer-webm: 4f35f7cbe854078d1ac9338744f61a02 -> 
  custom:container-demuxer-ogg: 62fdf1f143b41e24485cea50d1cbac27 -> 
  custom:video-encoder-webm-vp8: eb34c28f22e8b96e1ab97ce403110664 -> 
  custom:video-codec-MediaFoundation-h265: 746d11721c4dcdbdad8f713fa42b33f4 -> 
  custom:video-decoder-webm-vp8: 9c59270c3fd7afecdb556c50c9e8de78 -> 
  custom:audio-decoder-ogg-vorbis: bf7c407c2cedff20999df2af8eb42d56 -> 
  custom:audio-encoder-webm-vorbis: bf7c407c2cedff20999df2af8eb42d56 -> 
========================================================================
Received Import Request.
  Time since last request: 188.155086 seconds.
  path: Packages/com.unity.searcher/package.json
  artifactKey: Guid(86b0e09d2fd75564f90fbc601e1eec6b) Importer(815301076,1909f56bfc062723c751e8b465ee728b)
Start importing Packages/com.unity.searcher/package.json using Guid(86b0e09d2fd75564f90fbc601e1eec6b) Importer(815301076,1909f56bfc062723c751e8b465ee728b)  -> (artifact id: 'f40ca3253b0937e2d3827d7399bed3ab') in 0.026980 seconds 
========================================================================
Received Import Request.
  Time since last request: 2.169410 seconds.
  path: Packages/com.unity.ext.nunit/package.json
  artifactKey: Guid(8143d3a8390f2c64685e3bc272bd9e90) Importer(815301076,1909f56bfc062723c751e8b465ee728b)
Start importing Packages/com.unity.ext.nunit/package.json using Guid(8143d3a8390f2c64685e3bc272bd9e90) Importer(815301076,1909f56bfc062723c751e8b465ee728b)  -> (artifact id: '36f449bd9ed4a92e06d659da724da745') in 0.005897 seconds 
========================================================================
Received Import Request.
  Time since last request: 0.638693 seconds.
  path: Packages/com.unity.render-pipelines.core/package.json
  artifactKey: Guid(753d1ac2429a21a44ac5f937cbbb409f) Importer(815301076,1909f56bfc062723c751e8b465ee728b)
Start importing Packages/com.unity.render-pipelines.core/package.json using Guid(753d1ac2429a21a44ac5f937cbbb409f) Importer(815301076,1909f56bfc062723c751e8b465ee728b)  -> (artifact id: 'e5479e15b6c5151d91ca5fe360cb9c81') in 0.006130 seconds 
========================================================================
Received Import Request.
  Time since last request: 2.156610 seconds.
  path: Packages/com.unity.animation.rigging/package.json
  artifactKey: Guid(f0b9721a4b1f95d4fada62c05f986049) Importer(815301076,1909f56bfc062723c751e8b465ee728b)
Start importing Packages/com.unity.animation.rigging/package.json using Guid(f0b9721a4b1f95d4fada62c05f986049) Importer(815301076,1909f56bfc062723c751e8b465ee728b)  -> (artifact id: '9c2b00e87a16f4a940afcf554b5d68c7') in 0.004972 seconds 
========================================================================
Received Import Request.
  Time since last request: 1.419526 seconds.
  path: Packages/com.unity.2d.sprite/package.json
  artifactKey: Guid(7dc5f1e5d04ac8549ac21802071e983b) Importer(815301076,1909f56bfc062723c751e8b465ee728b)
Start importing Packages/com.unity.2d.sprite/package.json using Guid(7dc5f1e5d04ac8549ac21802071e983b) Importer(815301076,1909f56bfc062723c751e8b465ee728b)  -> (artifact id: 'ff87128bdf6981a9843158b29f26b2df') in 0.005470 seconds 
========================================================================
Received Import Request.
  Time since last request: 4.096085 seconds.
  path: Packages/com.unity.visualeffectgraph/package.json
  artifactKey: Guid(6f8f5c087a5cb4bd19c1e4898d57e453) Importer(815301076,1909f56bfc062723c751e8b465ee728b)
Start importing Packages/com.unity.visualeffectgraph/package.json using Guid(6f8f5c087a5cb4bd19c1e4898d57e453) Importer(815301076,1909f56bfc062723c751e8b465ee728b)  -> (artifact id: 'f29c09dca7ec1c2c70cff0a34a0914e0') in 0.008073 seconds 
========================================================================
Received Import Request.
  Time since last request: 0.000579 seconds.
  path: Packages/com.unity.visualeffectgraph/Unity.VisualEffectGraph.Runtime.asmdef
  artifactKey: Guid(d04eb9c554ad44ceab303cecf0c0cf82) Importer(815301076,1909f56bfc062723c751e8b465ee728b)
Start importing Packages/com.unity.visualeffectgraph/Unity.VisualEffectGraph.Runtime.asmdef using Guid(d04eb9c554ad44ceab303cecf0c0cf82) Importer(815301076,1909f56bfc062723c751e8b465ee728b)  -> (artifact id: '63a8c0d09fc23750b5776531514b766b') in 0.026135 seconds 
========================================================================
Received Import Request.
  Time since last request: 6.225937 seconds.
  path: Packages/com.unity.visualeffectgraph/Tests
  artifactKey: Guid(c8377387c5ce3b545ab1e065ace15610) Importer(815301076,1909f56bfc062723c751e8b465ee728b)
Start importing Packages/com.unity.visualeffectgraph/Tests using Guid(c8377387c5ce3b545ab1e065ace15610) Importer(815301076,1909f56bfc062723c751e8b465ee728b)  -> (artifact id: '8c9f40a03a9b1bd773b78b7494762357') in 0.019333 seconds 
========================================================================
Received Import Request.
  Time since last request: 2.910766 seconds.
  path: Packages/com.unity.visualeffectgraph/Editor
  artifactKey: Guid(baa7d31b433687e47b8fbd702a03f7a7) Importer(815301076,1909f56bfc062723c751e8b465ee728b)
Start importing Packages/com.unity.visualeffectgraph/Editor using Guid(baa7d31b433687e47b8fbd702a03f7a7) Importer(815301076,1909f56bfc062723c751e8b465ee728b)  -> (artifact id: '1fca2d43bb09801f921053267f499532') in 0.007211 seconds 
========================================================================
Received Import Request.
  Time since last request: 0.077083 seconds.
  path: Packages/com.unity.visualeffectgraph/Editor/Unity.VisualEffectGraph.Editor.asmdef
  artifactKey: Guid(116a4d4dbf5c04973bbf517077a062a1) Importer(815301076,1909f56bfc062723c751e8b465ee728b)
Start importing Packages/com.unity.visualeffectgraph/Editor/Unity.VisualEffectGraph.Editor.asmdef using Guid(116a4d4dbf5c04973bbf517077a062a1) Importer(815301076,1909f56bfc062723c751e8b465ee728b)  -> (artifact id: '666837f7672fb790c3bb2f070d669580') in 0.021860 seconds 
========================================================================
Received Import Request.
  Time since last request: 7.034855 seconds.
  path: Packages/com.unity.visualeffectgraph/Meshes
  artifactKey: Guid(b64020b68f4f19b40b965b14f9ff2a6b) Importer(815301076,1909f56bfc062723c751e8b465ee728b)
Start importing Packages/com.unity.visualeffectgraph/Meshes using Guid(b64020b68f4f19b40b965b14f9ff2a6b) Importer(815301076,1909f56bfc062723c751e8b465ee728b)  -> (artifact id: '834b2d29279e8bfce9cd38b9bc37b6cd') in 0.026608 seconds 
========================================================================
Received Import Request.
  Time since last request: 0.065519 seconds.
  path: Packages/com.unity.visualeffectgraph/Meshes/Hexagon.mesh
  artifactKey: Guid(5813e7dad85d21748a1abefe92420737) Importer(815301076,1909f56bfc062723c751e8b465ee728b)
Start importing Packages/com.unity.visualeffectgraph/Meshes/Hexagon.mesh using Guid(5813e7dad85d21748a1abefe92420737) Importer(815301076,1909f56bfc062723c751e8b465ee728b)  -> (artifact id: 'a41a4ed64b371c70cd6af35932533fa7') in 0.061423 seconds 
========================================================================
Received Import Request.
  Time since last request: 0.000425 seconds.
  path: Packages/com.unity.visualeffectgraph/Meshes/Octagon.mesh
  artifactKey: Guid(71ccc660ddd123e478c0655a1cc5e6df) Importer(815301076,1909f56bfc062723c751e8b465ee728b)
Start importing Packages/com.unity.visualeffectgraph/Meshes/Octagon.mesh using Guid(71ccc660ddd123e478c0655a1cc5e6df) Importer(815301076,1909f56bfc062723c751e8b465ee728b)  -> (artifact id: '3d5b75eea7d795c34714fd88987307d8') in 0.037971 seconds 
========================================================================
Received Import Request.
  Time since last request: 0.000432 seconds.
  path: Packages/com.unity.visualeffectgraph/Meshes/Triangle.mesh
  artifactKey: Guid(f4d22fb77437608439f0bac189718c42) Importer(815301076,1909f56bfc062723c751e8b465ee728b)
Start importing Packages/com.unity.visualeffectgraph/Meshes/Triangle.mesh using Guid(f4d22fb77437608439f0bac189718c42) Importer(815301076,1909f56bfc062723c751e8b465ee728b)  -> (artifact id: '82ac11078ce389e47ba44760476d7ad6') in 0.037154 seconds 
========================================================================
Received Import Request.
  Time since last request: 6.816050 seconds.
  path: Packages/com.unity.visualeffectgraph/LICENSE.md
  artifactKey: Guid(ecc21607d5a8adc4581c57b3773e169a) Importer(815301076,1909f56bfc062723c751e8b465ee728b)
Start importing Packages/com.unity.visualeffectgraph/LICENSE.md using Guid(ecc21607d5a8adc4581c57b3773e169a) Importer(815301076,1909f56bfc062723c751e8b465ee728b)  -> (artifact id: '1d9c57a4ec093f40ece71155f40b9c59') in 0.020978 seconds 
========================================================================
Received Import Request.
  Time since last request: 38.127681 seconds.
  path: Assets/SFLCK_2/Models_A/Textures_Damaged/A_LP_1_SPEC.tga
  artifactKey: Guid(43ff90abd90a4024c9d8eb1b4136aadb) Importer(815301076,1909f56bfc062723c751e8b465ee728b)
Start importing Assets/SFLCK_2/Models_A/Textures_Damaged/A_LP_1_SPEC.tga using Guid(43ff90abd90a4024c9d8eb1b4136aadb) Importer(815301076,1909f56bfc062723c751e8b465ee728b)  -> (artifact id: '867a5e3938ba1270df3a87f7d78577d8') in 0.051412 seconds 
========================================================================
Received Import Request.
  Time since last request: 0.000556 seconds.
  path: Assets/Prefabs/BloodDecalMeshes/Textures/Blood/BloodTexture_SpecCol2.png
  artifactKey: Guid(fa63b8703edc5ed4996f784fb1dfd7ad) Importer(815301076,1909f56bfc062723c751e8b465ee728b)
Start importing Assets/Prefabs/BloodDecalMeshes/Textures/Blood/BloodTexture_SpecCol2.png using Guid(fa63b8703edc5ed4996f784fb1dfd7ad) Importer(815301076,1909f56bfc062723c751e8b465ee728b)  -> (artifact id: '1e317c5d95f2cae786cbbbab7ed48cdc') in 0.032165 seconds 
========================================================================
Received Import Request.
  Time since last request: 0.000364 seconds.
  path: Assets/SFLCK_2/Glow/Display_Console_Large_Danger.FBX
  artifactKey: Guid(e032ff289af6d874f86ea77b971b9521) Importer(815301076,1909f56bfc062723c751e8b465ee728b)
Start importing Assets/SFLCK_2/Glow/Display_Console_Large_Danger.FBX using Guid(e032ff289af6d874f86ea77b971b9521) Importer(815301076,1909f56bfc062723c751e8b465ee728b)  -> (artifact id: 'c4bc02d469d331cd5315b375970bce38') in 0.055641 seconds 
========================================================================
Received Import Request.
  Time since last request: 0.000340 seconds.
  path: Assets/SFLCK_2/Glow/Display_Console_1_Monitor_Large.FBX
  artifactKey: Guid(d987118aa59733b4fa1b927078a1c598) Importer(815301076,1909f56bfc062723c751e8b465ee728b)
Start importing Assets/SFLCK_2/Glow/Display_Console_1_Monitor_Large.FBX using Guid(d987118aa59733b4fa1b927078a1c598) Importer(815301076,1909f56bfc062723c751e8b465ee728b)  -> (artifact id: 'da85cb1eaebdf13de5f0a2892f3522ed') in 0.041081 seconds 
========================================================================
Received Import Request.
  Time since last request: 0.000413 seconds.
  path: Assets/SFLCK_2/Glow/Display_Console_1_Monitor_Small.FBX
  artifactKey: Guid(e2141d7307b3e3241b154c0010ec708d) Importer(815301076,1909f56bfc062723c751e8b465ee728b)
Start importing Assets/SFLCK_2/Glow/Display_Console_1_Monitor_Small.FBX using Guid(e2141d7307b3e3241b154c0010ec708d) Importer(815301076,1909f56bfc062723c751e8b465ee728b)  -> (artifact id: '2b3f88423aaf67e966d888a95e2e0ad3') in 0.037942 seconds 
========================================================================
Received Import Request.
  Time since last request: 0.000235 seconds.
  path: Assets/Prefabs/BloodDecalMeshes/Textures/Blood/BloodTexture_SpecCol.png
  artifactKey: Guid(923b70075886a214297ba58af77c5805) Importer(815301076,1909f56bfc062723c751e8b465ee728b)
Start importing Assets/Prefabs/BloodDecalMeshes/Textures/Blood/BloodTexture_SpecCol.png using Guid(923b70075886a214297ba58af77c5805) Importer(815301076,1909f56bfc062723c751e8b465ee728b)  -> (artifact id: '65a966535d750c7c398efb4304d9192e') in 0.026694 seconds 
========================================================================
Received Import Request.
  Time since last request: 0.000404 seconds.
  path: Assets/UnityTechnologies/ParticlePack/EffectExamples/Water Effects/Prefabs/BigSplash.prefab
  artifactKey: Guid(c1c88308ebb5d2541a282905b854ee4c) Importer(815301076,1909f56bfc062723c751e8b465ee728b)
Start importing Assets/UnityTechnologies/ParticlePack/EffectExamples/Water Effects/Prefabs/BigSplash.prefab using Guid(c1c88308ebb5d2541a282905b854ee4c) Importer(815301076,1909f56bfc062723c751e8b465ee728b)  -> (artifact id: '255f5a28a40d16fd036388786f3c0f37') in 0.044441 seconds 
========================================================================
Received Import Request.
  Time since last request: 0.000261 seconds.
  path: Assets/SFLCK_2/Models_A/Textures_Damaged/A_LP_2_SPEC.tga
  artifactKey: Guid(13072b7b760c85c4a9cea9e8b76a77b6) Importer(815301076,1909f56bfc062723c751e8b465ee728b)
Start importing Assets/SFLCK_2/Models_A/Textures_Damaged/A_LP_2_SPEC.tga using Guid(13072b7b760c85c4a9cea9e8b76a77b6) Importer(815301076,1909f56bfc062723c751e8b465ee728b)  -> (artifact id: '2a4ce2c08f9b2fac286c73bb475da2d9') in 0.025621 seconds 
========================================================================
Received Import Request.
  Time since last request: 0.000262 seconds.
  path: Assets/UnityTechnologies/ParticlePack/EffectExamples/Fire & Explosion Effects/Textures/SphereNormal.tif
  artifactKey: Guid(b7de68a779f91264e8da00162a6b7168) Importer(815301076,1909f56bfc062723c751e8b465ee728b)
Start importing Assets/UnityTechnologies/ParticlePack/EffectExamples/Fire & Explosion Effects/Textures/SphereNormal.tif using Guid(b7de68a779f91264e8da00162a6b7168) Importer(815301076,1909f56bfc062723c751e8b465ee728b)  -> (artifact id: '9c98b1f279ab6b14b7516b5c1412c917') in 0.024632 seconds 
========================================================================
Received Import Request.
  Time since last request: 0.000311 seconds.
  path: Assets/SFLCK_2/Models_B/Textures_Damaged/B_LP_SPEC.tga
  artifactKey: Guid(54a8075018bbb0e48a5637397102a0a6) Importer(815301076,1909f56bfc062723c751e8b465ee728b)
Start importing Assets/SFLCK_2/Models_B/Textures_Damaged/B_LP_SPEC.tga using Guid(54a8075018bbb0e48a5637397102a0a6) Importer(815301076,1909f56bfc062723c751e8b465ee728b)  -> (artifact id: '5b479abcb1d8f625bc871f10ef69ec26') in 0.022897 seconds 
========================================================================
Received Import Request.
  Time since last request: 0.000278 seconds.
  path: Assets/Prefabs/BloodDecalMeshes/BloodGushFX/BloodSprayFX.prefab
  artifactKey: Guid(d32aa916f50cac94db11e6f19821a58f) Importer(815301076,1909f56bfc062723c751e8b465ee728b)
Start importing Assets/Prefabs/BloodDecalMeshes/BloodGushFX/BloodSprayFX.prefab using Guid(d32aa916f50cac94db11e6f19821a58f) Importer(815301076,1909f56bfc062723c751e8b465ee728b)  -> (artifact id: '893089469e68e4fbb39425d6991c3b8a') in 0.077814 seconds 
========================================================================
Received Import Request.
  Time since last request: 0.000258 seconds.
  path: Assets/SFLCK_2/Props_Barrels_Boxes/Textures/Barrels_SPEC.tga
  artifactKey: Guid(acc47101f7a25cd429a854a1bb224573) Importer(815301076,1909f56bfc062723c751e8b465ee728b)
Start importing Assets/SFLCK_2/Props_Barrels_Boxes/Textures/Barrels_SPEC.tga using Guid(acc47101f7a25cd429a854a1bb224573) Importer(815301076,1909f56bfc062723c751e8b465ee728b)  -> (artifact id: '97489fda78faf2b8a82c31bf1ab8d60a') in 0.033240 seconds 
========================================================================
Received Import Request.
  Time since last request: 0.000392 seconds.
  path: Assets/UnityTechnologies/ParticlePack/EffectExamples/Water Effects/Textures/SphereAlbedo.tif
  artifactKey: Guid(feebd9fe3a61f384286140f9201d038d) Importer(815301076,1909f56bfc062723c751e8b465ee728b)
Start importing Assets/UnityTechnologies/ParticlePack/EffectExamples/Water Effects/Textures/SphereAlbedo.tif using Guid(feebd9fe3a61f384286140f9201d038d) Importer(815301076,1909f56bfc062723c751e8b465ee728b)  -> (artifact id: '85285fb354d84fe8b3a1a0e5c6330985') in 0.028729 seconds 
========================================================================
Received Import Request.
  Time since last request: 0.000345 seconds.
  path: Assets/SFLCK_2/Models_B/Textures/B_LP_SPEC.tga
  artifactKey: Guid(f044a260a1b3fab478fb0acdba3e0920) Importer(815301076,1909f56bfc062723c751e8b465ee728b)
Start importing Assets/SFLCK_2/Models_B/Textures/B_LP_SPEC.tga using Guid(f044a260a1b3fab478fb0acdba3e0920) Importer(815301076,1909f56bfc062723c751e8b465ee728b)  -> (artifact id: '37a9d3e1cbd133be378bb6cf8d0f6c5f') in 0.030130 seconds 
========================================================================
Received Import Request.
  Time since last request: 0.000335 seconds.
  path: Assets/SFLCK_2/Models_A/Textures/A_LP_2_SPEC.tga
  artifactKey: Guid(df16d8f9ccaa49c48a62897aef812faf) Importer(815301076,1909f56bfc062723c751e8b465ee728b)
Start importing Assets/SFLCK_2/Models_A/Textures/A_LP_2_SPEC.tga using Guid(df16d8f9ccaa49c48a62897aef812faf) Importer(815301076,1909f56bfc062723c751e8b465ee728b)  -> (artifact id: 'e94b3d2f1fbfee7027a131611527b3c1') in 0.022645 seconds 
========================================================================
Received Import Request.
  Time since last request: 0.000363 seconds.
  path: Assets/_Biomass/Meshes/BiomassPregathered.FBX
  artifactKey: Guid(c7b9995f13f4dc54297652aba6fc0d62) Importer(815301076,1909f56bfc062723c751e8b465ee728b)
Start importing Assets/_Biomass/Meshes/BiomassPregathered.FBX using Guid(c7b9995f13f4dc54297652aba6fc0d62) Importer(815301076,1909f56bfc062723c751e8b465ee728b)  -> (artifact id: '23a994518cd7494f09d0ea93c5be1418') in 0.288421 seconds 
========================================================================
Received Import Request.
  Time since last request: 0.000244 seconds.
  path: Assets/SFLCK_2/Glow/Display_Console_1_Monitor_Medium.FBX
  artifactKey: Guid(89358ed81c9583a4caefeb4eadd7732f) Importer(815301076,1909f56bfc062723c751e8b465ee728b)
Start importing Assets/SFLCK_2/Glow/Display_Console_1_Monitor_Medium.FBX using Guid(89358ed81c9583a4caefeb4eadd7732f) Importer(815301076,1909f56bfc062723c751e8b465ee728b)  -> (artifact id: '2ad90643bbdcec7d968e429923aa6973') in 0.056058 seconds 
========================================================================
Received Import Request.
  Time since last request: 0.000606 seconds.
  path: Assets/SFLCK_2/Models_C/Textures_Damaged/C_LP_SPEC.tga
  artifactKey: Guid(7b4dd5bdb05b06542a8e1928bcba012f) Importer(815301076,1909f56bfc062723c751e8b465ee728b)
Start importing Assets/SFLCK_2/Models_C/Textures_Damaged/C_LP_SPEC.tga using Guid(7b4dd5bdb05b06542a8e1928bcba012f) Importer(815301076,1909f56bfc062723c751e8b465ee728b)  -> (artifact id: '23f419f5b01caccb5a5c684ce06e725a') in 0.034239 seconds 
========================================================================
Received Import Request.
  Time since last request: 0.000348 seconds.
  path: Assets/Prefabs/BloodDecalMeshes/BloodGushFX/BloodSprayFX_Colormodifyable.prefab
  artifactKey: Guid(532c8be46e6660e49a9e48ce60e82441) Importer(815301076,1909f56bfc062723c751e8b465ee728b)
Start importing Assets/Prefabs/BloodDecalMeshes/BloodGushFX/BloodSprayFX_Colormodifyable.prefab using Guid(532c8be46e6660e49a9e48ce60e82441) Importer(815301076,1909f56bfc062723c751e8b465ee728b)  -> (artifact id: '46f490fd38074199ec29793999147762') in 0.088442 seconds 
========================================================================
Received Import Request.
  Time since last request: 0.000250 seconds.
  path: Assets/SFLCK_2/Models_C/Textures/C_LP_SPEC.tga
  artifactKey: Guid(dabebebafeff08f42827436f4468eff1) Importer(815301076,1909f56bfc062723c751e8b465ee728b)
Start importing Assets/SFLCK_2/Models_C/Textures/C_LP_SPEC.tga using Guid(dabebebafeff08f42827436f4468eff1) Importer(815301076,1909f56bfc062723c751e8b465ee728b)  -> (artifact id: '35e5fb0eeedf8fa6de59b8e4b76ab407') in 0.031268 seconds 
========================================================================
Received Import Request.
  Time since last request: 0.000436 seconds.
  path: Assets/UnityTechnologies/ParticlePack/EffectExamples/Fire & Explosion Effects/Materials/DebrisParticle.mat
  artifactKey: Guid(72815344e9e9c7446895e130936932d7) Importer(815301076,1909f56bfc062723c751e8b465ee728b)
Start importing Assets/UnityTechnologies/ParticlePack/EffectExamples/Fire & Explosion Effects/Materials/DebrisParticle.mat using Guid(72815344e9e9c7446895e130936932d7) Importer(815301076,1909f56bfc062723c751e8b465ee728b)  -> (artifact id: 'e33ac27dc6c977f917a396a63340d52f') in 0.068537 seconds 
========================================================================
Received Import Request.
  Time since last request: 0.000489 seconds.
  path: Assets/SFLCK_2/Models_A/Textures/A_LP_1_SPEC.tga
  artifactKey: Guid(b04bd2311b476264a88d0709b6460ab9) Importer(815301076,1909f56bfc062723c751e8b465ee728b)
Start importing Assets/SFLCK_2/Models_A/Textures/A_LP_1_SPEC.tga using Guid(b04bd2311b476264a88d0709b6460ab9) Importer(815301076,1909f56bfc062723c751e8b465ee728b)  -> (artifact id: 'afc2db998a24afafdb9772fa70000649') in 0.025298 seconds 
========================================================================
Received Import Request.
  Time since last request: 18.845879 seconds.
  path: Assets/SFLCK_2/Models_A/AB_Doorway_Thin_4x4.FBX
  artifactKey: Guid(d573deffecb371c428ebe700bd5f6fdd) Importer(815301076,1909f56bfc062723c751e8b465ee728b)
Start importing Assets/SFLCK_2/Models_A/AB_Doorway_Thin_4x4.FBX using Guid(d573deffecb371c428ebe700bd5f6fdd) Importer(815301076,1909f56bfc062723c751e8b465ee728b)  -> (artifact id: 'a82d0567e77e492133fb45a896838621') in 0.045093 seconds 
========================================================================
Received Import Request.
  Time since last request: 0.882582 seconds.
  path: Assets/SFLCK_2/!Prefabs/Bulkheads/A_Bulkhead_1.prefab
  artifactKey: Guid(49649de1f5cc63e499bdee25ecedc869) Importer(815301076,1909f56bfc062723c751e8b465ee728b)
Start importing Assets/SFLCK_2/!Prefabs/Bulkheads/A_Bulkhead_1.prefab using Guid(49649de1f5cc63e499bdee25ecedc869) Importer(815301076,1909f56bfc062723c751e8b465ee728b)  -> (artifact id: 'b864a94ec2db260d27cf9c416397dea5') in 0.041270 seconds 
========================================================================
Received Import Request.
  Time since last request: 0.000244 seconds.
  path: Assets/SFLCK_2/!Prefabs/Walls_A/Celing/A_Ceiling_Corner_In_2x2.prefab
  artifactKey: Guid(e311d046fd081c245ac9eea7f4300828) Importer(815301076,1909f56bfc062723c751e8b465ee728b)
Start importing Assets/SFLCK_2/!Prefabs/Walls_A/Celing/A_Ceiling_Corner_In_2x2.prefab using Guid(e311d046fd081c245ac9eea7f4300828) Importer(815301076,1909f56bfc062723c751e8b465ee728b)  -> (artifact id: 'e8da9bccf7dccf9c288a41eacbb169d2') in 0.052722 seconds 
========================================================================
Received Import Request.
  Time since last request: 0.000367 seconds.
  path: Assets/SFLCK_2/!Prefabs/Walls_A/Floors/A_Floor_1_2x2.prefab
  artifactKey: Guid(820003c13537f3844adcbe15b0d5ac2b) Importer(815301076,1909f56bfc062723c751e8b465ee728b)
Start importing Assets/SFLCK_2/!Prefabs/Walls_A/Floors/A_Floor_1_2x2.prefab using Guid(820003c13537f3844adcbe15b0d5ac2b) Importer(815301076,1909f56bfc062723c751e8b465ee728b)  -> (artifact id: 'c38edd3460b84760aa8afedb4bf71791') in 0.037278 seconds 
========================================================================
Received Import Request.
  Time since last request: 0.000272 seconds.
  path: Assets/SFLCK_2/!Prefabs/Interior/Pipes/A_Pipes_L_End.prefab
  artifactKey: Guid(bf6b8a7d24ae30d4496823e3dd7ef9d1) Importer(815301076,1909f56bfc062723c751e8b465ee728b)
Start importing Assets/SFLCK_2/!Prefabs/Interior/Pipes/A_Pipes_L_End.prefab using Guid(bf6b8a7d24ae30d4496823e3dd7ef9d1) Importer(815301076,1909f56bfc062723c751e8b465ee728b)  -> (artifact id: 'da11114aeb8c8689c75504760be72646') in 0.036628 seconds 
========================================================================
Received Import Request.
  Time since last request: 0.000267 seconds.
  path: Assets/SFLCK_2/!Prefabs/Walls_A/Doorways/A_Doorway_Thin_4x4.prefab
  artifactKey: Guid(31db197cb5ba584479e80b57b17f26de) Importer(815301076,1909f56bfc062723c751e8b465ee728b)
Start importing Assets/SFLCK_2/!Prefabs/Walls_A/Doorways/A_Doorway_Thin_4x4.prefab using Guid(31db197cb5ba584479e80b57b17f26de) Importer(815301076,1909f56bfc062723c751e8b465ee728b)  -> (artifact id: '1c4c83691a26667e0a1afe2d78ab140c') in 0.037388 seconds 
========================================================================
Received Import Request.
  Time since last request: 0.000217 seconds.
  path: Assets/SFLCK_2/!Prefabs/Walls_A/DeadEnds/A_Center_L_2x2.prefab
  artifactKey: Guid(c9d931d1259e58449a12d31fa47b5a91) Importer(815301076,1909f56bfc062723c751e8b465ee728b)
Start importing Assets/SFLCK_2/!Prefabs/Walls_A/DeadEnds/A_Center_L_2x2.prefab using Guid(c9d931d1259e58449a12d31fa47b5a91) Importer(815301076,1909f56bfc062723c751e8b465ee728b)  -> (artifact id: 'e3dbb37aef5634cfd934e955e1ac5fa7') in 0.034309 seconds 
========================================================================
Received Import Request.
  Time since last request: 0.000306 seconds.
  path: Assets/SFLCK_2/!Prefabs/Walls_A/Ramps/A_Ramp_L_2x2.prefab
  artifactKey: Guid(c1870629b6cc9a242a818fbb61356d7a) Importer(815301076,1909f56bfc062723c751e8b465ee728b)
Start importing Assets/SFLCK_2/!Prefabs/Walls_A/Ramps/A_Ramp_L_2x2.prefab using Guid(c1870629b6cc9a242a818fbb61356d7a) Importer(815301076,1909f56bfc062723c751e8b465ee728b)  -> (artifact id: '878ffe7fccb73547450bcfcbee00f2c6') in 0.038381 seconds 
========================================================================
Received Import Request.
  Time since last request: 0.000227 seconds.
  path: Assets/SFLCK_2/!Prefabs/Walls_A/Celing/A_Ceiling_Side_2x2.prefab
  artifactKey: Guid(48b8de10766a0b14ab2419e8a5b3169b) Importer(815301076,1909f56bfc062723c751e8b465ee728b)
Start importing Assets/SFLCK_2/!Prefabs/Walls_A/Celing/A_Ceiling_Side_2x2.prefab using Guid(48b8de10766a0b14ab2419e8a5b3169b) Importer(815301076,1909f56bfc062723c751e8b465ee728b)  -> (artifact id: '0f0ac37475e850dab828810e9871bd7f') in 0.038525 seconds 
========================================================================
Received Import Request.
  Time since last request: 0.000247 seconds.
  path: Assets/SFLCK_2/!Prefabs/Interior/Panels/A_Panel_Small.prefab
  artifactKey: Guid(3343e068aa309b041b5632d309f1f259) Importer(815301076,1909f56bfc062723c751e8b465ee728b)
Start importing Assets/SFLCK_2/!Prefabs/Interior/Panels/A_Panel_Small.prefab using Guid(3343e068aa309b041b5632d309f1f259) Importer(815301076,1909f56bfc062723c751e8b465ee728b)  -> (artifact id: '7bc77d8aabfccb200e933e74d341ce66') in 0.029197 seconds 
========================================================================
Received Import Request.
  Time since last request: 0.000304 seconds.
  path: Assets/SFLCK_2/!Prefabs/Walls_A/Floors/A_Floor_2_2x4.prefab
  artifactKey: Guid(6555fecbd8b10054a86ee882b875b157) Importer(815301076,1909f56bfc062723c751e8b465ee728b)
Start importing Assets/SFLCK_2/!Prefabs/Walls_A/Floors/A_Floor_2_2x4.prefab using Guid(6555fecbd8b10054a86ee882b875b157) Importer(815301076,1909f56bfc062723c751e8b465ee728b)  -> (artifact id: '5ace6d70125e194c92fc6db03ab228d6') in 0.038086 seconds 
========================================================================
Received Import Request.
  Time since last request: 0.000421 seconds.
  path: Assets/SFLCK_2/!Prefabs/Walls_A/Ramps/A_Ramp_R_4x6.prefab
  artifactKey: Guid(a822fde4453779c4d944efee557d4d3b) Importer(815301076,1909f56bfc062723c751e8b465ee728b)
Start importing Assets/SFLCK_2/!Prefabs/Walls_A/Ramps/A_Ramp_R_4x6.prefab using Guid(a822fde4453779c4d944efee557d4d3b) Importer(815301076,1909f56bfc062723c751e8b465ee728b)  -> (artifact id: '5782b7f8ea0f986d4dfc5a1a91962959') in 0.040839 seconds 
========================================================================
Received Import Request.
  Time since last request: 0.000329 seconds.
  path: Assets/SFLCK_2/!Prefabs/Walls_A/Celing/A_Ceiling_Ramp_R_2x2.prefab
  artifactKey: Guid(2a64401b53f3fe745a9d2e3377455277) Importer(815301076,1909f56bfc062723c751e8b465ee728b)
Start importing Assets/SFLCK_2/!Prefabs/Walls_A/Celing/A_Ceiling_Ramp_R_2x2.prefab using Guid(2a64401b53f3fe745a9d2e3377455277) Importer(815301076,1909f56bfc062723c751e8b465ee728b)  -> (artifact id: 'd8677f278d0c5adfe60722bcb09f84a2') in 0.041888 seconds 
========================================================================
Received Import Request.
  Time since last request: 0.000478 seconds.
  path: Assets/SFLCK_2/!Prefabs/Walls_A/Doorways/A_Doorway_Wide_4x4.prefab
  artifactKey: Guid(a2bfee1089fbf3b40ac6fcb699295d4d) Importer(815301076,1909f56bfc062723c751e8b465ee728b)
Start importing Assets/SFLCK_2/!Prefabs/Walls_A/Doorways/A_Doorway_Wide_4x4.prefab using Guid(a2bfee1089fbf3b40ac6fcb699295d4d) Importer(815301076,1909f56bfc062723c751e8b465ee728b)  -> (artifact id: '37a2cb4af85bf24bfa2b3ebf6253e986') in 0.035247 seconds 
========================================================================
Received Import Request.
  Time since last request: 0.000281 seconds.
  path: Assets/SFLCK_2/!Prefabs/Walls_A/Corners/A_T_Corner_In_4x8.prefab
  artifactKey: Guid(cbcaaa1a8c6b85d458c93b1506196182) Importer(815301076,1909f56bfc062723c751e8b465ee728b)
Start importing Assets/SFLCK_2/!Prefabs/Walls_A/Corners/A_T_Corner_In_4x8.prefab using Guid(cbcaaa1a8c6b85d458c93b1506196182) Importer(815301076,1909f56bfc062723c751e8b465ee728b)  -> (artifact id: 'a5d77b3a73039f94ca86ef662b8ee8dc') in 0.042035 seconds 
========================================================================
Received Import Request.
  Time since last request: 0.000360 seconds.
  path: Assets/SFLCK_2/!Prefabs/Walls_A/Celing/A_Ceiling_Ramp_R_2x6.prefab
  artifactKey: Guid(5f3a8eb503a71904284f594023cc83e1) Importer(815301076,1909f56bfc062723c751e8b465ee728b)
Start importing Assets/SFLCK_2/!Prefabs/Walls_A/Celing/A_Ceiling_Ramp_R_2x6.prefab using Guid(5f3a8eb503a71904284f594023cc83e1) Importer(815301076,1909f56bfc062723c751e8b465ee728b)  -> (artifact id: 'c46b12fab89eb26158e5517fed9d063a') in 0.034980 seconds 
========================================================================
Received Import Request.
  Time since last request: 0.000288 seconds.
  path: Assets/SFLCK_2/!Prefabs/Walls_A/Corners/A_Corner_Out_2x2.prefab
  artifactKey: Guid(1c9ebf460b86f7d4e928eaef485e750e) Importer(815301076,1909f56bfc062723c751e8b465ee728b)
Start importing Assets/SFLCK_2/!Prefabs/Walls_A/Corners/A_Corner_Out_2x2.prefab using Guid(1c9ebf460b86f7d4e928eaef485e750e) Importer(815301076,1909f56bfc062723c751e8b465ee728b)  -> (artifact id: '5a86719d1524cad6c27ea55ae1db7250') in 0.033606 seconds 
========================================================================
Received Import Request.
  Time since last request: 0.000358 seconds.
  path: Assets/SFLCK_2/!Prefabs/Walls_A/DeadEnds/A_End_L_2x2.prefab
  artifactKey: Guid(561d308dd090bfc44af660271e1f1ab2) Importer(815301076,1909f56bfc062723c751e8b465ee728b)
Start importing Assets/SFLCK_2/!Prefabs/Walls_A/DeadEnds/A_End_L_2x2.prefab using Guid(561d308dd090bfc44af660271e1f1ab2) Importer(815301076,1909f56bfc062723c751e8b465ee728b)  -> (artifact id: 'c9ad588c9821ec239d79f727b361b737') in 0.031248 seconds 
========================================================================
Received Import Request.
  Time since last request: 0.000264 seconds.
  path: Assets/SFLCK_2/!Prefabs/Walls_A/Corners/A_Corner_Out_4x4.prefab
  artifactKey: Guid(82460413a6211114d85972988246b2bd) Importer(815301076,1909f56bfc062723c751e8b465ee728b)
Start importing Assets/SFLCK_2/!Prefabs/Walls_A/Corners/A_Corner_Out_4x4.prefab using Guid(82460413a6211114d85972988246b2bd) Importer(815301076,1909f56bfc062723c751e8b465ee728b)  -> (artifact id: 'b1c352f38b6093fb08624e3ee3c983a2') in 0.031321 seconds 
========================================================================
Received Import Request.
  Time since last request: 0.000339 seconds.
  path: Assets/SFLCK_2/!Prefabs/Walls_A/Celing/A_Ceiling_Corner_In_6x6.prefab
  artifactKey: Guid(59145b6eeaaf88548952c5a93e0851ae) Importer(815301076,1909f56bfc062723c751e8b465ee728b)
Start importing Assets/SFLCK_2/!Prefabs/Walls_A/Celing/A_Ceiling_Corner_In_6x6.prefab using Guid(59145b6eeaaf88548952c5a93e0851ae) Importer(815301076,1909f56bfc062723c751e8b465ee728b)  -> (artifact id: '149ca5e9fe1a7740c6ea1e0a54c82ef8') in 0.033212 seconds 
========================================================================
Received Import Request.
  Time since last request: 0.000255 seconds.
  path: Assets/SFLCK_2/!Prefabs/Walls_A/Celing/A_Ceiling_Ramp_L_6x8.prefab
  artifactKey: Guid(69a1121a64713d74d8cbcb3e39ffa16f) Importer(815301076,1909f56bfc062723c751e8b465ee728b)
Start importing Assets/SFLCK_2/!Prefabs/Walls_A/Celing/A_Ceiling_Ramp_L_6x8.prefab using Guid(69a1121a64713d74d8cbcb3e39ffa16f) Importer(815301076,1909f56bfc062723c751e8b465ee728b)  -> (artifact id: '927592007dba395862424aed73a198e8') in 0.034226 seconds 
========================================================================
Received Import Request.
  Time since last request: 0.000249 seconds.
  path: Assets/SFLCK_2/!Prefabs/Interior/Panels/A_Panel_Tall.prefab
  artifactKey: Guid(e750238f16b7ec8429f7051657b20b33) Importer(815301076,1909f56bfc062723c751e8b465ee728b)
Start importing Assets/SFLCK_2/!Prefabs/Interior/Panels/A_Panel_Tall.prefab using Guid(e750238f16b7ec8429f7051657b20b33) Importer(815301076,1909f56bfc062723c751e8b465ee728b)  -> (artifact id: '2410d95a65bfe035cf049093fa4ac6f9') in 0.031650 seconds 
========================================================================
Received Import Request.
  Time since last request: 0.000264 seconds.
  path: Assets/SFLCK_2/!Prefabs/Walls_A/Floors/A_Floor_2_2x8.prefab
  artifactKey: Guid(eda3cbfe16360954f812bc50b2cae722) Importer(815301076,1909f56bfc062723c751e8b465ee728b)
Start importing Assets/SFLCK_2/!Prefabs/Walls_A/Floors/A_Floor_2_2x8.prefab using Guid(eda3cbfe16360954f812bc50b2cae722) Importer(815301076,1909f56bfc062723c751e8b465ee728b)  -> (artifact id: '5ff689d788b19bf86db9fec88bd89376') in 0.035829 seconds 
========================================================================
Received Import Request.
  Time since last request: 0.000239 seconds.
  path: Assets/SFLCK_2/!Prefabs/Interior/Pipes/A_Pipes_R_End.prefab
  artifactKey: Guid(a681f3e54271eaa42b11ea3032b98a1d) Importer(815301076,1909f56bfc062723c751e8b465ee728b)
Start importing Assets/SFLCK_2/!Prefabs/Interior/Pipes/A_Pipes_R_End.prefab using Guid(a681f3e54271eaa42b11ea3032b98a1d) Importer(815301076,1909f56bfc062723c751e8b465ee728b)  -> (artifact id: '1324de1ccc16bcae76e62355fee54d37') in 0.031197 seconds 
========================================================================
Received Import Request.
  Time since last request: 0.000337 seconds.
  path: Assets/SFLCK_2/!Prefabs/Walls_A/Corners/A_Corner_In_Open_4x4.prefab
  artifactKey: Guid(edc0711b1850189429506d849fecc601) Importer(815301076,1909f56bfc062723c751e8b465ee728b)
Start importing Assets/SFLCK_2/!Prefabs/Walls_A/Corners/A_Corner_In_Open_4x4.prefab using Guid(edc0711b1850189429506d849fecc601) Importer(815301076,1909f56bfc062723c751e8b465ee728b)  -> (artifact id: '1fe4fa1607dbee47d3d461e6568d05b9') in 0.036248 seconds 
========================================================================
Received Import Request.
  Time since last request: 0.000266 seconds.
  path: Assets/SFLCK_2/!Prefabs/Walls_A/Ramps/A_Ramp_R_2x2.prefab
  artifactKey: Guid(d2669ab39e4efcc4096dd7ddcd6cf239) Importer(815301076,1909f56bfc062723c751e8b465ee728b)
Start importing Assets/SFLCK_2/!Prefabs/Walls_A/Ramps/A_Ramp_R_2x2.prefab using Guid(d2669ab39e4efcc4096dd7ddcd6cf239) Importer(815301076,1909f56bfc062723c751e8b465ee728b)  -> (artifact id: '431fa3db813df58f9a4466eca373fdd8') in 0.033694 seconds 
========================================================================
Received Import Request.
  Time since last request: 0.000352 seconds.
  path: Assets/SFLCK_2/!Prefabs/Walls_A/Corners/A_Corner_In_Closed_4x4.prefab
  artifactKey: Guid(a5008ba7419ce2f4597c3562f1092846) Importer(815301076,1909f56bfc062723c751e8b465ee728b)
Start importing Assets/SFLCK_2/!Prefabs/Walls_A/Corners/A_Corner_In_Closed_4x4.prefab using Guid(a5008ba7419ce2f4597c3562f1092846) Importer(815301076,1909f56bfc062723c751e8b465ee728b)  -> (artifact id: 'eb047d8253f6e3659660272f863ae441') in 0.035290 seconds 
========================================================================
Received Import Request.
  Time since last request: 0.000304 seconds.
  path: Assets/SFLCK_2/!Prefabs/Walls_A/Walls/ABC_Coridor_Thin.prefab
  artifactKey: Guid(63eb32019edffee42aedc9ba790604a1) Importer(815301076,1909f56bfc062723c751e8b465ee728b)
Start importing Assets/SFLCK_2/!Prefabs/Walls_A/Walls/ABC_Coridor_Thin.prefab using Guid(63eb32019edffee42aedc9ba790604a1) Importer(815301076,1909f56bfc062723c751e8b465ee728b)  -> (artifact id: '8493adc4eb6002540772c325126cf648') in 0.032492 seconds 
========================================================================
Received Import Request.
  Time since last request: 0.000223 seconds.
  path: Assets/SFLCK_2/!Prefabs/Walls_A/Walls/A_Coridor_4x8.prefab
  artifactKey: Guid(68c9720985c324b48a0ca399292db960) Importer(815301076,1909f56bfc062723c751e8b465ee728b)
Start importing Assets/SFLCK_2/!Prefabs/Walls_A/Walls/A_Coridor_4x8.prefab using Guid(68c9720985c324b48a0ca399292db960) Importer(815301076,1909f56bfc062723c751e8b465ee728b)  -> (artifact id: '044ccd2a2ba7b3cf9e69d0316c073faf') in 0.031508 seconds 
========================================================================
Received Import Request.
  Time since last request: 0.000239 seconds.
  path: Assets/_Biomass/Prefabs/Biomass_9.prefab
  artifactKey: Guid(664052ff7e2c0ec4c873aad661f67d69) Importer(815301076,1909f56bfc062723c751e8b465ee728b)
Start importing Assets/_Biomass/Prefabs/Biomass_9.prefab using Guid(664052ff7e2c0ec4c873aad661f67d69) Importer(815301076,1909f56bfc062723c751e8b465ee728b)  -> (artifact id: '7c529483bd191f50ae21d5b0d23dfd35') in 0.056952 seconds 
========================================================================
Received Import Request.
  Time since last request: 0.000304 seconds.
  path: Assets/_Biomass/Prefabs/Biomass_15.prefab
  artifactKey: Guid(e39fb2c79eca19f48a7370f55d29c412) Importer(815301076,1909f56bfc062723c751e8b465ee728b)
Start importing Assets/_Biomass/Prefabs/Biomass_15.prefab using Guid(e39fb2c79eca19f48a7370f55d29c412) Importer(815301076,1909f56bfc062723c751e8b465ee728b)  -> (artifact id: 'ae46cdcc2f352351d6b27c3f81477100') in 0.052593 seconds 
========================================================================
Received Import Request.
  Time since last request: 0.000309 seconds.
  path: Assets/SFLCK_2/!Prefabs/Walls_C/Walls/BC_Wall_Simple_2x2.prefab
  artifactKey: Guid(3569f59b11397fe489fefe1f4e1e2b53) Importer(815301076,1909f56bfc062723c751e8b465ee728b)
Start importing Assets/SFLCK_2/!Prefabs/Walls_C/Walls/BC_Wall_Simple_2x2.prefab using Guid(3569f59b11397fe489fefe1f4e1e2b53) Importer(815301076,1909f56bfc062723c751e8b465ee728b)  -> (artifact id: '13b967c42fd75a577243d1ab8b8a2a47') in 0.032991 seconds 
========================================================================
Received Import Request.
  Time since last request: 0.000304 seconds.
  path: Assets/_Biomass/Prefabs/Biomass_6.prefab
  artifactKey: Guid(368cb66c22094bf40adb9899267af4de) Importer(815301076,1909f56bfc062723c751e8b465ee728b)
Start importing Assets/_Biomass/Prefabs/Biomass_6.prefab using Guid(368cb66c22094bf40adb9899267af4de) Importer(815301076,1909f56bfc062723c751e8b465ee728b)  -> (artifact id: 'a351b6d3b57fa91e1b9f78b3f928e3ee') in 0.051885 seconds 
========================================================================
Received Import Request.
  Time since last request: 0.000372 seconds.
  path: Assets/SFLCK_2/!Prefabs/Walls_B/Ceiling/B_Ceiling_Ramp_2x2.prefab
  artifactKey: Guid(e77652b5cb80d0745977ee3379065837) Importer(815301076,1909f56bfc062723c751e8b465ee728b)
Start importing Assets/SFLCK_2/!Prefabs/Walls_B/Ceiling/B_Ceiling_Ramp_2x2.prefab using Guid(e77652b5cb80d0745977ee3379065837) Importer(815301076,1909f56bfc062723c751e8b465ee728b)  -> (artifact id: 'c0e9890b55151d8f0722bb20c69d359f') in 0.034212 seconds 
========================================================================
Received Import Request.
  Time since last request: 0.000292 seconds.
  path: Assets/SFLCK_2/!Prefabs/Barrels/Barrel_1.prefab
  artifactKey: Guid(6f8d58e7ba74d374d82dcd3326e22bbb) Importer(815301076,1909f56bfc062723c751e8b465ee728b)
Start importing Assets/SFLCK_2/!Prefabs/Barrels/Barrel_1.prefab using Guid(6f8d58e7ba74d374d82dcd3326e22bbb) Importer(815301076,1909f56bfc062723c751e8b465ee728b)  -> (artifact id: '7c46153d4747ed66149260c1f6961308') in 0.038157 seconds 
========================================================================
Received Import Request.
  Time since last request: 0.000235 seconds.
  path: Assets/_Biomass/Prefabs/Biomass_3.prefab
  artifactKey: Guid(db753e66963306640aab2cc388d6c6bb) Importer(815301076,1909f56bfc062723c751e8b465ee728b)
Start importing Assets/_Biomass/Prefabs/Biomass_3.prefab using Guid(db753e66963306640aab2cc388d6c6bb) Importer(815301076,1909f56bfc062723c751e8b465ee728b)  -> (artifact id: 'c13ab5e43daca9e57c1351fd951f0a8b') in 0.053733 seconds 
========================================================================
Received Import Request.
  Time since last request: 0.000202 seconds.
  path: Assets/SFLCK_2/!Prefabs/Walls_C/Doorways/AC_Doorway_Wide_2x4.prefab
  artifactKey: Guid(fb4ad6cc1f0fd0d43ac9fc0a544791dc) Importer(815301076,1909f56bfc062723c751e8b465ee728b)
Start importing Assets/SFLCK_2/!Prefabs/Walls_C/Doorways/AC_Doorway_Wide_2x4.prefab using Guid(fb4ad6cc1f0fd0d43ac9fc0a544791dc) Importer(815301076,1909f56bfc062723c751e8b465ee728b)  -> (artifact id: '21b265aa50a25121fe710a22b5aab909') in 0.033088 seconds 
========================================================================
Received Import Request.
  Time since last request: 0.000279 seconds.
  path: Assets/_Biomass/Prefabs/Pregathered/BiomassCBBGath_2.prefab
  artifactKey: Guid(1b9704a53fa4e3c489f93b413772117b) Importer(815301076,1909f56bfc062723c751e8b465ee728b)
Start importing Assets/_Biomass/Prefabs/Pregathered/BiomassCBBGath_2.prefab using Guid(1b9704a53fa4e3c489f93b413772117b) Importer(815301076,1909f56bfc062723c751e8b465ee728b)  -> (artifact id: '83d598f3c2cd1ff1d4e53ffcf5b08550') in 0.075580 seconds 
========================================================================
Received Import Request.
  Time since last request: 0.000329 seconds.
  path: Assets/_Biomass/Prefabs/BiomassF_6.prefab
  artifactKey: Guid(0a4bf43bcdee65c45b0fcd503f81f28b) Importer(815301076,1909f56bfc062723c751e8b465ee728b)
Start importing Assets/_Biomass/Prefabs/BiomassF_6.prefab using Guid(0a4bf43bcdee65c45b0fcd503f81f28b) Importer(815301076,1909f56bfc062723c751e8b465ee728b)  -> (artifact id: 'a3915e80f15ba3805667c15f5728399c') in 0.047695 seconds 
========================================================================
Received Import Request.
  Time since last request: 0.000208 seconds.
  path: Assets/_Biomass/Prefabs/Pregathered/BiomassFGath_1.prefab
  artifactKey: Guid(f2e8e83543d0d6f42843cc9e3c7846bd) Importer(815301076,1909f56bfc062723c751e8b465ee728b)
Start importing Assets/_Biomass/Prefabs/Pregathered/BiomassFGath_1.prefab using Guid(f2e8e83543d0d6f42843cc9e3c7846bd) Importer(815301076,1909f56bfc062723c751e8b465ee728b)  -> (artifact id: '40982bcbf010cdf155f244bd0ff21e1a') in 0.047856 seconds 
========================================================================
Received Import Request.
  Time since last request: 0.000260 seconds.
  path: Assets/Prefabs/BloodDecalMeshes/Prefabs/blood_letter_P.prefab
  artifactKey: Guid(06498335aa686f44e884885f898dc592) Importer(815301076,1909f56bfc062723c751e8b465ee728b)
Start importing Assets/Prefabs/BloodDecalMeshes/Prefabs/blood_letter_P.prefab using Guid(06498335aa686f44e884885f898dc592) Importer(815301076,1909f56bfc062723c751e8b465ee728b)  -> (artifact id: '42e8bdb0e42d0e692496551bc37feb06') in 0.070547 seconds 
========================================================================
Received Import Request.
  Time since last request: 0.000232 seconds.
  path: Assets/Prefabs/BloodDecalMeshes/Prefabs/blood_them.prefab
  artifactKey: Guid(54e7722c0c02f1b4ba9a2e7c55a67326) Importer(815301076,1909f56bfc062723c751e8b465ee728b)
Start importing Assets/Prefabs/BloodDecalMeshes/Prefabs/blood_them.prefab using Guid(54e7722c0c02f1b4ba9a2e7c55a67326) Importer(815301076,1909f56bfc062723c751e8b465ee728b)  -> (artifact id: 'b481692902aa969209868a4471c22b1c') in 0.045960 seconds 
========================================================================
Received Import Request.
  Time since last request: 0.000278 seconds.
  path: Assets/_Biomass/Prefabs/BiomassS_6.prefab
  artifactKey: Guid(1d87a2a98bc6cb847a0eca39d6ff71db) Importer(815301076,1909f56bfc062723c751e8b465ee728b)
Start importing Assets/_Biomass/Prefabs/BiomassS_6.prefab using Guid(1d87a2a98bc6cb847a0eca39d6ff71db) Importer(815301076,1909f56bfc062723c751e8b465ee728b)  -> (artifact id: '83c9e7ded61d47870ead6918a8481de5') in 0.041064 seconds 
========================================================================
Received Import Request.
  Time since last request: 0.000300 seconds.
  path: Assets/Prefabs/BloodDecalMeshes/Prefabs/blood_sym_o.prefab
  artifactKey: Guid(cd5733cb33b8e1a42b2e6ac301d70e62) Importer(815301076,1909f56bfc062723c751e8b465ee728b)
Start importing Assets/Prefabs/BloodDecalMeshes/Prefabs/blood_sym_o.prefab using Guid(cd5733cb33b8e1a42b2e6ac301d70e62) Importer(815301076,1909f56bfc062723c751e8b465ee728b)  -> (artifact id: '70a6517791a8f33650dabfb9ec84149e') in 0.039083 seconds 
========================================================================
Received Import Request.
  Time since last request: 0.000268 seconds.
  path: Assets/Prefabs/BloodDecalMeshes/Prefabs/blood_letter_z_lowCase.prefab
  artifactKey: Guid(7218d69a43671424d8f2a96fe7d80222) Importer(815301076,1909f56bfc062723c751e8b465ee728b)
Start importing Assets/Prefabs/BloodDecalMeshes/Prefabs/blood_letter_z_lowCase.prefab using Guid(7218d69a43671424d8f2a96fe7d80222) Importer(815301076,1909f56bfc062723c751e8b465ee728b)  -> (artifact id: '2ab373f6c5c01a72788f96de1229469f') in 0.058369 seconds 
========================================================================
Received Import Request.
  Time since last request: 0.000383 seconds.
  path: Assets/Prefabs/BloodDecalMeshes/Prefabs/blood_letter_s_lowCase.prefab
  artifactKey: Guid(e53b80231f86239458872a5146838eae) Importer(815301076,1909f56bfc062723c751e8b465ee728b)
Start importing Assets/Prefabs/BloodDecalMeshes/Prefabs/blood_letter_s_lowCase.prefab using Guid(e53b80231f86239458872a5146838eae) Importer(815301076,1909f56bfc062723c751e8b465ee728b)  -> (artifact id: 'b3c86815b767ab0f17c4d99fc8bd4f85') in 0.041167 seconds 
========================================================================
Received Import Request.
  Time since last request: 0.000338 seconds.
  path: Assets/SFLCK_2/!Prefabs/Bulkheads/C_Bulkhead_Top.prefab
  artifactKey: Guid(b88352cb29e5a6e498574ac2b0a81b60) Importer(815301076,1909f56bfc062723c751e8b465ee728b)
Start importing Assets/SFLCK_2/!Prefabs/Bulkheads/C_Bulkhead_Top.prefab using Guid(b88352cb29e5a6e498574ac2b0a81b60) Importer(815301076,1909f56bfc062723c751e8b465ee728b)  -> (artifact id: '0963d7898375d1175f73de333ec55189') in 0.045959 seconds 
========================================================================
Received Import Request.
  Time since last request: 0.000275 seconds.
  path: Assets/Prefabs/BloodDecalMeshes/Prefabs/blood_letter_Z.prefab
  artifactKey: Guid(9b792fdc097046344b8a5fc55dc32a08) Importer(815301076,1909f56bfc062723c751e8b465ee728b)
Start importing Assets/Prefabs/BloodDecalMeshes/Prefabs/blood_letter_Z.prefab using Guid(9b792fdc097046344b8a5fc55dc32a08) Importer(815301076,1909f56bfc062723c751e8b465ee728b)  -> (artifact id: 'a477cbd7ee298ec3dbee61d32d3bcfaf') in 0.035201 seconds 
========================================================================
Received Import Request.
  Time since last request: 0.000338 seconds.
  path: Assets/UnityTechnologies/ParticlePack/EffectExamples/Smoke & Steam Effects/Prefabs/SmokeEffect.prefab
  artifactKey: Guid(73767e07adddc394d82b994801f89bbb) Importer(815301076,1909f56bfc062723c751e8b465ee728b)
Start importing Assets/UnityTechnologies/ParticlePack/EffectExamples/Smoke & Steam Effects/Prefabs/SmokeEffect.prefab using Guid(73767e07adddc394d82b994801f89bbb) Importer(815301076,1909f56bfc062723c751e8b465ee728b)  -> (artifact id: 'dc2f0bb432eaa2600889bd698f17d1bd') in 0.036307 seconds 
========================================================================
Received Import Request.
  Time since last request: 0.000237 seconds.
  path: Assets/SFLCK_2/!Prefabs/Rails/Rails_Corner_Large.prefab
  artifactKey: Guid(7b352fd0e38746146af301445fbd7394) Importer(815301076,1909f56bfc062723c751e8b465ee728b)
Start importing Assets/SFLCK_2/!Prefabs/Rails/Rails_Corner_Large.prefab using Guid(7b352fd0e38746146af301445fbd7394) Importer(815301076,1909f56bfc062723c751e8b465ee728b)  -> (artifact id: 'c98b44a803b38b2fe4a6cccb82111219') in 0.028095 seconds 
========================================================================
Received Import Request.
  Time since last request: 0.000283 seconds.
  path: Assets/UnityTechnologies/ParticlePack/EffectExamples/Fire & Explosion Effects/Prefabs/TinyFlames.prefab
  artifactKey: Guid(ea4fb55d0227e604386f44f905cfe7c0) Importer(815301076,1909f56bfc062723c751e8b465ee728b)
Start importing Assets/UnityTechnologies/ParticlePack/EffectExamples/Fire & Explosion Effects/Prefabs/TinyFlames.prefab using Guid(ea4fb55d0227e604386f44f905cfe7c0) Importer(815301076,1909f56bfc062723c751e8b465ee728b)  -> (artifact id: 'da6ad16169df20bfa733b4940eab14f8') in 0.404887 seconds 
========================================================================
Received Import Request.
  Time since last request: 0.000318 seconds.
  path: Assets/SFLCK_2/!Prefabs/Interior/Ceilings/Ceiling_Wiring_2.prefab
  artifactKey: Guid(014cae34f8bffbc40b7108ffbe2834a9) Importer(815301076,1909f56bfc062723c751e8b465ee728b)
Start importing Assets/SFLCK_2/!Prefabs/Interior/Ceilings/Ceiling_Wiring_2.prefab using Guid(014cae34f8bffbc40b7108ffbe2834a9) Importer(815301076,1909f56bfc062723c751e8b465ee728b)  -> (artifact id: 'a6fae0bd81d4e0df48562ea3d89e7383') in 0.040207 seconds 
========================================================================
Received Import Request.
  Time since last request: 0.000284 seconds.
  path: Assets/SFLCK_2/!Prefabs/Bulkheads/C_Bulkhead_Side.prefab
  artifactKey: Guid(8deffebccce92a5499af4f895affaf0b) Importer(815301076,1909f56bfc062723c751e8b465ee728b)
Start importing Assets/SFLCK_2/!Prefabs/Bulkheads/C_Bulkhead_Side.prefab using Guid(8deffebccce92a5499af4f895affaf0b) Importer(815301076,1909f56bfc062723c751e8b465ee728b)  -> (artifact id: '4a41bdf6ea06a91881dbf2e57709be08') in 0.049119 seconds 
========================================================================
Received Import Request.
  Time since last request: 0.000294 seconds.
  path: Assets/UnityTechnologies/ParticlePack/EffectExamples/Misc Effects/Prefabs/SparksEffect.prefab
  artifactKey: Guid(78b71003e8b357d4bbf89c8b5e5e4f0e) Importer(815301076,1909f56bfc062723c751e8b465ee728b)
Start importing Assets/UnityTechnologies/ParticlePack/EffectExamples/Misc Effects/Prefabs/SparksEffect.prefab using Guid(78b71003e8b357d4bbf89c8b5e5e4f0e) Importer(815301076,1909f56bfc062723c751e8b465ee728b)  -> (artifact id: 'b63b82fec222ad6a57300973d5e42ab6') in 0.028843 seconds 
========================================================================
Received Import Request.
  Time since last request: 0.000260 seconds.
  path: Assets/SFLCK_2/!Prefabs/Lights/Light_Horizontal.prefab
  artifactKey: Guid(bcc1d397e5068a640a47368eba26fe2c) Importer(815301076,1909f56bfc062723c751e8b465ee728b)
Start importing Assets/SFLCK_2/!Prefabs/Lights/Light_Horizontal.prefab using Guid(bcc1d397e5068a640a47368eba26fe2c) Importer(815301076,1909f56bfc062723c751e8b465ee728b)  -> (artifact id: 'b20d3bcb90c4c5b73bb4b922a1e2f8fd') in 0.055310 seconds 
========================================================================
Received Import Request.
  Time since last request: 0.000267 seconds.
  path: Assets/Prefabs/BloodDecalMeshes/Prefabs/blood_letter_l_lowCase.prefab
  artifactKey: Guid(13fbc2c69d1b83f4ebae2df72e58f161) Importer(815301076,1909f56bfc062723c751e8b465ee728b)
Start importing Assets/Prefabs/BloodDecalMeshes/Prefabs/blood_letter_l_lowCase.prefab using Guid(13fbc2c69d1b83f4ebae2df72e58f161) Importer(815301076,1909f56bfc062723c751e8b465ee728b)  -> (artifact id: 'cbee28b71545956d80f40929e9aa9cfd') in 0.033572 seconds 
========================================================================
Received Import Request.
  Time since last request: 0.000433 seconds.
  path: Assets/Prefabs/VP9 (1).prefab
  artifactKey: Guid(985e8c8c571c0774c97373a8d3b107f4) Importer(815301076,1909f56bfc062723c751e8b465ee728b)
Start importing Assets/Prefabs/VP9 (1).prefab using Guid(985e8c8c571c0774c97373a8d3b107f4) Importer(815301076,1909f56bfc062723c751e8b465ee728b)  -> (artifact id: 'd35ad711abc38b3fef3ad36ee44471c7') in 0.052391 seconds 
========================================================================
Received Import Request.
  Time since last request: 0.000331 seconds.
  path: Assets/Prefabs/BloodDecalMeshes/Prefabs/blood_letter_M.prefab
  artifactKey: Guid(fa61a68d4401d8443817250f979e81ff) Importer(815301076,1909f56bfc062723c751e8b465ee728b)
Start importing Assets/Prefabs/BloodDecalMeshes/Prefabs/blood_letter_M.prefab using Guid(fa61a68d4401d8443817250f979e81ff) Importer(815301076,1909f56bfc062723c751e8b465ee728b)  -> (artifact id: 'e851f24a6283e7c68109a551fcc1298d') in 0.046302 seconds 
========================================================================
Received Import Request.
  Time since last request: 0.000281 seconds.
  path: Assets/_Biomass/Prefabs/BiomassS_9.prefab
  artifactKey: Guid(197f8830c68a392429a9f21d779fc15a) Importer(815301076,1909f56bfc062723c751e8b465ee728b)
Start importing Assets/_Biomass/Prefabs/BiomassS_9.prefab using Guid(197f8830c68a392429a9f21d779fc15a) Importer(815301076,1909f56bfc062723c751e8b465ee728b)  -> (artifact id: '0410641e5b6434d790327c9c8bba2e4c') in 0.039412 seconds 
========================================================================
Received Import Request.
  Time since last request: 0.000352 seconds.
  path: Assets/Prefabs/BloodDecalMeshes/Prefabs/blood_rn_vii.prefab
  artifactKey: Guid(bab3a68a67403d440b476e3041450965) Importer(815301076,1909f56bfc062723c751e8b465ee728b)
Start importing Assets/Prefabs/BloodDecalMeshes/Prefabs/blood_rn_vii.prefab using Guid(bab3a68a67403d440b476e3041450965) Importer(815301076,1909f56bfc062723c751e8b465ee728b)  -> (artifact id: 'b71ba65d4ef8eec351e0e2bbb0f85ba0') in 0.040219 seconds 
========================================================================
Received Import Request.
  Time since last request: 0.000272 seconds.
  path: Assets/Prefabs/BloodDecalMeshes/Prefabs/blood_letter_y_lowCase.prefab
  artifactKey: Guid(5ce4c9a0222976247ae35977935d1931) Importer(815301076,1909f56bfc062723c751e8b465ee728b)
Start importing Assets/Prefabs/BloodDecalMeshes/Prefabs/blood_letter_y_lowCase.prefab using Guid(5ce4c9a0222976247ae35977935d1931) Importer(815301076,1909f56bfc062723c751e8b465ee728b)  -> (artifact id: '754cdc8d9f90084677b5e45a5451e708') in 0.039575 seconds 
========================================================================
Received Import Request.
  Time since last request: 0.000344 seconds.
  path: Assets/SFLCK_2/!Prefabs/Rails/Rails_Short.prefab
  artifactKey: Guid(763d9bfd645145447bdcd1217a7f345c) Importer(815301076,1909f56bfc062723c751e8b465ee728b)
Start importing Assets/SFLCK_2/!Prefabs/Rails/Rails_Short.prefab using Guid(763d9bfd645145447bdcd1217a7f345c) Importer(815301076,1909f56bfc062723c751e8b465ee728b)  -> (artifact id: 'a4a2f9b5aa2c3ca3540fb4e5aa7b741e') in 0.029067 seconds 
========================================================================
Received Import Request.
  Time since last request: 0.000283 seconds.
  path: Assets/SFLCK_2/!Prefabs/Interior/Pipes/A_Pipes_Middle.prefab
  artifactKey: Guid(acc41d77be0b81d49b61514de81e003b) Importer(815301076,1909f56bfc062723c751e8b465ee728b)
Start importing Assets/SFLCK_2/!Prefabs/Interior/Pipes/A_Pipes_Middle.prefab using Guid(acc41d77be0b81d49b61514de81e003b) Importer(815301076,1909f56bfc062723c751e8b465ee728b)  -> (artifact id: '985c9182f3c1c2172749d7cd82e98b63') in 0.029146 seconds 
========================================================================
Received Import Request.
  Time since last request: 0.000239 seconds.
  path: Assets/Prefabs/BloodDecalMeshes/Prefabs/BloodDecal_Arrow.prefab
  artifactKey: Guid(1636d99f9532bba4393236f3d5b5f081) Importer(815301076,1909f56bfc062723c751e8b465ee728b)
Start importing Assets/Prefabs/BloodDecalMeshes/Prefabs/BloodDecal_Arrow.prefab using Guid(1636d99f9532bba4393236f3d5b5f081) Importer(815301076,1909f56bfc062723c751e8b465ee728b)  -> (artifact id: '968dc14e3c8a3e2acff3888e7cf69ad1') in 0.034951 seconds 
========================================================================
Received Import Request.
  Time since last request: 0.000300 seconds.
  path: Assets/Prefabs/BloodDecalMeshes/Prefabs/BloodDecal_WritingD.prefab
  artifactKey: Guid(dfbe520d4fd00714097c57b2ef658b3d) Importer(815301076,1909f56bfc062723c751e8b465ee728b)
Start importing Assets/Prefabs/BloodDecalMeshes/Prefabs/BloodDecal_WritingD.prefab using Guid(dfbe520d4fd00714097c57b2ef658b3d) Importer(815301076,1909f56bfc062723c751e8b465ee728b)  -> (artifact id: '08e1377c8b8087b8a31e41d13d7e1e1f') in 0.033402 seconds 
========================================================================
Received Import Request.
  Time since last request: 0.000243 seconds.
  path: Assets/Prefabs/BloodDecalMeshes/Prefabs/blood_rn_vi.prefab
  artifactKey: Guid(11f38da60679b5042be52cdcf8fcac5d) Importer(815301076,1909f56bfc062723c751e8b465ee728b)
Start importing Assets/Prefabs/BloodDecalMeshes/Prefabs/blood_rn_vi.prefab using Guid(11f38da60679b5042be52cdcf8fcac5d) Importer(815301076,1909f56bfc062723c751e8b465ee728b)  -> (artifact id: '0b9d3b7bd5bb30c9c10398a8fc2a565c') in 0.034261 seconds 
========================================================================
Received Import Request.
  Time since last request: 0.000313 seconds.
  path: Assets/SFLCK_2/!Prefabs/Walls_A/Doorways/AB_Doorway_2x6.prefab
  artifactKey: Guid(3699b34a53870124ab668557a506600f) Importer(815301076,1909f56bfc062723c751e8b465ee728b)
Start importing Assets/SFLCK_2/!Prefabs/Walls_A/Doorways/AB_Doorway_2x6.prefab using Guid(3699b34a53870124ab668557a506600f) Importer(815301076,1909f56bfc062723c751e8b465ee728b)  -> (artifact id: 'fd7a7e55ecacfe4a56ec8e86aff46b40') in 0.036854 seconds 
========================================================================
Received Import Request.
  Time since last request: 0.000293 seconds.
  path: Assets/UnityTechnologies/ParticlePack/EffectExamples/Smoke & Steam Effects/Prefabs/Heat Distortion.prefab
  artifactKey: Guid(ea309e8646148c24ab067d84d5d22697) Importer(815301076,1909f56bfc062723c751e8b465ee728b)
Start importing Assets/UnityTechnologies/ParticlePack/EffectExamples/Smoke & Steam Effects/Prefabs/Heat Distortion.prefab using Guid(ea309e8646148c24ab067d84d5d22697) Importer(815301076,1909f56bfc062723c751e8b465ee728b)  -> (artifact id: '43837cacefec6d08abd5f62ab41c9c9d') in 0.382421 seconds 
========================================================================
Received Import Request.
  Time since last request: 0.000295 seconds.
  path: Assets/Prefabs/BloodDecalMeshes/Prefabs/blood_pict_333.prefab
  artifactKey: Guid(a92b8f2215ba4fa4397c358d10adbb86) Importer(815301076,1909f56bfc062723c751e8b465ee728b)
Start importing Assets/Prefabs/BloodDecalMeshes/Prefabs/blood_pict_333.prefab using Guid(a92b8f2215ba4fa4397c358d10adbb86) Importer(815301076,1909f56bfc062723c751e8b465ee728b)  -> (artifact id: 'abacdd47a1b1b78afbfe0063041d5475') in 0.039956 seconds 
========================================================================
Received Import Request.
  Time since last request: 0.000445 seconds.
  path: Assets/_Biomass/Prefabs/Biomass_2.prefab
  artifactKey: Guid(81839901a1ebc3d4f9e672e7c36bea5c) Importer(815301076,1909f56bfc062723c751e8b465ee728b)
Start importing Assets/_Biomass/Prefabs/Biomass_2.prefab using Guid(81839901a1ebc3d4f9e672e7c36bea5c) Importer(815301076,1909f56bfc062723c751e8b465ee728b)  -> (artifact id: '9ea6e6ae6688837d4228509eb216210e') in 0.049849 seconds 
========================================================================
Received Import Request.
  Time since last request: 0.000275 seconds.
  path: Assets/Prefabs/BloodDecalMeshes/Prefabs/blood_letter_a_lowCase.prefab
  artifactKey: Guid(3bafebbe1f8f60649898811553f159d1) Importer(815301076,1909f56bfc062723c751e8b465ee728b)
Start importing Assets/Prefabs/BloodDecalMeshes/Prefabs/blood_letter_a_lowCase.prefab using Guid(3bafebbe1f8f60649898811553f159d1) Importer(815301076,1909f56bfc062723c751e8b465ee728b)  -> (artifact id: '4456c8025da9caff46a4908ed02788e0') in 0.043757 seconds 
========================================================================
Received Import Request.
  Time since last request: 0.000269 seconds.
  path: Assets/SFLCK_2/!Prefabs/Interior/Panels/A_Panel_Wide.prefab
  artifactKey: Guid(3b9fbbc3ae22d8e428fbcc1a65538e90) Importer(815301076,1909f56bfc062723c751e8b465ee728b)
Start importing Assets/SFLCK_2/!Prefabs/Interior/Panels/A_Panel_Wide.prefab using Guid(3b9fbbc3ae22d8e428fbcc1a65538e90) Importer(815301076,1909f56bfc062723c751e8b465ee728b)  -> (artifact id: '7c2bd4bba24ef7a7c969479daf0b717d') in 0.032084 seconds 
========================================================================
Received Import Request.
  Time since last request: 0.000281 seconds.
  path: Assets/Prefabs/Player.prefab
  artifactKey: Guid(7460cc38c0a525a4b8e3c0fd99597d20) Importer(815301076,1909f56bfc062723c751e8b465ee728b)
Start importing Assets/Prefabs/Player.prefab using Guid(7460cc38c0a525a4b8e3c0fd99597d20) Importer(815301076,1909f56bfc062723c751e8b465ee728b)  -> (artifact id: '62f9dd67a04ae86cc7b45eb09037f61c') in 0.095858 seconds 
========================================================================
Received Import Request.
  Time since last request: 0.000348 seconds.
  path: Assets/SFLCK_2/!Prefabs/Machinery/Tech_1.prefab
  artifactKey: Guid(dea6c0aa8b938bb4fbe1d5913666d23c) Importer(815301076,1909f56bfc062723c751e8b465ee728b)
Start importing Assets/SFLCK_2/!Prefabs/Machinery/Tech_1.prefab using Guid(dea6c0aa8b938bb4fbe1d5913666d23c) Importer(815301076,1909f56bfc062723c751e8b465ee728b)  -> (artifact id: '6ae4a73c3edd8c42a5bb6867b10d0b56') in 0.071485 seconds 
========================================================================
Received Import Request.
  Time since last request: 0.000471 seconds.
  path: Assets/Prefabs/BloodDecalMeshes/Prefabs/Blood_Alphabet_Set.prefab
  artifactKey: Guid(5b96434a144105243a31d235b7d1d2b5) Importer(815301076,1909f56bfc062723c751e8b465ee728b)
Start importing Assets/Prefabs/BloodDecalMeshes/Prefabs/Blood_Alphabet_Set.prefab using Guid(5b96434a144105243a31d235b7d1d2b5) Importer(815301076,1909f56bfc062723c751e8b465ee728b)  -> (artifact id: '33e489ab85150136bb4ebebf3f368b5d') in 0.054453 seconds 
========================================================================
Received Import Request.
  Time since last request: 0.000389 seconds.
  path: Assets/Prefabs/BloodDecalMeshes/Prefabs/blood_math_multiply.prefab
  artifactKey: Guid(2e8925f3e07b22d4eab752de0c05740d) Importer(815301076,1909f56bfc062723c751e8b465ee728b)
Start importing Assets/Prefabs/BloodDecalMeshes/Prefabs/blood_math_multiply.prefab using Guid(2e8925f3e07b22d4eab752de0c05740d) Importer(815301076,1909f56bfc062723c751e8b465ee728b)  -> (artifact id: '34b51e9e4df585c8f24cc32c082717c0') in 0.037466 seconds 
========================================================================
Received Import Request.
  Time since last request: 0.000251 seconds.
  path: Assets/Prefabs/BloodDecalMeshes/Prefabs/blood_letter_g_lowCase.prefab
  artifactKey: Guid(2a0b3c4e4965a3b4b89030184175fa83) Importer(815301076,1909f56bfc062723c751e8b465ee728b)
Start importing Assets/Prefabs/BloodDecalMeshes/Prefabs/blood_letter_g_lowCase.prefab using Guid(2a0b3c4e4965a3b4b89030184175fa83) Importer(815301076,1909f56bfc062723c751e8b465ee728b)  -> (artifact id: 'f1013abfdd28cc4be092fcec0accc95c') in 0.038416 seconds 
========================================================================
Received Import Request.
  Time since last request: 0.000239 seconds.
  path: Assets/Prefabs/BloodDecalMeshes/Prefabs/BloodDecal_QuestionMark.prefab
  artifactKey: Guid(229cbde82cdce7949a85846f79a0b3b9) Importer(815301076,1909f56bfc062723c751e8b465ee728b)
Start importing Assets/Prefabs/BloodDecalMeshes/Prefabs/BloodDecal_QuestionMark.prefab using Guid(229cbde82cdce7949a85846f79a0b3b9) Importer(815301076,1909f56bfc062723c751e8b465ee728b)  -> (artifact id: 'd96695e6a3210d905e3c95243f62e383') in 0.040117 seconds 
========================================================================
Received Import Request.
  Time since last request: 0.000476 seconds.
  path: Assets/SFLCK_2/!Prefabs/Walls_C/Walls/BC_Wall_Simple_L_2x2.prefab
  artifactKey: Guid(58d2b12624972f64eb19d4b4601e4632) Importer(815301076,1909f56bfc062723c751e8b465ee728b)
Start importing Assets/SFLCK_2/!Prefabs/Walls_C/Walls/BC_Wall_Simple_L_2x2.prefab using Guid(58d2b12624972f64eb19d4b4601e4632) Importer(815301076,1909f56bfc062723c751e8b465ee728b)  -> (artifact id: 'bfd5220abfbfb0d5ccd15a4c57795ce5') in 0.046483 seconds 
========================================================================
Received Import Request.
  Time since last request: 0.000287 seconds.
  path: Assets/Prefabs/BloodDecalMeshes/Prefabs/BloodDecal_NotSafe.prefab
  artifactKey: Guid(fff8f715ba3b117498158c4b0f584a55) Importer(815301076,1909f56bfc062723c751e8b465ee728b)
Start importing Assets/Prefabs/BloodDecalMeshes/Prefabs/BloodDecal_NotSafe.prefab using Guid(fff8f715ba3b117498158c4b0f584a55) Importer(815301076,1909f56bfc062723c751e8b465ee728b)  -> (artifact id: '342d2e89b95305878684a6485c699bb2') in 0.035818 seconds 
========================================================================
Received Import Request.
  Time since last request: 0.000277 seconds.
  path: Assets/_Biomass/Prefabs/Pregathered/BiomassGathBF_3.prefab
  artifactKey: Guid(c32b8d6be232e934682ba6a36f142cc7) Importer(815301076,1909f56bfc062723c751e8b465ee728b)
Start importing Assets/_Biomass/Prefabs/Pregathered/BiomassGathBF_3.prefab using Guid(c32b8d6be232e934682ba6a36f142cc7) Importer(815301076,1909f56bfc062723c751e8b465ee728b)  -> (artifact id: '10030e6f1ec7d173cae91158445a6d9b') in 0.085159 seconds 
========================================================================
Received Import Request.
  Time since last request: 0.000261 seconds.
  path: Assets/SFLCK_2/!Prefabs/Computers/Monitor.prefab
  artifactKey: Guid(41186e8d62f44cd47b898620fdb8266a) Importer(815301076,1909f56bfc062723c751e8b465ee728b)
Start importing Assets/SFLCK_2/!Prefabs/Computers/Monitor.prefab using Guid(41186e8d62f44cd47b898620fdb8266a) Importer(815301076,1909f56bfc062723c751e8b465ee728b)  -> (artifact id: '162c5755f6cdc81fe8b0fe5e2e228239') in 0.055902 seconds 
========================================================================
Received Import Request.
  Time since last request: 0.000489 seconds.
  path: Assets/_Biomass/Prefabs/Pregathered/BiomassCUGath_1.prefab
  artifactKey: Guid(8c01e8c20fa417e44a81ce3820a50a42) Importer(815301076,1909f56bfc062723c751e8b465ee728b)
Start importing Assets/_Biomass/Prefabs/Pregathered/BiomassCUGath_1.prefab using Guid(8c01e8c20fa417e44a81ce3820a50a42) Importer(815301076,1909f56bfc062723c751e8b465ee728b)  -> (artifact id: '8d78fdba1207306256d97de5863ce99b') in 0.073448 seconds 
========================================================================
Received Import Request.
  Time since last request: 0.000268 seconds.
  path: Assets/Prefabs/BloodDecalMeshes/Prefabs/BloodDecal22.prefab
  artifactKey: Guid(cf97ba50bed485a468220bd87245652e) Importer(815301076,1909f56bfc062723c751e8b465ee728b)
Start importing Assets/Prefabs/BloodDecalMeshes/Prefabs/BloodDecal22.prefab using Guid(cf97ba50bed485a468220bd87245652e) Importer(815301076,1909f56bfc062723c751e8b465ee728b)  -> (artifact id: '4b1b5eab896e63eb281d40b7d16c4f9d') in 0.044366 seconds 
========================================================================
Received Import Request.
  Time since last request: 0.000229 seconds.
  path: Assets/Prefabs/BloodDecalMeshes/Prefabs/blood_heart-hole.prefab
  artifactKey: Guid(15ec2e14ee2a18744830d21784a8a78e) Importer(815301076,1909f56bfc062723c751e8b465ee728b)
Start importing Assets/Prefabs/BloodDecalMeshes/Prefabs/blood_heart-hole.prefab using Guid(15ec2e14ee2a18744830d21784a8a78e) Importer(815301076,1909f56bfc062723c751e8b465ee728b)  -> (artifact id: '74c8754b77fe7b95f757c4ebcd946d90') in 0.041525 seconds 
========================================================================
Received Import Request.
  Time since last request: 0.000282 seconds.
  path: Assets/Prefabs/BloodDecalMeshes/Prefabs/blood_letter_B.prefab
  artifactKey: Guid(70644eeb1c2e5c74b9ddb97c4c9e70fb) Importer(815301076,1909f56bfc062723c751e8b465ee728b)
Start importing Assets/Prefabs/BloodDecalMeshes/Prefabs/blood_letter_B.prefab using Guid(70644eeb1c2e5c74b9ddb97c4c9e70fb) Importer(815301076,1909f56bfc062723c751e8b465ee728b)  -> (artifact id: 'bb12708384aed8631113e9529490c00e') in 0.039671 seconds 
========================================================================
Received Import Request.
  Time since last request: 0.000311 seconds.
  path: Assets/_Biomass/Prefabs/Walls/Cylinder002.prefab
  artifactKey: Guid(93eb550bf3b16a0458543698100de123) Importer(815301076,1909f56bfc062723c751e8b465ee728b)
Start importing Assets/_Biomass/Prefabs/Walls/Cylinder002.prefab using Guid(93eb550bf3b16a0458543698100de123) Importer(815301076,1909f56bfc062723c751e8b465ee728b)  -> (artifact id: '7ff03f02f4011cc7683ca02a60d86135') in 0.023287 seconds 
========================================================================
Received Import Request.
  Time since last request: 0.000263 seconds.
  path: Assets/Prefabs/HitEffectStone.prefab
  artifactKey: Guid(f6982a4ff72f47e459f6b526ef0c5994) Importer(815301076,1909f56bfc062723c751e8b465ee728b)
Start importing Assets/Prefabs/HitEffectStone.prefab using Guid(f6982a4ff72f47e459f6b526ef0c5994) Importer(815301076,1909f56bfc062723c751e8b465ee728b)  -> (artifact id: '9a0d176b9eeee1aa8ce543f4380e745a') in 0.050307 seconds 
========================================================================
Received Import Request.
  Time since last request: 0.000273 seconds.
  path: Assets/_Biomass/Prefabs/Biomass_11.prefab
  artifactKey: Guid(00228047be6068a489977c8ee901e694) Importer(815301076,1909f56bfc062723c751e8b465ee728b)
Start importing Assets/_Biomass/Prefabs/Biomass_11.prefab using Guid(00228047be6068a489977c8ee901e694) Importer(815301076,1909f56bfc062723c751e8b465ee728b)  -> (artifact id: '7cbbfa859e81c0935e5d4d49e1bf72cb') in 0.046361 seconds 
========================================================================
Received Import Request.
  Time since last request: 0.000260 seconds.
  path: Assets/_Biomass/Prefabs/Biomass_18.prefab
  artifactKey: Guid(76f6812a1dbfde3419c59c3ae8eb9532) Importer(815301076,1909f56bfc062723c751e8b465ee728b)
Start importing Assets/_Biomass/Prefabs/Biomass_18.prefab using Guid(76f6812a1dbfde3419c59c3ae8eb9532) Importer(815301076,1909f56bfc062723c751e8b465ee728b)  -> (artifact id: 'a1c00765ab1b23ffd76cf9793f9aaac5') in 0.048125 seconds 
========================================================================
Received Import Request.
  Time since last request: 0.000242 seconds.
  path: Assets/Prefabs/BloodDecalMeshes/Prefabs/BloodDecal_Everywhere.prefab
  artifactKey: Guid(34932ea7b5ea55043814e94235615bdd) Importer(815301076,1909f56bfc062723c751e8b465ee728b)
Start importing Assets/Prefabs/BloodDecalMeshes/Prefabs/BloodDecal_Everywhere.prefab using Guid(34932ea7b5ea55043814e94235615bdd) Importer(815301076,1909f56bfc062723c751e8b465ee728b)  -> (artifact id: '360654e30dd3a4e351a547128bf602d2') in 0.054541 seconds 
========================================================================
Received Import Request.
  Time since last request: 0.000441 seconds.
  path: Assets/Prefabs/BloodDecalMeshes/Prefabs/blood_letter_V.prefab
  artifactKey: Guid(21238d6738c78fb4980e3be49a75a9c8) Importer(815301076,1909f56bfc062723c751e8b465ee728b)
Start importing Assets/Prefabs/BloodDecalMeshes/Prefabs/blood_letter_V.prefab using Guid(21238d6738c78fb4980e3be49a75a9c8) Importer(815301076,1909f56bfc062723c751e8b465ee728b)  -> (artifact id: '4dcfee065cca62a31e300df61f8cadec') in 0.045270 seconds 
========================================================================
Received Import Request.
  Time since last request: 0.000351 seconds.
  path: Assets/Prefabs/BloodDecalMeshes/Prefabs/BloodDecal03.prefab
  artifactKey: Guid(09bca3f77d2d7c9448067cde77b6aacd) Importer(815301076,1909f56bfc062723c751e8b465ee728b)
Start importing Assets/Prefabs/BloodDecalMeshes/Prefabs/BloodDecal03.prefab using Guid(09bca3f77d2d7c9448067cde77b6aacd) Importer(815301076,1909f56bfc062723c751e8b465ee728b)  -> (artifact id: '3076753262882cdb40a9919e3a7707ba') in 0.033133 seconds 
========================================================================
Received Import Request.
  Time since last request: 0.000293 seconds.
  path: Assets/SFLCK_2/!Prefabs/Walls_B/Doorways/BA_Doorway_2x6.prefab
  artifactKey: Guid(c86552d7010f7194f9d7e0beadabd25a) Importer(815301076,1909f56bfc062723c751e8b465ee728b)
Start importing Assets/SFLCK_2/!Prefabs/Walls_B/Doorways/BA_Doorway_2x6.prefab using Guid(c86552d7010f7194f9d7e0beadabd25a) Importer(815301076,1909f56bfc062723c751e8b465ee728b)  -> (artifact id: '0f9aba4597b0ac1e094b1308af052957') in 0.031716 seconds 
========================================================================
Received Import Request.
  Time since last request: 0.000264 seconds.
  path: Assets/SFLCK_2/!Prefabs/Machinery/HoloTable.prefab
  artifactKey: Guid(b20fe65d8aa7b234ba1c7360011b8ab6) Importer(815301076,1909f56bfc062723c751e8b465ee728b)
Start importing Assets/SFLCK_2/!Prefabs/Machinery/HoloTable.prefab using Guid(b20fe65d8aa7b234ba1c7360011b8ab6) Importer(815301076,1909f56bfc062723c751e8b465ee728b)  -> (artifact id: '73243d090258c4418302ebc4e621f1a0') in 0.056191 seconds 
========================================================================
Received Import Request.
  Time since last request: 0.000663 seconds.
  path: Assets/_Biomass/Prefabs/Pregathered/BiomassT_2.prefab
  artifactKey: Guid(f40b7a3d75ba5ce47b96bb4e5cd6d3cc) Importer(815301076,1909f56bfc062723c751e8b465ee728b)
Start importing Assets/_Biomass/Prefabs/Pregathered/BiomassT_2.prefab using Guid(f40b7a3d75ba5ce47b96bb4e5cd6d3cc) Importer(815301076,1909f56bfc062723c751e8b465ee728b)  -> (artifact id: '189442678590b04cce6c19123095c16d') in 0.054610 seconds 
========================================================================
Received Import Request.
  Time since last request: 0.000320 seconds.
  path: Assets/Prefabs/BloodDecalMeshes/Prefabs/blood_why.prefab
  artifactKey: Guid(a80a50552a6134b4dbc0b147ec51df2a) Importer(815301076,1909f56bfc062723c751e8b465ee728b)
Start importing Assets/Prefabs/BloodDecalMeshes/Prefabs/blood_why.prefab using Guid(a80a50552a6134b4dbc0b147ec51df2a) Importer(815301076,1909f56bfc062723c751e8b465ee728b)  -> (artifact id: '9d41a631d6b7a9542f0b5758e17c19e5') in 0.042561 seconds 
========================================================================
Received Import Request.
  Time since last request: 0.000315 seconds.
  path: Assets/_Biomass/Prefabs/Pregathered/BiomassTC_3.prefab
  artifactKey: Guid(5fda4342d10dd7f4293e69a13b49815b) Importer(815301076,1909f56bfc062723c751e8b465ee728b)
Start importing Assets/_Biomass/Prefabs/Pregathered/BiomassTC_3.prefab using Guid(5fda4342d10dd7f4293e69a13b49815b) Importer(815301076,1909f56bfc062723c751e8b465ee728b)  -> (artifact id: '1dadd9534d001d4a402f7031834ada1b') in 0.043275 seconds 
========================================================================
Received Import Request.
  Time since last request: 0.000280 seconds.
  path: Assets/_Biomass/Prefabs/BiomassCB_2.prefab
  artifactKey: Guid(5a429cae6fe58124395b016407c6845f) Importer(815301076,1909f56bfc062723c751e8b465ee728b)
Start importing Assets/_Biomass/Prefabs/BiomassCB_2.prefab using Guid(5a429cae6fe58124395b016407c6845f) Importer(815301076,1909f56bfc062723c751e8b465ee728b)  -> (artifact id: '92b88abcfa65bb00d0bcd05480e10158') in 0.056169 seconds 
========================================================================
Received Import Request.
  Time since last request: 0.000340 seconds.
  path: Assets/_Biomass/Prefabs/BiomassS_15.prefab
  artifactKey: Guid(d84b96cd6f507b34da527b1480bbaeb2) Importer(815301076,1909f56bfc062723c751e8b465ee728b)
Start importing Assets/_Biomass/Prefabs/BiomassS_15.prefab using Guid(d84b96cd6f507b34da527b1480bbaeb2) Importer(815301076,1909f56bfc062723c751e8b465ee728b)  -> (artifact id: '5387d8c34f274f86e91d854d6c68c479') in 0.036382 seconds 
========================================================================
Received Import Request.
  Time since last request: 0.000341 seconds.
  path: Assets/_Biomass/Prefabs/Pregathered/BiomassGathT_3.prefab
  artifactKey: Guid(67510fd57cb87d04d90ff133fbd888bb) Importer(815301076,1909f56bfc062723c751e8b465ee728b)
Start importing Assets/_Biomass/Prefabs/Pregathered/BiomassGathT_3.prefab using Guid(67510fd57cb87d04d90ff133fbd888bb) Importer(815301076,1909f56bfc062723c751e8b465ee728b)  -> (artifact id: '15154ad12cdf2d8af7bdfc9e82746948') in 0.047566 seconds 
========================================================================
Received Import Request.
  Time since last request: 0.000324 seconds.
  path: Assets/Prefabs/BloodDecalMeshes/Prefabs/blood_symb_goat.prefab
  artifactKey: Guid(ec797c8fd9e9607469229de709b9bcfe) Importer(815301076,1909f56bfc062723c751e8b465ee728b)
Start importing Assets/Prefabs/BloodDecalMeshes/Prefabs/blood_symb_goat.prefab using Guid(ec797c8fd9e9607469229de709b9bcfe) Importer(815301076,1909f56bfc062723c751e8b465ee728b)  -> (artifact id: 'a88ea0dcef45f6c048e3b3f304ced0ae') in 0.034325 seconds 
========================================================================
Received Import Request.
  Time since last request: 0.000207 seconds.
  path: Assets/_Biomass/Prefabs/BiomassS_7.prefab
  artifactKey: Guid(2ccc8d5ae1092ed448cd375770c9894c) Importer(815301076,1909f56bfc062723c751e8b465ee728b)
Start importing Assets/_Biomass/Prefabs/BiomassS_7.prefab using Guid(2ccc8d5ae1092ed448cd375770c9894c) Importer(815301076,1909f56bfc062723c751e8b465ee728b)  -> (artifact id: 'e04bc26eea147661cc94486e0d1e6ae1') in 0.030624 seconds 
========================================================================
Received Import Request.
  Time since last request: 0.000198 seconds.
  path: Assets/_Biomass/Prefabs/Pregathered/BiomassFGath_3.prefab
  artifactKey: Guid(805064590ee0d98439bda110d33b683f) Importer(815301076,1909f56bfc062723c751e8b465ee728b)
Start importing Assets/_Biomass/Prefabs/Pregathered/BiomassFGath_3.prefab using Guid(805064590ee0d98439bda110d33b683f) Importer(815301076,1909f56bfc062723c751e8b465ee728b)  -> (artifact id: '38749210a3597785248ef1e03f0d549f') in 0.045594 seconds 
========================================================================
Received Import Request.
  Time since last request: 0.000445 seconds.
  path: Assets/_Biomass/Prefabs/BiomassS_18.prefab
  artifactKey: Guid(acd71d5a2bf03b34d82bb1b57d7cb565) Importer(815301076,1909f56bfc062723c751e8b465ee728b)
Start importing Assets/_Biomass/Prefabs/BiomassS_18.prefab using Guid(acd71d5a2bf03b34d82bb1b57d7cb565) Importer(815301076,1909f56bfc062723c751e8b465ee728b)  -> (artifact id: '7c7b67718454d2490ab7e06a6233f88d') in 0.031144 seconds 
========================================================================
Received Import Request.
  Time since last request: 0.000297 seconds.
  path: Assets/SFLCK_2/!Prefabs/Interior/Vents/Prop_C_Airbox.prefab
  artifactKey: Guid(d3f704273511c2c4d89eee3d1f60db31) Importer(815301076,1909f56bfc062723c751e8b465ee728b)
Start importing Assets/SFLCK_2/!Prefabs/Interior/Vents/Prop_C_Airbox.prefab using Guid(d3f704273511c2c4d89eee3d1f60db31) Importer(815301076,1909f56bfc062723c751e8b465ee728b)  -> (artifact id: '5810ac872226596f91d0642e2bd3c9be') in 0.050002 seconds 
========================================================================
Received Import Request.
  Time since last request: 0.000384 seconds.
  path: Assets/_Biomass/Prefabs/Pregathered/BiomassCUGath_2.prefab
  artifactKey: Guid(20b7ae75025c1514580cee9d0cba30d1) Importer(815301076,1909f56bfc062723c751e8b465ee728b)
Start importing Assets/_Biomass/Prefabs/Pregathered/BiomassCUGath_2.prefab using Guid(20b7ae75025c1514580cee9d0cba30d1) Importer(815301076,1909f56bfc062723c751e8b465ee728b)  -> (artifact id: '0c89cbd3197eac07699eab2d08820b86') in 0.075516 seconds 
========================================================================
Received Import Request.
  Time since last request: 0.000305 seconds.
  path: Assets/Prefabs/BloodDecalMeshes/Prefabs/blood_letter_m_lowCase.prefab
  artifactKey: Guid(970c8a24e2de43f4085f0e793186ea89) Importer(815301076,1909f56bfc062723c751e8b465ee728b)
Start importing Assets/Prefabs/BloodDecalMeshes/Prefabs/blood_letter_m_lowCase.prefab using Guid(970c8a24e2de43f4085f0e793186ea89) Importer(815301076,1909f56bfc062723c751e8b465ee728b)  -> (artifact id: '2d446d407957f6b879c5cf88e62a8952') in 0.042829 seconds 
========================================================================
Received Import Request.
  Time since last request: 0.000251 seconds.
  path: Assets/Prefabs/BloodDecalMeshes/Prefabs/blood_arrow_downLeft.prefab
  artifactKey: Guid(b149074fd8cf6a543b9a5c2b4bab00c5) Importer(815301076,1909f56bfc062723c751e8b465ee728b)
Start importing Assets/Prefabs/BloodDecalMeshes/Prefabs/blood_arrow_downLeft.prefab using Guid(b149074fd8cf6a543b9a5c2b4bab00c5) Importer(815301076,1909f56bfc062723c751e8b465ee728b)  -> (artifact id: 'e14e215c1e198ae29def7d1a4ced9443') in 0.048268 seconds 
========================================================================
Received Import Request.
  Time since last request: 0.000356 seconds.
  path: Assets/SFLCK_2/!Prefabs/Walls_B/Ramps/B_Ramp_2x4.prefab
  artifactKey: Guid(78e2074aec1e045409d867360a255d89) Importer(815301076,1909f56bfc062723c751e8b465ee728b)
Start importing Assets/SFLCK_2/!Prefabs/Walls_B/Ramps/B_Ramp_2x4.prefab using Guid(78e2074aec1e045409d867360a255d89) Importer(815301076,1909f56bfc062723c751e8b465ee728b)  -> (artifact id: 'f4d1eaee5c3a28c1c422d5a18b29619d') in 0.040574 seconds 
========================================================================
Received Import Request.
  Time since last request: 0.000359 seconds.
  path: Assets/_Biomass/Prefabs/Pregathered/BiomassFGath_5.prefab
  artifactKey: Guid(05f3597073493614e9902e794cb35ff8) Importer(815301076,1909f56bfc062723c751e8b465ee728b)
Start importing Assets/_Biomass/Prefabs/Pregathered/BiomassFGath_5.prefab using Guid(05f3597073493614e9902e794cb35ff8) Importer(815301076,1909f56bfc062723c751e8b465ee728b)  -> (artifact id: '70bdabf87cb88ab0ecd51b53cdc3c565') in 0.053830 seconds 
========================================================================
Received Import Request.
  Time since last request: 0.000285 seconds.
  path: Assets/UnityTechnologies/ParticlePack/EffectExamples/Weapon Effects/Prefabs/StoneImpacts.prefab
  artifactKey: Guid(8b7a1ffda5bb7474b8fae646c45ce7b4) Importer(815301076,1909f56bfc062723c751e8b465ee728b)
Start importing Assets/UnityTechnologies/ParticlePack/EffectExamples/Weapon Effects/Prefabs/StoneImpacts.prefab using Guid(8b7a1ffda5bb7474b8fae646c45ce7b4) Importer(815301076,1909f56bfc062723c751e8b465ee728b)  -> (artifact id: 'c70e23f233a2cc7e50dc3e6a0743289b') in 0.624727 seconds 
========================================================================
Received Import Request.
  Time since last request: 0.000378 seconds.
  path: Assets/_Biomass/Prefabs/BiomassS_4.prefab
  artifactKey: Guid(84c5de0316e3e4348b09cbc48878826a) Importer(815301076,1909f56bfc062723c751e8b465ee728b)
Start importing Assets/_Biomass/Prefabs/BiomassS_4.prefab using Guid(84c5de0316e3e4348b09cbc48878826a) Importer(815301076,1909f56bfc062723c751e8b465ee728b)  -> (artifact id: 'd87c85b0000479c851b694cd066c3bca') in 0.039802 seconds 
========================================================================
Received Import Request.
  Time since last request: 0.000313 seconds.
  path: Assets/SFLCK_2/!Prefabs/Walls_A/Ramps/A_Wall_Ramp_L_2x6.prefab
  artifactKey: Guid(81c184d0b8210f446b2427269ce9ed40) Importer(815301076,1909f56bfc062723c751e8b465ee728b)
Start importing Assets/SFLCK_2/!Prefabs/Walls_A/Ramps/A_Wall_Ramp_L_2x6.prefab using Guid(81c184d0b8210f446b2427269ce9ed40) Importer(815301076,1909f56bfc062723c751e8b465ee728b)  -> (artifact id: 'a6378a27c37c317af840c17e6bb5a916') in 0.037946 seconds 
========================================================================
Received Import Request.
  Time since last request: 0.000455 seconds.
  path: Assets/Prefabs/BloodDecalMeshes/Prefabs/blood_letter_I.prefab
  artifactKey: Guid(6ccab314976e80441a488eb7fca233c3) Importer(815301076,1909f56bfc062723c751e8b465ee728b)
Start importing Assets/Prefabs/BloodDecalMeshes/Prefabs/blood_letter_I.prefab using Guid(6ccab314976e80441a488eb7fca233c3) Importer(815301076,1909f56bfc062723c751e8b465ee728b)  -> (artifact id: '709f4a8ceaadf5616f3954374ec055c4') in 0.037351 seconds 
========================================================================
Received Import Request.
  Time since last request: 0.000299 seconds.
  path: Assets/Prefabs/BloodDecalMeshes/Prefabs/BloodDecal07.prefab
  artifactKey: Guid(0a76d0ff7383f774e8e77ff5b9911a13) Importer(815301076,1909f56bfc062723c751e8b465ee728b)
Start importing Assets/Prefabs/BloodDecalMeshes/Prefabs/BloodDecal07.prefab using Guid(0a76d0ff7383f774e8e77ff5b9911a13) Importer(815301076,1909f56bfc062723c751e8b465ee728b)  -> (artifact id: '2f184f4845e864ffbc414661aefa8bc4') in 0.032822 seconds 
========================================================================
Received Import Request.
  Time since last request: 0.000418 seconds.
  path: Assets/SFLCK_2/!Prefabs/Containers/Container_Largest.prefab
  artifactKey: Guid(82972f819d1d1cb4085d91112223029a) Importer(815301076,1909f56bfc062723c751e8b465ee728b)
Start importing Assets/SFLCK_2/!Prefabs/Containers/Container_Largest.prefab using Guid(82972f819d1d1cb4085d91112223029a) Importer(815301076,1909f56bfc062723c751e8b465ee728b)  -> (artifact id: 'd8319826c88aa63dd28c1b12e5256355') in 0.033559 seconds 
========================================================================
Received Import Request.
  Time since last request: 0.000262 seconds.
  path: Assets/UnityTechnologies/ParticlePack/EffectExamples/Misc Effects/Prefabs/ElectricalSparks.prefab
  artifactKey: Guid(96b2ec0239d11fa4b9792311efceb8ed) Importer(815301076,1909f56bfc062723c751e8b465ee728b)
Start importing Assets/UnityTechnologies/ParticlePack/EffectExamples/Misc Effects/Prefabs/ElectricalSparks.prefab using Guid(96b2ec0239d11fa4b9792311efceb8ed) Importer(815301076,1909f56bfc062723c751e8b465ee728b)  -> (artifact id: 'b5dafed2a9ad9a65f85a127fdbfb8514') in 0.027642 seconds 
========================================================================
Received Import Request.
  Time since last request: 0.000320 seconds.
  path: Assets/UnityTechnologies/ParticlePack/EffectExamples/Goop Effects/Prefabs/GoopSprayEffect.prefab
  artifactKey: Guid(abb9f519b142e304d9c45b56afa768bc) Importer(815301076,1909f56bfc062723c751e8b465ee728b)
Start importing Assets/UnityTechnologies/ParticlePack/EffectExamples/Goop Effects/Prefabs/GoopSprayEffect.prefab using Guid(abb9f519b142e304d9c45b56afa768bc) Importer(815301076,1909f56bfc062723c751e8b465ee728b)  -> (artifact id: 'fc439e8cbb9d671926903d747a140f8d') in 0.030290 seconds 
========================================================================
Received Import Request.
  Time since last request: 0.000303 seconds.
  path: Assets/SFLCK_2/!Prefabs/Walls_C/Walls/Prop_C_Display_Wall.prefab
  artifactKey: Guid(0f406f1d41ca5664fb582780bf4e28f2) Importer(815301076,1909f56bfc062723c751e8b465ee728b)
Start importing Assets/SFLCK_2/!Prefabs/Walls_C/Walls/Prop_C_Display_Wall.prefab using Guid(0f406f1d41ca5664fb582780bf4e28f2) Importer(815301076,1909f56bfc062723c751e8b465ee728b)  -> (artifact id: 'ee495839cee111d03b00b8d2f1ebdc6c') in 0.055562 seconds 
========================================================================
Received Import Request.
  Time since last request: 0.000255 seconds.
  path: Assets/SFLCK_2/!Prefabs/Interior/Walls/Wall_Frame_Thin.prefab
  artifactKey: Guid(cb0971eeddb91224585d3abed76c0127) Importer(815301076,1909f56bfc062723c751e8b465ee728b)
Start importing Assets/SFLCK_2/!Prefabs/Interior/Walls/Wall_Frame_Thin.prefab using Guid(cb0971eeddb91224585d3abed76c0127) Importer(815301076,1909f56bfc062723c751e8b465ee728b)  -> (artifact id: '980971600b6690d5dd3a6bda577a67d7') in 0.037493 seconds 
========================================================================
Received Import Request.
  Time since last request: 0.000367 seconds.
  path: Assets/SFLCK_2/!Prefabs/Walls_A/Celing/A_Ceiling_Corner_In_Open_4x4.prefab
  artifactKey: Guid(45a7ff5259aeb634e9ac70912534301a) Importer(815301076,1909f56bfc062723c751e8b465ee728b)
Start importing Assets/SFLCK_2/!Prefabs/Walls_A/Celing/A_Ceiling_Corner_In_Open_4x4.prefab using Guid(45a7ff5259aeb634e9ac70912534301a) Importer(815301076,1909f56bfc062723c751e8b465ee728b)  -> (artifact id: '596c302b9c91509b5fe0ee0163b5dedb') in 0.042845 seconds 
========================================================================
Received Import Request.
  Time since last request: 0.000291 seconds.
  path: Assets/SFLCK_2/!Prefabs/Interior/Panels/C_Wallplane_4.prefab
  artifactKey: Guid(907dfcb972e44754f8e702f1669bded7) Importer(815301076,1909f56bfc062723c751e8b465ee728b)
Start importing Assets/SFLCK_2/!Prefabs/Interior/Panels/C_Wallplane_4.prefab using Guid(907dfcb972e44754f8e702f1669bded7) Importer(815301076,1909f56bfc062723c751e8b465ee728b)  -> (artifact id: '74b911c788dfbdbf9c1926f9d027e971') in 0.044911 seconds 
========================================================================
Received Import Request.
  Time since last request: 0.000420 seconds.
  path: Assets/UnityTechnologies/ParticlePack/EffectExamples/Smoke & Steam Effects/Prefabs/PressurisedSteam.prefab
  artifactKey: Guid(61bb62591466c3649bdf4905822d72f6) Importer(815301076,1909f56bfc062723c751e8b465ee728b)
Start importing Assets/UnityTechnologies/ParticlePack/EffectExamples/Smoke & Steam Effects/Prefabs/PressurisedSteam.prefab using Guid(61bb62591466c3649bdf4905822d72f6) Importer(815301076,1909f56bfc062723c751e8b465ee728b)  -> (artifact id: '42f783b793c40ad09b4d4c948aa0b348') in 0.043989 seconds 
========================================================================
Received Import Request.
  Time since last request: 0.000332 seconds.
  path: Assets/SFLCK_2/!Prefabs/Walls_B/Walls/B_Wall_Simple_4x4.prefab
  artifactKey: Guid(fc05c7a8d1db4174a89fcd81ce733ca2) Importer(815301076,1909f56bfc062723c751e8b465ee728b)
Start importing Assets/SFLCK_2/!Prefabs/Walls_B/Walls/B_Wall_Simple_4x4.prefab using Guid(fc05c7a8d1db4174a89fcd81ce733ca2) Importer(815301076,1909f56bfc062723c751e8b465ee728b)  -> (artifact id: 'f08df3af357748af7df6d5005ded0389') in 0.033714 seconds 
========================================================================
Received Import Request.
  Time since last request: 0.000332 seconds.
  path: Assets/UnityTechnologies/ParticlePack/EffectExamples/Water Effects/Materials/Water.mat
  artifactKey: Guid(967578261f8e13142b10ed604e91b64b) Importer(815301076,1909f56bfc062723c751e8b465ee728b)
Start importing Assets/UnityTechnologies/ParticlePack/EffectExamples/Water Effects/Materials/Water.mat using Guid(967578261f8e13142b10ed604e91b64b) Importer(815301076,1909f56bfc062723c751e8b465ee728b)  -> (artifact id: '85df56b8b4bb5c8aa50f102b733ef03e') in 0.296675 seconds 
========================================================================
Received Import Request.
  Time since last request: 0.000423 seconds.
  path: Assets/_Biomass/__CubemapsShaders/Sky4.mat
  artifactKey: Guid(03327fb355e8ba24981e3aaa8b3e5727) Importer(815301076,1909f56bfc062723c751e8b465ee728b)
Start importing Assets/_Biomass/__CubemapsShaders/Sky4.mat using Guid(03327fb355e8ba24981e3aaa8b3e5727) Importer(815301076,1909f56bfc062723c751e8b465ee728b)  -> (artifact id: 'f7648769b4f39d6f1ef4722aed9af3c4') in 0.083454 seconds 
========================================================================
Received Import Request.
  Time since last request: 0.000633 seconds.
  path: Assets/UnityTechnologies/ParticlePack/EffectExamples/Weapon Effects/Materials/WaterStreamParticle.mat
  artifactKey: Guid(8ea6ed53aae46fe4e83d154e73aed27e) Importer(815301076,1909f56bfc062723c751e8b465ee728b)
Start importing Assets/UnityTechnologies/ParticlePack/EffectExamples/Weapon Effects/Materials/WaterStreamParticle.mat using Guid(8ea6ed53aae46fe4e83d154e73aed27e) Importer(815301076,1909f56bfc062723c751e8b465ee728b)  -> (artifact id: '913d6163ee92600628a40f2e4bebb932') in 0.566459 seconds 
========================================================================
Received Import Request.
  Time since last request: 0.000454 seconds.
  path: Assets/UnityTechnologies/ParticlePack/EffectExamples/Water Effects/Models/DropSplash.fbx
  artifactKey: Guid(e6c27adf3e47c024da4e786f5898c785) Importer(815301076,1909f56bfc062723c751e8b465ee728b)
Start importing Assets/UnityTechnologies/ParticlePack/EffectExamples/Water Effects/Models/DropSplash.fbx using Guid(e6c27adf3e47c024da4e786f5898c785) Importer(815301076,1909f56bfc062723c751e8b465ee728b)  -> (artifact id: 'e528b1e924b34f79966e3a41eba26a82') in 0.032576 seconds 
========================================================================
Received Import Request.
  Time since last request: 0.000309 seconds.
  path: Assets/SFLCK_2/Furniture_1/Furniture_1_Blanket_3.FBX
  artifactKey: Guid(ad3eb269557ca4848a46a28bf211d0cd) Importer(815301076,1909f56bfc062723c751e8b465ee728b)
Start importing Assets/SFLCK_2/Furniture_1/Furniture_1_Blanket_3.FBX using Guid(ad3eb269557ca4848a46a28bf211d0cd) Importer(815301076,1909f56bfc062723c751e8b465ee728b)  -> (artifact id: 'b1828b16e1f309d82555640edd22b5cb') in 0.035430 seconds 
========================================================================
Received Import Request.
  Time since last request: 0.000379 seconds.
  path: Assets/SFLCK_2/Furniture_1/Furniture_1_Blanket_1.FBX
  artifactKey: Guid(c5b91f5e4b765eb439a6f1777a9bdc32) Importer(815301076,1909f56bfc062723c751e8b465ee728b)
Start importing Assets/SFLCK_2/Furniture_1/Furniture_1_Blanket_1.FBX using Guid(c5b91f5e4b765eb439a6f1777a9bdc32) Importer(815301076,1909f56bfc062723c751e8b465ee728b)  -> (artifact id: '72f4d65f73b04a890108b3a87c650a03') in 0.032398 seconds 
========================================================================
Received Import Request.
  Time since last request: 0.000289 seconds.
  path: Assets/SFLCK_2/Furniture_2/Furnirure_2_Table_1.FBX
  artifactKey: Guid(21545f80e9b5881498781fa62e07aa18) Importer(815301076,1909f56bfc062723c751e8b465ee728b)
Start importing Assets/SFLCK_2/Furniture_2/Furnirure_2_Table_1.FBX using Guid(21545f80e9b5881498781fa62e07aa18) Importer(815301076,1909f56bfc062723c751e8b465ee728b)  -> (artifact id: '3e7f0b6507327231ac7a9f054b1dd537') in 0.030913 seconds 
========================================================================
Received Import Request.
  Time since last request: 0.000393 seconds.
  path: Assets/SFLCK_2/Furniture_1/Furniture_1_Bed_Small.FBX
  artifactKey: Guid(e4bbbc00e70201d438511b5f957e856e) Importer(815301076,1909f56bfc062723c751e8b465ee728b)
Start importing Assets/SFLCK_2/Furniture_1/Furniture_1_Bed_Small.FBX using Guid(e4bbbc00e70201d438511b5f957e856e) Importer(815301076,1909f56bfc062723c751e8b465ee728b)  -> (artifact id: 'd6565c795e560d89fda8c81c6ea8196d') in 0.034562 seconds 
========================================================================
Received Import Request.
  Time since last request: 0.000270 seconds.
  path: Assets/SFLCK_2/Furniture_2/Furnirure_2_Chair_4.FBX
  artifactKey: Guid(8cf9d4dd8ad0b5f48b2f3966544f156b) Importer(815301076,1909f56bfc062723c751e8b465ee728b)
Start importing Assets/SFLCK_2/Furniture_2/Furnirure_2_Chair_4.FBX using Guid(8cf9d4dd8ad0b5f48b2f3966544f156b) Importer(815301076,1909f56bfc062723c751e8b465ee728b)  -> (artifact id: 'f8fc594c07d4783a8d96b5d5924dd550') in 0.031655 seconds 
========================================================================
Received Import Request.
  Time since last request: 0.000329 seconds.
  path: Assets/SFLCK_2/Furniture_3/Furniture_3_Console_1.FBX
  artifactKey: Guid(341a3e018868ad94fa6fe72f2ee6111c) Importer(815301076,1909f56bfc062723c751e8b465ee728b)
Start importing Assets/SFLCK_2/Furniture_3/Furniture_3_Console_1.FBX using Guid(341a3e018868ad94fa6fe72f2ee6111c) Importer(815301076,1909f56bfc062723c751e8b465ee728b)  -> (artifact id: 'aa5c96086c5d6641360de47a59c7c13e') in 0.035008 seconds 
========================================================================
Received Import Request.
  Time since last request: 0.000302 seconds.
  path: Assets/SFLCK_2/Furniture_2/Furnirure_2_Chair_3.FBX
  artifactKey: Guid(4f38d8db19f77b2458ea265e31775bc9) Importer(815301076,1909f56bfc062723c751e8b465ee728b)
Start importing Assets/SFLCK_2/Furniture_2/Furnirure_2_Chair_3.FBX using Guid(4f38d8db19f77b2458ea265e31775bc9) Importer(815301076,1909f56bfc062723c751e8b465ee728b)  -> (artifact id: '4c55279605c48e24ab467e50f3e26521') in 0.038618 seconds 
========================================================================
Received Import Request.
  Time since last request: 0.000334 seconds.
  path: Assets/SFLCK_2/Furniture_3/Furniture_3_Console_2.FBX
  artifactKey: Guid(cbe51bccc313813489fcbfb36dacb917) Importer(815301076,1909f56bfc062723c751e8b465ee728b)
Start importing Assets/SFLCK_2/Furniture_3/Furniture_3_Console_2.FBX using Guid(cbe51bccc313813489fcbfb36dacb917) Importer(815301076,1909f56bfc062723c751e8b465ee728b)  -> (artifact id: 'd05379919e6e4b1181519757f72083e6') in 0.037590 seconds 
========================================================================
Received Import Request.
  Time since last request: 0.000318 seconds.
  path: Assets/SFLCK_2/Furniture_1/Furniture_1_Pillow_Large.FBX
  artifactKey: Guid(54ef8c0ba3eba194cafb50d815c5aa31) Importer(815301076,1909f56bfc062723c751e8b465ee728b)
Start importing Assets/SFLCK_2/Furniture_1/Furniture_1_Pillow_Large.FBX using Guid(54ef8c0ba3eba194cafb50d815c5aa31) Importer(815301076,1909f56bfc062723c751e8b465ee728b)  -> (artifact id: '6c27abf5cc52e24f36b0d95885526c48') in 0.035357 seconds 
========================================================================
Received Import Request.
  Time since last request: 0.000324 seconds.
  path: Assets/UnityTechnologies/ParticlePack/EffectExamples/Magic Effects/Models/IceLance.FBX
  artifactKey: Guid(735d1d1e5a1d1934589aa44da6a7ea75) Importer(815301076,1909f56bfc062723c751e8b465ee728b)
Start importing Assets/UnityTechnologies/ParticlePack/EffectExamples/Magic Effects/Models/IceLance.FBX using Guid(735d1d1e5a1d1934589aa44da6a7ea75) Importer(815301076,1909f56bfc062723c751e8b465ee728b)  -> (artifact id: 'd963ba0f8c0d81fbc6a39259f5e6aecc') in 0.417005 seconds 
========================================================================
Received Import Request.
  Time since last request: 0.000616 seconds.
  path: Assets/SFLCK_2/Furniture_3/Furniture_3_Table_2.FBX
  artifactKey: Guid(af2b6cf62135faf4aaeaea13ad903614) Importer(815301076,1909f56bfc062723c751e8b465ee728b)
Start importing Assets/SFLCK_2/Furniture_3/Furniture_3_Table_2.FBX using Guid(af2b6cf62135faf4aaeaea13ad903614) Importer(815301076,1909f56bfc062723c751e8b465ee728b)  -> (artifact id: 'c8a07f57191ea4c7ca31350afb2146d5') in 0.064014 seconds 
========================================================================
Received Import Request.
  Time since last request: 0.000344 seconds.
  path: Assets/SFLCK_2/Furniture_3/Furniture_3_Table_1.FBX
  artifactKey: Guid(50b25ce791405d148aca70b3ce74345c) Importer(815301076,1909f56bfc062723c751e8b465ee728b)
Start importing Assets/SFLCK_2/Furniture_3/Furniture_3_Table_1.FBX using Guid(50b25ce791405d148aca70b3ce74345c) Importer(815301076,1909f56bfc062723c751e8b465ee728b)  -> (artifact id: '789c6a99b23568da55fedcf465ea76da') in 0.063863 seconds 
========================================================================
Received Import Request.
  Time since last request: 0.000260 seconds.
  path: Assets/Prefabs/music box/Misc/musicBoxAnimation.FBX
  artifactKey: Guid(d1e8cd32619a90c479f9dc916b43fcd3) Importer(815301076,1909f56bfc062723c751e8b465ee728b)
Start importing Assets/Prefabs/music box/Misc/musicBoxAnimation.FBX using Guid(d1e8cd32619a90c479f9dc916b43fcd3) Importer(815301076,1909f56bfc062723c751e8b465ee728b)  -> (artifact id: 'bf76a84d03a9f9aa5419d96baf8fa0d9') in 0.057848 seconds 
========================================================================
Received Import Request.
  Time since last request: 0.000364 seconds.
  path: Assets/Prefabs/BloodDecalMeshes/Prefabs/BloodDecal02.prefab
  artifactKey: Guid(6da9153dfa70a854a8ee7054c63db859) Importer(815301076,1909f56bfc062723c751e8b465ee728b)
Start importing Assets/Prefabs/BloodDecalMeshes/Prefabs/BloodDecal02.prefab using Guid(6da9153dfa70a854a8ee7054c63db859) Importer(815301076,1909f56bfc062723c751e8b465ee728b)  -> (artifact id: 'c75c4e8101c49eafc03e500eb4337dec') in 0.036773 seconds 
========================================================================
Received Import Request.
  Time since last request: 0.000207 seconds.
  path: Assets/SFLCK_2/!Prefabs/Walls_B/Corners/B_Corner_Out_2x2.prefab
  artifactKey: Guid(cfa1e83e9e8691c46b1323cd5de5f835) Importer(815301076,1909f56bfc062723c751e8b465ee728b)
Start importing Assets/SFLCK_2/!Prefabs/Walls_B/Corners/B_Corner_Out_2x2.prefab using Guid(cfa1e83e9e8691c46b1323cd5de5f835) Importer(815301076,1909f56bfc062723c751e8b465ee728b)  -> (artifact id: 'b58c29a68aedc230819e6aa36038c849') in 0.032698 seconds 
========================================================================
Received Import Request.
  Time since last request: 0.000254 seconds.
  path: Assets/SFLCK_2/!Prefabs/Walls_B/Ramps/B_Stair_2x6.prefab
  artifactKey: Guid(37a3d93d2c50c0b418b4ec36857bc417) Importer(815301076,1909f56bfc062723c751e8b465ee728b)
Start importing Assets/SFLCK_2/!Prefabs/Walls_B/Ramps/B_Stair_2x6.prefab using Guid(37a3d93d2c50c0b418b4ec36857bc417) Importer(815301076,1909f56bfc062723c751e8b465ee728b)  -> (artifact id: '720e9bfddc53a5b404b8e6e9a7dc6483') in 0.034854 seconds 
========================================================================
Received Import Request.
  Time since last request: 0.000270 seconds.
  path: Assets/Prefabs/BloodDecalMeshes/Prefabs/blood_letter_J.prefab
  artifactKey: Guid(1e018f878129da84ba40e4e88580dbc1) Importer(815301076,1909f56bfc062723c751e8b465ee728b)
Start importing Assets/Prefabs/BloodDecalMeshes/Prefabs/blood_letter_J.prefab using Guid(1e018f878129da84ba40e4e88580dbc1) Importer(815301076,1909f56bfc062723c751e8b465ee728b)  -> (artifact id: '86748ca7223475f3a76523bc6d314f17') in 0.036216 seconds 
========================================================================
Received Import Request.
  Time since last request: 0.000271 seconds.
  path: Assets/_Biomass/Prefabs/BiomassS_20.prefab
  artifactKey: Guid(f8e44327e7cd200409d9d9f3d5ba6978) Importer(815301076,1909f56bfc062723c751e8b465ee728b)
Start importing Assets/_Biomass/Prefabs/BiomassS_20.prefab using Guid(f8e44327e7cd200409d9d9f3d5ba6978) Importer(815301076,1909f56bfc062723c751e8b465ee728b)  -> (artifact id: 'b75cb94ad756eedd13d4685c905e7bcd') in 0.030237 seconds 
========================================================================
Received Import Request.
  Time since last request: 0.000410 seconds.
  path: Assets/SFLCK_2/!Prefabs/Walls_A/Corners/A_X_Corner_In_8x8.prefab
  artifactKey: Guid(68e917247f7b5b14d84ff798e33f6338) Importer(815301076,1909f56bfc062723c751e8b465ee728b)
Start importing Assets/SFLCK_2/!Prefabs/Walls_A/Corners/A_X_Corner_In_8x8.prefab using Guid(68e917247f7b5b14d84ff798e33f6338) Importer(815301076,1909f56bfc062723c751e8b465ee728b)  -> (artifact id: 'a13a5775df5371abc90607a0449829bf') in 0.036017 seconds 
========================================================================
Received Import Request.
  Time since last request: 0.000228 seconds.
  path: Assets/SFLCK_2/!Prefabs/Walls_A/DeadEnds/A_End_R_2x2.prefab
  artifactKey: Guid(a2070673f1fb36c46b553f2c81f914e0) Importer(815301076,1909f56bfc062723c751e8b465ee728b)
Start importing Assets/SFLCK_2/!Prefabs/Walls_A/DeadEnds/A_End_R_2x2.prefab using Guid(a2070673f1fb36c46b553f2c81f914e0) Importer(815301076,1909f56bfc062723c751e8b465ee728b)  -> (artifact id: '5700868463e62563903f9da0968a5b52') in 0.037263 seconds 
========================================================================
Received Import Request.
  Time since last request: 0.000282 seconds.
  path: Assets/_Biomass/Prefabs/BiomassCB_3.prefab
  artifactKey: Guid(a685d708237329949ad956a7eda5c925) Importer(815301076,1909f56bfc062723c751e8b465ee728b)
Start importing Assets/_Biomass/Prefabs/BiomassCB_3.prefab using Guid(a685d708237329949ad956a7eda5c925) Importer(815301076,1909f56bfc062723c751e8b465ee728b)  -> (artifact id: '54404f187ebbedbd162c783909d7e22e') in 0.055430 seconds 
========================================================================
Received Import Request.
  Time since last request: 0.000317 seconds.
  path: Assets/_Biomass/Prefabs/BiomassCUB_2.prefab
  artifactKey: Guid(6bc5ddd6cc0ad0d4699cb130bb139b6a) Importer(815301076,1909f56bfc062723c751e8b465ee728b)
Start importing Assets/_Biomass/Prefabs/BiomassCUB_2.prefab using Guid(6bc5ddd6cc0ad0d4699cb130bb139b6a) Importer(815301076,1909f56bfc062723c751e8b465ee728b)  -> (artifact id: 'd9b92513287ddbab34b8ef07e730d3e8') in 0.049455 seconds 
========================================================================
Received Import Request.
  Time since last request: 0.000299 seconds.
  path: Assets/UnityTechnologies/ParticlePack/EffectExamples/Fire & Explosion Effects/Prefabs/PlasmaExplosionEffect.prefab
  artifactKey: Guid(96730f8640590934eacb6f860058e7f9) Importer(815301076,1909f56bfc062723c751e8b465ee728b)
Start importing Assets/UnityTechnologies/ParticlePack/EffectExamples/Fire & Explosion Effects/Prefabs/PlasmaExplosionEffect.prefab using Guid(96730f8640590934eacb6f860058e7f9) Importer(815301076,1909f56bfc062723c751e8b465ee728b)  -> (artifact id: '047fda7bf301d4c987476f651c8213ec') in 1.196357 seconds 
========================================================================
Received Import Request.
  Time since last request: 0.000572 seconds.
  path: Assets/_Biomass/__CubemapsShaders/Sky.mat
  artifactKey: Guid(5f55c7e6b81f85e44ada1965100047ed) Importer(815301076,1909f56bfc062723c751e8b465ee728b)
Start importing Assets/_Biomass/__CubemapsShaders/Sky.mat using Guid(5f55c7e6b81f85e44ada1965100047ed) Importer(815301076,1909f56bfc062723c751e8b465ee728b)  -> (artifact id: 'f559b0df268bc3b010b4d16369073f24') in 0.073908 seconds 
========================================================================
Received Import Request.
  Time since last request: 0.000454 seconds.
  path: Assets/Materials/RemingtonChalk.mat
  artifactKey: Guid(4d196cd185d7b9a4f91eb6e3d1a4c46e) Importer(815301076,1909f56bfc062723c751e8b465ee728b)
Start importing Assets/Materials/RemingtonChalk.mat using Guid(4d196cd185d7b9a4f91eb6e3d1a4c46e) Importer(815301076,1909f56bfc062723c751e8b465ee728b)  -> (artifact id: 'b55094ac2cde4de571b73cacf23aed0a') in 0.594448 seconds 
========================================================================
Received Import Request.
  Time since last request: 0.000201 seconds.
  path: Assets/UnityTechnologies/ParticlePack/EffectExamples/Weapon Effects/Materials/RockDebris.mat
  artifactKey: Guid(586b03ea88dd46c42b5eb8af4d0c137a) Importer(815301076,1909f56bfc062723c751e8b465ee728b)
Start importing Assets/UnityTechnologies/ParticlePack/EffectExamples/Weapon Effects/Materials/RockDebris.mat using Guid(586b03ea88dd46c42b5eb8af4d0c137a) Importer(815301076,1909f56bfc062723c751e8b465ee728b)  -> (artifact id: 'ca62efbd64ed7a8a38a47070a07c87b0') in 0.089079 seconds 
========================================================================
Received Import Request.
  Time since last request: 0.000329 seconds.
  path: Assets/UnityTechnologies/ParticlePack/EffectExamples/Magic Effects/Materials/RockSpike.mat
  artifactKey: Guid(2c420724f5bf46241bc8d1d616c65653) Importer(815301076,1909f56bfc062723c751e8b465ee728b)
Start importing Assets/UnityTechnologies/ParticlePack/EffectExamples/Magic Effects/Materials/RockSpike.mat using Guid(2c420724f5bf46241bc8d1d616c65653) Importer(815301076,1909f56bfc062723c751e8b465ee728b)  -> (artifact id: 'e84bfad54e81a907974519c22f5b67d8') in 0.036705 seconds 
========================================================================
Received Import Request.
  Time since last request: 0.000380 seconds.
  path: Assets/Materials/Standard/Prototype_512x512_White.mat
  artifactKey: Guid(aeee7071bea0a4c478b4fea5933c5f79) Importer(815301076,1909f56bfc062723c751e8b465ee728b)
Start importing Assets/Materials/Standard/Prototype_512x512_White.mat using Guid(aeee7071bea0a4c478b4fea5933c5f79) Importer(815301076,1909f56bfc062723c751e8b465ee728b)  -> (artifact id: 'f9cf5e47bf6a8da64267c2633e81381a') in 0.354575 seconds 
========================================================================
Received Import Request.
  Time since last request: 0.000398 seconds.
  path: Assets/_Biomass/Prefabs/Pregathered/BiomassGathBF_2.prefab
  artifactKey: Guid(fff8085d4c7855e4782fe65b0cbc352d) Importer(815301076,1909f56bfc062723c751e8b465ee728b)
Start importing Assets/_Biomass/Prefabs/Pregathered/BiomassGathBF_2.prefab using Guid(fff8085d4c7855e4782fe65b0cbc352d) Importer(815301076,1909f56bfc062723c751e8b465ee728b)  -> (artifact id: 'c181ca878a1bd47357c7807d6226d87b') in 0.080660 seconds 
========================================================================
Received Import Request.
  Time since last request: 0.000316 seconds.
  path: Assets/Prefabs/BloodDecalMeshes/Prefabs/BloodDecal15.prefab
  artifactKey: Guid(1f9a6c394b127664aa3e3eb706b66cc5) Importer(815301076,1909f56bfc062723c751e8b465ee728b)
Start importing Assets/Prefabs/BloodDecalMeshes/Prefabs/BloodDecal15.prefab using Guid(1f9a6c394b127664aa3e3eb706b66cc5) Importer(815301076,1909f56bfc062723c751e8b465ee728b)  -> (artifact id: '936881350dc1033eafa520c9067240d8') in 0.033013 seconds 
========================================================================
Received Import Request.
  Time since last request: 0.000258 seconds.
  path: Assets/UnityTechnologies/ParticlePack/EffectExamples/Fire & Explosion Effects/Prefabs/EnergyExplosion.prefab
  artifactKey: Guid(9bba9cf244c53c5439505dfc96fdd11c) Importer(815301076,1909f56bfc062723c751e8b465ee728b)
Start importing Assets/UnityTechnologies/ParticlePack/EffectExamples/Fire & Explosion Effects/Prefabs/EnergyExplosion.prefab using Guid(9bba9cf244c53c5439505dfc96fdd11c) Importer(815301076,1909f56bfc062723c751e8b465ee728b)  -> (artifact id: '105b89a441871c788d2638f45b851d6a') in 0.545669 seconds 
========================================================================
Received Import Request.
  Time since last request: 0.000367 seconds.
  path: Assets/SFLCK_2/Props_1/Materials/Props_1.mat
  artifactKey: Guid(621c352c0d2bf754c9df95e4af5dad98) Importer(815301076,1909f56bfc062723c751e8b465ee728b)
Start importing Assets/SFLCK_2/Props_1/Materials/Props_1.mat using Guid(621c352c0d2bf754c9df95e4af5dad98) Importer(815301076,1909f56bfc062723c751e8b465ee728b)  -> (artifact id: '253d9559ee77cde4471f4e1d72f9f0f5') in 0.044002 seconds 
========================================================================
Received Import Request.
  Time since last request: 0.000750 seconds.
  path: Assets/UnityTechnologies/ParticlePack/EffectExamples/Weapon Effects/Materials/MetalSurface.mat
  artifactKey: Guid(4f477167fc0be5e4dab9a125b37c42ad) Importer(815301076,1909f56bfc062723c751e8b465ee728b)
Start importing Assets/UnityTechnologies/ParticlePack/EffectExamples/Weapon Effects/Materials/MetalSurface.mat using Guid(4f477167fc0be5e4dab9a125b37c42ad) Importer(815301076,1909f56bfc062723c751e8b465ee728b)  -> (artifact id: 'c3aa79908d087de065273088ba03a4e0') in 0.037475 seconds 
========================================================================
Received Import Request.
  Time since last request: 0.000439 seconds.
  path: Assets/SFLCK_2/Props_Barrels_Boxes/Materials/Props_Barrels.mat
  artifactKey: Guid(bf605ffbe89c88943920859be67df9ce) Importer(815301076,1909f56bfc062723c751e8b465ee728b)
Start importing Assets/SFLCK_2/Props_Barrels_Boxes/Materials/Props_Barrels.mat using Guid(bf605ffbe89c88943920859be67df9ce) Importer(815301076,1909f56bfc062723c751e8b465ee728b)  -> (artifact id: '920e8600d82f590bc159ce8ce84faef5') in 0.039129 seconds 
========================================================================
Received Import Request.
  Time since last request: 0.000298 seconds.
  path: Assets/SFLCK_2/Props_C/Materials/Prop_C.mat
  artifactKey: Guid(eb9c0deb0c98e6d4f8e5f29d938f028d) Importer(815301076,1909f56bfc062723c751e8b465ee728b)
Start importing Assets/SFLCK_2/Props_C/Materials/Prop_C.mat using Guid(eb9c0deb0c98e6d4f8e5f29d938f028d) Importer(815301076,1909f56bfc062723c751e8b465ee728b)  -> (artifact id: 'f087aab782c652591bf3b326f9123145') in 0.050553 seconds 
========================================================================
Received Import Request.
  Time since last request: 0.000298 seconds.
  path: Assets/Prefabs/music box/Materials/musicBox_diff.mat
  artifactKey: Guid(efbcc82cbdc0c104f9cea3466a4c79cb) Importer(815301076,1909f56bfc062723c751e8b465ee728b)
Start importing Assets/Prefabs/music box/Materials/musicBox_diff.mat using Guid(efbcc82cbdc0c104f9cea3466a4c79cb) Importer(815301076,1909f56bfc062723c751e8b465ee728b)  -> (artifact id: '7238bd6019b2d51b1a6164f18fc132e2') in 0.033434 seconds 
========================================================================
Received Import Request.
  Time since last request: 0.000352 seconds.
  path: Assets/UnityTechnologies/ParticlePack/EffectExamples/Weapon Effects/Materials/MetalSparks.mat
  artifactKey: Guid(d8002e76dc5e4904f90dc137b3f085ba) Importer(815301076,1909f56bfc062723c751e8b465ee728b)
Start importing Assets/UnityTechnologies/ParticlePack/EffectExamples/Weapon Effects/Materials/MetalSparks.mat using Guid(d8002e76dc5e4904f90dc137b3f085ba) Importer(815301076,1909f56bfc062723c751e8b465ee728b)  -> (artifact id: 'da79a108629bc7ef338335f07cd26cd0') in 0.229743 seconds 
========================================================================
Received Import Request.
  Time since last request: 0.000325 seconds.
  path: Assets/Prefabs/BloodDecalMeshes/Prefabs/blood_letter_r_lowCase.prefab
  artifactKey: Guid(ef510f8e7d189b145821746b1df7dbf3) Importer(815301076,1909f56bfc062723c751e8b465ee728b)
Start importing Assets/Prefabs/BloodDecalMeshes/Prefabs/blood_letter_r_lowCase.prefab using Guid(ef510f8e7d189b145821746b1df7dbf3) Importer(815301076,1909f56bfc062723c751e8b465ee728b)  -> (artifact id: '349e9ab9128c45e20c50603c2e4af4a9') in 0.050242 seconds 
========================================================================
Received Import Request.
  Time since last request: 0.000315 seconds.
  path: Assets/_Biomass/Prefabs/BiomassCBB_3.prefab
  artifactKey: Guid(391735caa0de0554fb87498872c599d4) Importer(815301076,1909f56bfc062723c751e8b465ee728b)
Start importing Assets/_Biomass/Prefabs/BiomassCBB_3.prefab using Guid(391735caa0de0554fb87498872c599d4) Importer(815301076,1909f56bfc062723c751e8b465ee728b)  -> (artifact id: 'c760d04dccd362dfa6a1e017809cf9e7') in 0.055351 seconds 
========================================================================
Received Import Request.
  Time since last request: 0.000235 seconds.
  path: Assets/Prefabs/BloodDecalMeshes/Prefabs/BloodDecal_Death.prefab
  artifactKey: Guid(843e38b200959c34890a0ee88be969e0) Importer(815301076,1909f56bfc062723c751e8b465ee728b)
Start importing Assets/Prefabs/BloodDecalMeshes/Prefabs/BloodDecal_Death.prefab using Guid(843e38b200959c34890a0ee88be969e0) Importer(815301076,1909f56bfc062723c751e8b465ee728b)  -> (artifact id: '77d3d5313a2c8620ffce846f48597a50') in 0.037240 seconds 
========================================================================
Received Import Request.
  Time since last request: 0.000282 seconds.
  path: Assets/SFLCK_2/!Prefabs/Doors/Door_1_SemiTransparent.prefab
  artifactKey: Guid(e17168664b23a4a46bb0d9453905e8ec) Importer(815301076,1909f56bfc062723c751e8b465ee728b)
Start importing Assets/SFLCK_2/!Prefabs/Doors/Door_1_SemiTransparent.prefab using Guid(e17168664b23a4a46bb0d9453905e8ec) Importer(815301076,1909f56bfc062723c751e8b465ee728b)  -> (artifact id: 'dc84bd770b986615718d6c62758e049d') in 0.062053 seconds 
========================================================================
Received Import Request.
  Time since last request: 0.000366 seconds.
  path: Assets/SFLCK_2/!Prefabs/Furniture/Beds/Bed_Small_2.prefab
  artifactKey: Guid(88710c2cadbf667488b02800840d2b3b) Importer(815301076,1909f56bfc062723c751e8b465ee728b)
Start importing Assets/SFLCK_2/!Prefabs/Furniture/Beds/Bed_Small_2.prefab using Guid(88710c2cadbf667488b02800840d2b3b) Importer(815301076,1909f56bfc062723c751e8b465ee728b)  -> (artifact id: 'abf7c9fa49fea780cae8a5af1d1ef7a4') in 0.044611 seconds 
========================================================================
Received Import Request.
  Time since last request: 0.000300 seconds.
  path: Assets/SFLCK_2/!Prefabs/Lights/Light_Small_Long.prefab
  artifactKey: Guid(7266c3881a7b9454d97e6ea18021e2bb) Importer(815301076,1909f56bfc062723c751e8b465ee728b)
Start importing Assets/SFLCK_2/!Prefabs/Lights/Light_Small_Long.prefab using Guid(7266c3881a7b9454d97e6ea18021e2bb) Importer(815301076,1909f56bfc062723c751e8b465ee728b)  -> (artifact id: '38166ba238214f0ffb27a048c0491c2d') in 0.063773 seconds 
========================================================================
Received Import Request.
  Time since last request: 0.000298 seconds.
  path: Assets/SFLCK_2/!Prefabs/Furniture/Tables/Desk_1.prefab
  artifactKey: Guid(50921bac88f22ad4bb387e7e7e260e78) Importer(815301076,1909f56bfc062723c751e8b465ee728b)
Start importing Assets/SFLCK_2/!Prefabs/Furniture/Tables/Desk_1.prefab using Guid(50921bac88f22ad4bb387e7e7e260e78) Importer(815301076,1909f56bfc062723c751e8b465ee728b)  -> (artifact id: '1345595bd0194e1daca57fc8eee39dde') in 0.057800 seconds 
========================================================================
Received Import Request.
  Time since last request: 0.000496 seconds.
  path: Assets/Prefabs/HitEffectSand.prefab
  artifactKey: Guid(36450b7122cc0db4c9f68a175a1d0748) Importer(815301076,1909f56bfc062723c751e8b465ee728b)
Start importing Assets/Prefabs/HitEffectSand.prefab using Guid(36450b7122cc0db4c9f68a175a1d0748) Importer(815301076,1909f56bfc062723c751e8b465ee728b)  -> (artifact id: '1e0b99817ea318be902f4cf53cc74f80') in 0.041043 seconds 
========================================================================
Received Import Request.
  Time since last request: 0.000562 seconds.
  path: Assets/_Biomass/Prefabs/Pregathered/BiomassGathS_1.prefab
  artifactKey: Guid(81fc20f5f40d4864c8dbeb86394d4ca5) Importer(815301076,1909f56bfc062723c751e8b465ee728b)
Start importing Assets/_Biomass/Prefabs/Pregathered/BiomassGathS_1.prefab using Guid(81fc20f5f40d4864c8dbeb86394d4ca5) Importer(815301076,1909f56bfc062723c751e8b465ee728b)  -> (artifact id: '47e267a7653e0007030d70bea5c5f7ef') in 0.072030 seconds 
========================================================================
Received Import Request.
  Time since last request: 0.000251 seconds.
  path: Assets/UnityTechnologies/ParticlePack/EffectExamples/Misc Effects/Materials/Sparks.mat
  artifactKey: Guid(19a1e36bbcb5b4c429a5dfdc8fb914de) Importer(815301076,1909f56bfc062723c751e8b465ee728b)
Start importing Assets/UnityTechnologies/ParticlePack/EffectExamples/Misc Effects/Materials/Sparks.mat using Guid(19a1e36bbcb5b4c429a5dfdc8fb914de) Importer(815301076,1909f56bfc062723c751e8b465ee728b)  -> (artifact id: 'fed6cc999649d8c54c2d79828de47fc0') in 0.029703 seconds 
========================================================================
Received Import Request.
  Time since last request: 0.000471 seconds.
  path: Assets/SFLCK_2/!Prefabs/Interior/Ceilings/Ceiling_Grid.prefab
  artifactKey: Guid(e3f96d4f9a565d44a83b07d2de60e1b3) Importer(815301076,1909f56bfc062723c751e8b465ee728b)
Start importing Assets/SFLCK_2/!Prefabs/Interior/Ceilings/Ceiling_Grid.prefab using Guid(e3f96d4f9a565d44a83b07d2de60e1b3) Importer(815301076,1909f56bfc062723c751e8b465ee728b)  -> (artifact id: '2a96c225ac6f2c5398876dab7c3edab4') in 0.037921 seconds 
========================================================================
Received Import Request.
  Time since last request: 0.000300 seconds.
  path: Assets/Prefabs/BloodDecalMeshes/Prefabs/blood_nothing.prefab
  artifactKey: Guid(486ac09eeeea7304aa6f0e728e99604b) Importer(815301076,1909f56bfc062723c751e8b465ee728b)
Start importing Assets/Prefabs/BloodDecalMeshes/Prefabs/blood_nothing.prefab using Guid(486ac09eeeea7304aa6f0e728e99604b) Importer(815301076,1909f56bfc062723c751e8b465ee728b)  -> (artifact id: '437cc32bd901e1924d0dcca3939591e0') in 0.041436 seconds 
========================================================================
Received Import Request.
  Time since last request: 0.000241 seconds.
  path: Assets/SFLCK_2/!Prefabs/Furniture/Tables/Case_Small.prefab
  artifactKey: Guid(fa829479b6be22349b7f265dc2633f4c) Importer(815301076,1909f56bfc062723c751e8b465ee728b)
Start importing Assets/SFLCK_2/!Prefabs/Furniture/Tables/Case_Small.prefab using Guid(fa829479b6be22349b7f265dc2633f4c) Importer(815301076,1909f56bfc062723c751e8b465ee728b)  -> (artifact id: '513a9f5554b1e0193778090fcd83b1b3') in 0.046481 seconds 
========================================================================
Received Import Request.
  Time since last request: 0.000465 seconds.
  path: Assets/SFLCK_2/!Prefabs/Furniture/Tables/Table_2.prefab
  artifactKey: Guid(ffcce407e68ac1f4a9cbbdfa9056310d) Importer(815301076,1909f56bfc062723c751e8b465ee728b)
Start importing Assets/SFLCK_2/!Prefabs/Furniture/Tables/Table_2.prefab using Guid(ffcce407e68ac1f4a9cbbdfa9056310d) Importer(815301076,1909f56bfc062723c751e8b465ee728b)  -> (artifact id: 'be41a160a61a68ed19a805522957ab44') in 0.042641 seconds 
========================================================================
Received Import Request.
  Time since last request: 0.000309 seconds.
  path: Assets/Prefabs/BloodDecalMeshes/Prefabs/blood_letter_S.prefab
  artifactKey: Guid(21656274b75a3504c90573572698bd07) Importer(815301076,1909f56bfc062723c751e8b465ee728b)
Start importing Assets/Prefabs/BloodDecalMeshes/Prefabs/blood_letter_S.prefab using Guid(21656274b75a3504c90573572698bd07) Importer(815301076,1909f56bfc062723c751e8b465ee728b)  -> (artifact id: '6feca8faae1df884a59b815a8bc4cca5') in 0.047492 seconds 
========================================================================
Received Import Request.
  Time since last request: 0.000376 seconds.
  path: Assets/Prefabs/BloodDecalMeshes/Prefabs/blood_letter_t_lowCase.prefab
  artifactKey: Guid(4bcd55ba09f527b4a8dcee73025cddc1) Importer(815301076,1909f56bfc062723c751e8b465ee728b)
Start importing Assets/Prefabs/BloodDecalMeshes/Prefabs/blood_letter_t_lowCase.prefab using Guid(4bcd55ba09f527b4a8dcee73025cddc1) Importer(815301076,1909f56bfc062723c751e8b465ee728b)  -> (artifact id: 'dfb110a2bf18aa462b822f8c58cb4cfc') in 0.044428 seconds 
========================================================================
Received Import Request.
  Time since last request: 0.000561 seconds.
  path: Assets/Prefabs/BloodDecalMeshes/Prefabs/blood_letter_c_lowCase.prefab
  artifactKey: Guid(bd0a465dedfd0b5459eab6e300f0cf6d) Importer(815301076,1909f56bfc062723c751e8b465ee728b)
Start importing Assets/Prefabs/BloodDecalMeshes/Prefabs/blood_letter_c_lowCase.prefab using Guid(bd0a465dedfd0b5459eab6e300f0cf6d) Importer(815301076,1909f56bfc062723c751e8b465ee728b)  -> (artifact id: '74a01cc3e702ed6dd8c0bb0af158456a') in 0.040774 seconds 
========================================================================
Received Import Request.
  Time since last request: 0.000308 seconds.
  path: Assets/SFLCK_2/Furniture_2/Furnirure_2_Chair_1.FBX
  artifactKey: Guid(4526fa8701b8099419a9d8fa4c2a3278) Importer(815301076,1909f56bfc062723c751e8b465ee728b)
Start importing Assets/SFLCK_2/Furniture_2/Furnirure_2_Chair_1.FBX using Guid(4526fa8701b8099419a9d8fa4c2a3278) Importer(815301076,1909f56bfc062723c751e8b465ee728b)  -> (artifact id: 'c7bdcbb2e8107a0193deaf6419142ae2') in 0.032561 seconds 
========================================================================
Received Import Request.
  Time since last request: 0.000334 seconds.
  path: Assets/UnityTechnologies/ParticlePack/EffectExamples/Smoke & Steam Effects/Materials/SmokeySteam01.mat
  artifactKey: Guid(df0a9d4a1d2f26c4eb697a71ac5b82d6) Importer(815301076,1909f56bfc062723c751e8b465ee728b)
Start importing Assets/UnityTechnologies/ParticlePack/EffectExamples/Smoke & Steam Effects/Materials/SmokeySteam01.mat using Guid(df0a9d4a1d2f26c4eb697a71ac5b82d6) Importer(815301076,1909f56bfc062723c751e8b465ee728b)  -> (artifact id: '9152a6b01bcabb3798ba89b5aa280aa2') in 0.029016 seconds 
========================================================================
Received Import Request.
  Time since last request: 0.000632 seconds.
  path: Assets/SFLCK_2/!Prefabs/Furniture/Beds/Bed_Medium_3.prefab
  artifactKey: Guid(b6a13da06e3f79747ad3e6d64a1e43b4) Importer(815301076,1909f56bfc062723c751e8b465ee728b)
Start importing Assets/SFLCK_2/!Prefabs/Furniture/Beds/Bed_Medium_3.prefab using Guid(b6a13da06e3f79747ad3e6d64a1e43b4) Importer(815301076,1909f56bfc062723c751e8b465ee728b)  -> (artifact id: 'e2a6658bf6f7de656b68dd32158a23f4') in 0.043404 seconds 
========================================================================
Received Import Request.
  Time since last request: 0.000215 seconds.
  path: Assets/UnityTechnologies/ParticlePack/EffectExamples/Misc Effects/Materials/SpawnTrail.mat
  artifactKey: Guid(412010f8efbc1f740980ed8276a16ddb) Importer(815301076,1909f56bfc062723c751e8b465ee728b)
Start importing Assets/UnityTechnologies/ParticlePack/EffectExamples/Misc Effects/Materials/SpawnTrail.mat using Guid(412010f8efbc1f740980ed8276a16ddb) Importer(815301076,1909f56bfc062723c751e8b465ee728b)  -> (artifact id: '401853231bcec2cdc5884005a3a78b49') in 0.027322 seconds 
========================================================================
Received Import Request.
  Time since last request: 0.000364 seconds.
  path: Assets/Prefabs/BloodDecalMeshes/Prefabs/blood_letter_j_lowCase.prefab
  artifactKey: Guid(e5d9bbbe7f3210d4c9fc0447854604f0) Importer(815301076,1909f56bfc062723c751e8b465ee728b)
Start importing Assets/Prefabs/BloodDecalMeshes/Prefabs/blood_letter_j_lowCase.prefab using Guid(e5d9bbbe7f3210d4c9fc0447854604f0) Importer(815301076,1909f56bfc062723c751e8b465ee728b)  -> (artifact id: '6fa170e7ef214bdb281c546e7e285272') in 0.038775 seconds 
========================================================================
Received Import Request.
  Time since last request: 0.000392 seconds.
  path: Assets/SFLCK_2/!Prefabs/Interior/Vents/Prop_C_Vent_Big.prefab
  artifactKey: Guid(16db1dfb376431b479a40641fc2491bd) Importer(815301076,1909f56bfc062723c751e8b465ee728b)
Start importing Assets/SFLCK_2/!Prefabs/Interior/Vents/Prop_C_Vent_Big.prefab using Guid(16db1dfb376431b479a40641fc2491bd) Importer(815301076,1909f56bfc062723c751e8b465ee728b)  -> (artifact id: '8b706e248038015fcc558e5999db29e8') in 0.045789 seconds 
========================================================================
Received Import Request.
  Time since last request: 0.000405 seconds.
  path: Assets/_Biomass/Meshes/BiomassT.FBX
  artifactKey: Guid(49731dbbd03733e4ab67b071beef02f2) Importer(815301076,1909f56bfc062723c751e8b465ee728b)
Start importing Assets/_Biomass/Meshes/BiomassT.FBX using Guid(49731dbbd03733e4ab67b071beef02f2) Importer(815301076,1909f56bfc062723c751e8b465ee728b)  -> (artifact id: '7bfd08da2244d327a3e2a2e29ae8c8f2') in 0.122667 seconds 
========================================================================
Received Import Request.
  Time since last request: 0.000356 seconds.
  path: Assets/SFLCK_2/!Prefabs/Walls_A/Corners/A_Corner_In_6x6.prefab
  artifactKey: Guid(69d4826fa2bf0a44b8b019e318e2993a) Importer(815301076,1909f56bfc062723c751e8b465ee728b)
Start importing Assets/SFLCK_2/!Prefabs/Walls_A/Corners/A_Corner_In_6x6.prefab using Guid(69d4826fa2bf0a44b8b019e318e2993a) Importer(815301076,1909f56bfc062723c751e8b465ee728b)  -> (artifact id: 'c4f97dc32c607813dfc6f8bc42bf64b5') in 0.037795 seconds 
========================================================================
Received Import Request.
  Time since last request: 0.000269 seconds.
  path: Assets/_Biomass/Prefabs/Pregathered/BiomassGathS_2.prefab
  artifactKey: Guid(390b2fbed86cf994db79f795c51a399d) Importer(815301076,1909f56bfc062723c751e8b465ee728b)
Start importing Assets/_Biomass/Prefabs/Pregathered/BiomassGathS_2.prefab using Guid(390b2fbed86cf994db79f795c51a399d) Importer(815301076,1909f56bfc062723c751e8b465ee728b)  -> (artifact id: '247ff6c67080e02e14689c5897a1bab4') in 0.051111 seconds 
========================================================================
Received Import Request.
  Time since last request: 0.000366 seconds.
  path: Assets/Prefabs/BloodDecalMeshes/Prefabs/BloodDecal_StreakD.prefab
  artifactKey: Guid(4cafe87958e57c54f8f3e416d641083d) Importer(815301076,1909f56bfc062723c751e8b465ee728b)
Start importing Assets/Prefabs/BloodDecalMeshes/Prefabs/BloodDecal_StreakD.prefab using Guid(4cafe87958e57c54f8f3e416d641083d) Importer(815301076,1909f56bfc062723c751e8b465ee728b)  -> (artifact id: 'b17412c7a2ffd573861f1c89f9628931') in 0.036195 seconds 
========================================================================
Received Import Request.
  Time since last request: 0.000231 seconds.
  path: Assets/Prefabs/BloodDecalMeshes/Prefabs/blood_num_3.prefab
  artifactKey: Guid(c44f35a6356d1a245a848d6764359fc8) Importer(815301076,1909f56bfc062723c751e8b465ee728b)
Start importing Assets/Prefabs/BloodDecalMeshes/Prefabs/blood_num_3.prefab using Guid(c44f35a6356d1a245a848d6764359fc8) Importer(815301076,1909f56bfc062723c751e8b465ee728b)  -> (artifact id: '53fa939e119f11de6824818be13cb04b') in 0.035460 seconds 
========================================================================
Received Import Request.
  Time since last request: 0.000400 seconds.
  path: Assets/UnityTechnologies/ParticlePack/EffectExamples/Smoke & Steam Effects/Prefabs/PoisonGas.prefab
  artifactKey: Guid(6f672a31584a6a748912a49c1dce2f0c) Importer(815301076,1909f56bfc062723c751e8b465ee728b)
Start importing Assets/UnityTechnologies/ParticlePack/EffectExamples/Smoke & Steam Effects/Prefabs/PoisonGas.prefab using Guid(6f672a31584a6a748912a49c1dce2f0c) Importer(815301076,1909f56bfc062723c751e8b465ee728b)  -> (artifact id: '6cc091e349e7a100d025813d4a311a1a') in 0.036676 seconds 
========================================================================
Received Import Request.
  Time since last request: 0.000260 seconds.
  path: Assets/_Biomass/Prefabs/BiomassCUB_1.prefab
  artifactKey: Guid(0099f6c8348d71b40864b5b4d215468b) Importer(815301076,1909f56bfc062723c751e8b465ee728b)
Start importing Assets/_Biomass/Prefabs/BiomassCUB_1.prefab using Guid(0099f6c8348d71b40864b5b4d215468b) Importer(815301076,1909f56bfc062723c751e8b465ee728b)  -> (artifact id: '1b89e9a105d2a811142849d75c1cefa8') in 0.047949 seconds 
========================================================================
Received Import Request.
  Time since last request: 0.000419 seconds.
  path: Assets/_Biomass/Prefabs/Walls/Box001.prefab
  artifactKey: Guid(ed75019e87027f44ab6aba0292de4dcb) Importer(815301076,1909f56bfc062723c751e8b465ee728b)
Start importing Assets/_Biomass/Prefabs/Walls/Box001.prefab using Guid(ed75019e87027f44ab6aba0292de4dcb) Importer(815301076,1909f56bfc062723c751e8b465ee728b)  -> (artifact id: '5e3a8b29a2bdad33aa58c359f66e450b') in 0.023085 seconds 
========================================================================
Received Import Request.
  Time since last request: 0.000330 seconds.
  path: Assets/UnityTechnologies/ParticlePack/EffectExamples/Water Effects/Prefabs/WaterLeak.prefab
  artifactKey: Guid(a82a87e68ab906d4bbf876f687e2a155) Importer(815301076,1909f56bfc062723c751e8b465ee728b)
Start importing Assets/UnityTechnologies/ParticlePack/EffectExamples/Water Effects/Prefabs/WaterLeak.prefab using Guid(a82a87e68ab906d4bbf876f687e2a155) Importer(815301076,1909f56bfc062723c751e8b465ee728b)  -> (artifact id: '559afbbdd6ff89a267cab20279dc2898') in 0.061033 seconds 
========================================================================
Received Import Request.
  Time since last request: 0.000362 seconds.
  path: Assets/SFLCK_2/Furniture_1/Furniture_1_Blanked_Rolled.FBX
  artifactKey: Guid(2b704c89434a28244a6b0ba0ad6e2f08) Importer(815301076,1909f56bfc062723c751e8b465ee728b)
Start importing Assets/SFLCK_2/Furniture_1/Furniture_1_Blanked_Rolled.FBX using Guid(2b704c89434a28244a6b0ba0ad6e2f08) Importer(815301076,1909f56bfc062723c751e8b465ee728b)  -> (artifact id: '5cce50c6acf4876b5ba0e64f14754054') in 0.040449 seconds 
========================================================================
Received Import Request.
  Time since last request: 0.000378 seconds.
  path: Assets/SFLCK_2/Props_C/Prop_C_Airbox_Corner.FBX
  artifactKey: Guid(532f4dd9fba82a644a7598a998e9136a) Importer(815301076,1909f56bfc062723c751e8b465ee728b)
Start importing Assets/SFLCK_2/Props_C/Prop_C_Airbox_Corner.FBX using Guid(532f4dd9fba82a644a7598a998e9136a) Importer(815301076,1909f56bfc062723c751e8b465ee728b)  -> (artifact id: 'c325265e68a48128dfbeb164d5f3dec4') in 0.042360 seconds 
========================================================================
Received Import Request.
  Time since last request: 0.000507 seconds.
  path: Assets/UnityTechnologies/ParticlePack/EffectExamples/Fire & Explosion Effects/Prefabs/MediumFlames.prefab
  artifactKey: Guid(be6847dd39ab95f4daa2ed98e4f90564) Importer(815301076,1909f56bfc062723c751e8b465ee728b)
Start importing Assets/UnityTechnologies/ParticlePack/EffectExamples/Fire & Explosion Effects/Prefabs/MediumFlames.prefab using Guid(be6847dd39ab95f4daa2ed98e4f90564) Importer(815301076,1909f56bfc062723c751e8b465ee728b)  -> (artifact id: '7b6ac5be4c597d6b276384129eb81a7f') in 0.038004 seconds 
========================================================================
Received Import Request.
  Time since last request: 0.000380 seconds.
  path: Assets/UnityTechnologies/ParticlePack/EffectExamples/Misc Effects/Materials/Respawn.mat
  artifactKey: Guid(a683b955b3d06e6429565831caff80f8) Importer(815301076,1909f56bfc062723c751e8b465ee728b)
Start importing Assets/UnityTechnologies/ParticlePack/EffectExamples/Misc Effects/Materials/Respawn.mat using Guid(a683b955b3d06e6429565831caff80f8) Importer(815301076,1909f56bfc062723c751e8b465ee728b)  -> (artifact id: '3381bf381290abd7d78903262bf0aaf6') in 0.027303 seconds 
========================================================================
Received Import Request.
  Time since last request: 0.000407 seconds.
  path: Assets/SFLCK_2/!Prefabs/Rails/Sign_1.prefab
  artifactKey: Guid(69a97ac343fc4ba499e22ca525153284) Importer(815301076,1909f56bfc062723c751e8b465ee728b)
Start importing Assets/SFLCK_2/!Prefabs/Rails/Sign_1.prefab using Guid(69a97ac343fc4ba499e22ca525153284) Importer(815301076,1909f56bfc062723c751e8b465ee728b)  -> (artifact id: '2bc21564eaa39892cdde152d07bca4b8') in 0.029971 seconds 
========================================================================
Received Import Request.
  Time since last request: 0.000285 seconds.
  path: Assets/Prefabs/BloodDecalMeshes/Prefabs/blood_letter_N.prefab
  artifactKey: Guid(8fed4b2d36c3f744f980f3a684a5f50c) Importer(815301076,1909f56bfc062723c751e8b465ee728b)
Start importing Assets/Prefabs/BloodDecalMeshes/Prefabs/blood_letter_N.prefab using Guid(8fed4b2d36c3f744f980f3a684a5f50c) Importer(815301076,1909f56bfc062723c751e8b465ee728b)  -> (artifact id: 'b1d540ffd24c7f135e0d89255dfe7193') in 0.039022 seconds 
========================================================================
Received Import Request.
  Time since last request: 0.000618 seconds.
  path: Assets/_Biomass/Prefabs/Pregathered/BiomassGathS_4.prefab
  artifactKey: Guid(f00730356113e6c4ea53a80a73c54bdc) Importer(815301076,1909f56bfc062723c751e8b465ee728b)
Start importing Assets/_Biomass/Prefabs/Pregathered/BiomassGathS_4.prefab using Guid(f00730356113e6c4ea53a80a73c54bdc) Importer(815301076,1909f56bfc062723c751e8b465ee728b)  -> (artifact id: 'a9d8ec2a999b24c2869c7e3a98937dd3') in 0.058009 seconds 
========================================================================
Received Import Request.
  Time since last request: 0.000519 seconds.
  path: Assets/Prefabs/BloodDecalMeshes/Prefabs/blood_her.prefab
  artifactKey: Guid(f2e76ca0af005614a8f9d8ecf8ae0066) Importer(815301076,1909f56bfc062723c751e8b465ee728b)
Start importing Assets/Prefabs/BloodDecalMeshes/Prefabs/blood_her.prefab using Guid(f2e76ca0af005614a8f9d8ecf8ae0066) Importer(815301076,1909f56bfc062723c751e8b465ee728b)  -> (artifact id: '766bf286984d203d11f3a38ff9418713') in 0.043809 seconds 
========================================================================
Received Import Request.
  Time since last request: 0.000331 seconds.
  path: Assets/UnityTechnologies/ParticlePack/EffectExamples/Smoke & Steam Effects/Materials/Smoke02.mat
  artifactKey: Guid(43d3e21dd15c3b847957abee25d004d9) Importer(815301076,1909f56bfc062723c751e8b465ee728b)
Start importing Assets/UnityTechnologies/ParticlePack/EffectExamples/Smoke & Steam Effects/Materials/Smoke02.mat using Guid(43d3e21dd15c3b847957abee25d004d9) Importer(815301076,1909f56bfc062723c751e8b465ee728b)  -> (artifact id: 'c4df7535eeecb8d5fec58d0138af89a4') in 0.043029 seconds 
========================================================================
Received Import Request.
  Time since last request: 0.000448 seconds.
  path: Assets/Prefabs/BloodDecalMeshes/Prefabs/blood_num_13.prefab
  artifactKey: Guid(a3abf9efd142287479e4b3616df60dd7) Importer(815301076,1909f56bfc062723c751e8b465ee728b)
Start importing Assets/Prefabs/BloodDecalMeshes/Prefabs/blood_num_13.prefab using Guid(a3abf9efd142287479e4b3616df60dd7) Importer(815301076,1909f56bfc062723c751e8b465ee728b)  -> (artifact id: '967772cdd366e7da1091cf5aa9a420f9') in 0.058186 seconds 
========================================================================
Received Import Request.
  Time since last request: 0.000503 seconds.
  path: Assets/Prefabs/BloodDecalMeshes/Prefabs/BloodDecal_Hell.prefab
  artifactKey: Guid(be2c54a00b8608540b0ae7e781c54187) Importer(815301076,1909f56bfc062723c751e8b465ee728b)
Start importing Assets/Prefabs/BloodDecalMeshes/Prefabs/BloodDecal_Hell.prefab using Guid(be2c54a00b8608540b0ae7e781c54187) Importer(815301076,1909f56bfc062723c751e8b465ee728b)  -> (artifact id: 'bd332a677eb53d3e9a2c02136d91226d') in 0.057226 seconds 
========================================================================
Received Import Request.
  Time since last request: 0.000542 seconds.
  path: Assets/UnityTechnologies/ParticlePack/EffectExamples/Weapon Effects/Prefabs/MetalImpacts.prefab
  artifactKey: Guid(44be68b4fc4366142a9cd1ae1f761ea4) Importer(815301076,1909f56bfc062723c751e8b465ee728b)
Start importing Assets/UnityTechnologies/ParticlePack/EffectExamples/Weapon Effects/Prefabs/MetalImpacts.prefab using Guid(44be68b4fc4366142a9cd1ae1f761ea4) Importer(815301076,1909f56bfc062723c751e8b465ee728b)  -> (artifact id: 'b5158eb1c08ba813b82838d6b21287b0') in 0.048141 seconds 
========================================================================
Received Import Request.
  Time since last request: 0.000448 seconds.
  path: Assets/Materials/Standard/Prototype_512x512_Green3.mat
  artifactKey: Guid(f6298605825d7154f8923c76872aa46e) Importer(815301076,1909f56bfc062723c751e8b465ee728b)
Start importing Assets/Materials/Standard/Prototype_512x512_Green3.mat using Guid(f6298605825d7154f8923c76872aa46e) Importer(815301076,1909f56bfc062723c751e8b465ee728b)  -> (artifact id: 'be068dd13e3b60ac9cdf69014f08781c') in 0.034547 seconds 
========================================================================
Received Import Request.
  Time since last request: 0.000425 seconds.
  path: Assets/SFLCK_2/!Prefabs/Furniture/Tables/Table_3.prefab
  artifactKey: Guid(102e12c64dfbb7744ab442a7998207cb) Importer(815301076,1909f56bfc062723c751e8b465ee728b)
Start importing Assets/SFLCK_2/!Prefabs/Furniture/Tables/Table_3.prefab using Guid(102e12c64dfbb7744ab442a7998207cb) Importer(815301076,1909f56bfc062723c751e8b465ee728b)  -> (artifact id: '1e17ad73d30d5a17092612c7a19143f7') in 0.059053 seconds 
========================================================================
Received Import Request.
  Time since last request: 0.000242 seconds.
  path: Assets/Prefabs/BloodDecalMeshes/Prefabs/blood_arrow_downRight.prefab
  artifactKey: Guid(d75284c980b7f404a88ea654b086685c) Importer(815301076,1909f56bfc062723c751e8b465ee728b)
Start importing Assets/Prefabs/BloodDecalMeshes/Prefabs/blood_arrow_downRight.prefab using Guid(d75284c980b7f404a88ea654b086685c) Importer(815301076,1909f56bfc062723c751e8b465ee728b)  -> (artifact id: '84414e587197c9616076b3f560876a03') in 0.037803 seconds 
========================================================================
Received Import Request.
  Time since last request: 0.000280 seconds.
  path: Assets/UnityTechnologies/ParticlePack/EffectExamples/Weapon Effects/Materials/TinyStonesParticle.mat
  artifactKey: Guid(4ac7c4f70dacbc742a33d842cebc2157) Importer(815301076,1909f56bfc062723c751e8b465ee728b)
Start importing Assets/UnityTechnologies/ParticlePack/EffectExamples/Weapon Effects/Materials/TinyStonesParticle.mat using Guid(4ac7c4f70dacbc742a33d842cebc2157) Importer(815301076,1909f56bfc062723c751e8b465ee728b)  -> (artifact id: '193148d28d72782611a8025fbeef3dd8') in 0.027282 seconds 
========================================================================
Received Import Request.
  Time since last request: 0.000277 seconds.
  path: Assets/Prefabs/BloodDecalMeshes/Prefabs/blood_letter_A.prefab
  artifactKey: Guid(b2d0234fd4b37de40a29b6af4b51c37b) Importer(815301076,1909f56bfc062723c751e8b465ee728b)
Start importing Assets/Prefabs/BloodDecalMeshes/Prefabs/blood_letter_A.prefab using Guid(b2d0234fd4b37de40a29b6af4b51c37b) Importer(815301076,1909f56bfc062723c751e8b465ee728b)  -> (artifact id: 'aa3cc7f2230f34a34d2a5c48652c7f26') in 0.036783 seconds 
========================================================================
Received Import Request.
  Time since last request: 0.000405 seconds.
  path: Assets/SFLCK_2/!Prefabs/Furniture/Beds/Pillow_Large.prefab
  artifactKey: Guid(39edbaa233db00b41b87ee4b8d6cad34) Importer(815301076,1909f56bfc062723c751e8b465ee728b)
Start importing Assets/SFLCK_2/!Prefabs/Furniture/Beds/Pillow_Large.prefab using Guid(39edbaa233db00b41b87ee4b8d6cad34) Importer(815301076,1909f56bfc062723c751e8b465ee728b)  -> (artifact id: 'a184b0ba1c8bd42c7d7f4e4064fcd9b8') in 0.041858 seconds 
========================================================================
Received Import Request.
  Time since last request: 0.000304 seconds.
  path: Assets/SFLCK_2/!Prefabs/Computers/Console_2.prefab
  artifactKey: Guid(13623c66218113d47be066db0cb4b4c3) Importer(815301076,1909f56bfc062723c751e8b465ee728b)
Start importing Assets/SFLCK_2/!Prefabs/Computers/Console_2.prefab using Guid(13623c66218113d47be066db0cb4b4c3) Importer(815301076,1909f56bfc062723c751e8b465ee728b)  -> (artifact id: 'd7bbcb098197223aec0cf4f2ec1a381a') in 0.078228 seconds 
========================================================================
Received Import Request.
  Time since last request: 0.000343 seconds.
  path: Assets/UnityTechnologies/ParticlePack/EffectExamples/Weapon Effects/Materials/WoodSurface.mat
  artifactKey: Guid(ce4b77858ec6c0f469b07b034c21a85f) Importer(815301076,1909f56bfc062723c751e8b465ee728b)
Start importing Assets/UnityTechnologies/ParticlePack/EffectExamples/Weapon Effects/Materials/WoodSurface.mat using Guid(ce4b77858ec6c0f469b07b034c21a85f) Importer(815301076,1909f56bfc062723c751e8b465ee728b)  -> (artifact id: '2e2baf22b44300fd4f120330c3ac9afc') in 0.033577 seconds 
========================================================================
Received Import Request.
  Time since last request: 0.000332 seconds.
  path: Assets/SFLCK_2/!Prefabs/Walls_A/Ramps/A_Stair_2x4.prefab
  artifactKey: Guid(d9fde9c66821d564b833c3b201632963) Importer(815301076,1909f56bfc062723c751e8b465ee728b)
Start importing Assets/SFLCK_2/!Prefabs/Walls_A/Ramps/A_Stair_2x4.prefab using Guid(d9fde9c66821d564b833c3b201632963) Importer(815301076,1909f56bfc062723c751e8b465ee728b)  -> (artifact id: 'bddd1bd29acf002be7c789fe2c17a33c') in 0.035780 seconds 
========================================================================
Received Import Request.
  Time since last request: 0.000357 seconds.
  path: Assets/SFLCK_2/!Prefabs/Lights/Light_Universal.prefab
  artifactKey: Guid(3b4c4824e4476934caca4a98d4120c1f) Importer(815301076,1909f56bfc062723c751e8b465ee728b)
Start importing Assets/SFLCK_2/!Prefabs/Lights/Light_Universal.prefab using Guid(3b4c4824e4476934caca4a98d4120c1f) Importer(815301076,1909f56bfc062723c751e8b465ee728b)  -> (artifact id: 'ac87af76e6e6553f8431366f3a07a996') in 0.055379 seconds 
========================================================================
Received Import Request.
  Time since last request: 0.000403 seconds.
  path: Assets/SFLCK_2/!Prefabs/Furniture/Beds/Mat.prefab
  artifactKey: Guid(c062bd8ec87c39a41bba4cb627ef3250) Importer(815301076,1909f56bfc062723c751e8b465ee728b)
Start importing Assets/SFLCK_2/!Prefabs/Furniture/Beds/Mat.prefab using Guid(c062bd8ec87c39a41bba4cb627ef3250) Importer(815301076,1909f56bfc062723c751e8b465ee728b)  -> (artifact id: 'e6a73b9fe13fe7b7d96948a315a160ba') in 0.052470 seconds 
========================================================================
Received Import Request.
  Time since last request: 0.000518 seconds.
  path: Assets/SFLCK_2/!Prefabs/Rails/Rails_Corner_Small.prefab
  artifactKey: Guid(b1a9d336e06f0094cb61702dfff193b4) Importer(815301076,1909f56bfc062723c751e8b465ee728b)
Start importing Assets/SFLCK_2/!Prefabs/Rails/Rails_Corner_Small.prefab using Guid(b1a9d336e06f0094cb61702dfff193b4) Importer(815301076,1909f56bfc062723c751e8b465ee728b)  -> (artifact id: '567df5cbb80e0488c6f5451d30d33d7c') in 0.033012 seconds 
========================================================================
Received Import Request.
  Time since last request: 0.000380 seconds.
  path: Assets/SFLCK_2/!Prefabs/Walls_B/Corners/B_Corner_In_2x2.prefab
  artifactKey: Guid(e44aa21f587cdf143b0d3bb76167e60a) Importer(815301076,1909f56bfc062723c751e8b465ee728b)
Start importing Assets/SFLCK_2/!Prefabs/Walls_B/Corners/B_Corner_In_2x2.prefab using Guid(e44aa21f587cdf143b0d3bb76167e60a) Importer(815301076,1909f56bfc062723c751e8b465ee728b)  -> (artifact id: '8347f04ff547ac44a284baa9a2ecd99a') in 0.031802 seconds 
========================================================================
Received Import Request.
  Time since last request: 0.000230 seconds.
  path: Assets/_Biomass/Prefabs/BiomassB_5.prefab
  artifactKey: Guid(7c62d6fdf4b10f94cb2b5ae0ccecd8c5) Importer(815301076,1909f56bfc062723c751e8b465ee728b)
Start importing Assets/_Biomass/Prefabs/BiomassB_5.prefab using Guid(7c62d6fdf4b10f94cb2b5ae0ccecd8c5) Importer(815301076,1909f56bfc062723c751e8b465ee728b)  -> (artifact id: '59a730b1c805a1dc3860b1df1bb9b880') in 0.050404 seconds 
========================================================================
Received Import Request.
  Time since last request: 0.000247 seconds.
  path: Assets/Prefabs/BloodDecalMeshes/Prefabs/blood_letter_h_lowCase.prefab
  artifactKey: Guid(315da7e15a7dc484097beafac8ae32f1) Importer(815301076,1909f56bfc062723c751e8b465ee728b)
Start importing Assets/Prefabs/BloodDecalMeshes/Prefabs/blood_letter_h_lowCase.prefab using Guid(315da7e15a7dc484097beafac8ae32f1) Importer(815301076,1909f56bfc062723c751e8b465ee728b)  -> (artifact id: '9925e2e1223d6b07e00500fe86776bcf') in 0.031618 seconds 
========================================================================
Received Import Request.
  Time since last request: 0.000322 seconds.
  path: Assets/_Biomass/Prefabs/Biomass_1.prefab
  artifactKey: Guid(88b7881b7cae0ba47871b1525fce2483) Importer(815301076,1909f56bfc062723c751e8b465ee728b)
Start importing Assets/_Biomass/Prefabs/Biomass_1.prefab using Guid(88b7881b7cae0ba47871b1525fce2483) Importer(815301076,1909f56bfc062723c751e8b465ee728b)  -> (artifact id: '4b75d18049559e7a479f9939fb057195') in 0.068991 seconds 
========================================================================
Received Import Request.
  Time since last request: 0.000603 seconds.
  path: Assets/_Biomass/Prefabs/BiomassF_3.prefab
  artifactKey: Guid(44a03975340f26b4d94eaad92d3d4dd7) Importer(815301076,1909f56bfc062723c751e8b465ee728b)
Start importing Assets/_Biomass/Prefabs/BiomassF_3.prefab using Guid(44a03975340f26b4d94eaad92d3d4dd7) Importer(815301076,1909f56bfc062723c751e8b465ee728b)  -> (artifact id: '464061e0a38d420b5b905ebbf7dbf414') in 0.065939 seconds 
========================================================================
Received Import Request.
  Time since last request: 0.000996 seconds.
  path: Assets/SFLCK_2/Props_C/Prop_C_Board.FBX
  artifactKey: Guid(5b462891e8bf14c4f82102c701521cac) Importer(815301076,1909f56bfc062723c751e8b465ee728b)
Start importing Assets/SFLCK_2/Props_C/Prop_C_Board.FBX using Guid(5b462891e8bf14c4f82102c701521cac) Importer(815301076,1909f56bfc062723c751e8b465ee728b)  -> (artifact id: 'e2d27dcbd89982d8193eb9fc47fe2316') in 0.028741 seconds 
========================================================================
Received Import Request.
  Time since last request: 0.000296 seconds.
  path: Assets/Prefabs/BloodDecalMeshes/Prefabs/BloodDecal04.prefab
  artifactKey: Guid(68c0d32a87ae645428cd5bb39b52336c) Importer(815301076,1909f56bfc062723c751e8b465ee728b)
Start importing Assets/Prefabs/BloodDecalMeshes/Prefabs/BloodDecal04.prefab using Guid(68c0d32a87ae645428cd5bb39b52336c) Importer(815301076,1909f56bfc062723c751e8b465ee728b)  -> (artifact id: 'cf0f9593cdefd7729bf3145753d6377b') in 0.030808 seconds 
========================================================================
Received Import Request.
  Time since last request: 0.000300 seconds.
  path: Assets/UnityTechnologies/ParticlePack/EffectExamples/Smoke & Steam Effects/Prefabs/RisingSteam.prefab
  artifactKey: Guid(efe021d4c307b5449b8121d46791cf95) Importer(815301076,1909f56bfc062723c751e8b465ee728b)
Start importing Assets/UnityTechnologies/ParticlePack/EffectExamples/Smoke & Steam Effects/Prefabs/RisingSteam.prefab using Guid(efe021d4c307b5449b8121d46791cf95) Importer(815301076,1909f56bfc062723c751e8b465ee728b)  -> (artifact id: 'f625a503d10477948ee3011361946745') in 0.044802 seconds 
========================================================================
Received Import Request.
  Time since last request: 0.000244 seconds.
  path: Assets/Materials/Standard/Prototype_512x512_Grey2.mat
  artifactKey: Guid(07dc66ae04b7f6a43b9674bf0fefb33a) Importer(815301076,1909f56bfc062723c751e8b465ee728b)
Start importing Assets/Materials/Standard/Prototype_512x512_Grey2.mat using Guid(07dc66ae04b7f6a43b9674bf0fefb33a) Importer(815301076,1909f56bfc062723c751e8b465ee728b)  -> (artifact id: 'cc454dd10eeaed38ce67e2e054047f18') in 0.041058 seconds 
========================================================================
Received Import Request.
  Time since last request: 0.000294 seconds.
  path: Assets/Prefabs/BloodDecalMeshes/Prefabs/blood_letter_b_lowCase.prefab
  artifactKey: Guid(be186a33bb54f244bb5316627a3567da) Importer(815301076,1909f56bfc062723c751e8b465ee728b)
Start importing Assets/Prefabs/BloodDecalMeshes/Prefabs/blood_letter_b_lowCase.prefab using Guid(be186a33bb54f244bb5316627a3567da) Importer(815301076,1909f56bfc062723c751e8b465ee728b)  -> (artifact id: '29aa7625fd377ece577f90c7206cfa25') in 0.037064 seconds 
========================================================================
Received Import Request.
  Time since last request: 0.000433 seconds.
  path: Assets/SFLCK_2/!Prefabs/Rails/Wet_Floor.prefab
  artifactKey: Guid(1c511c98926e05d4083700b3a9cf4f42) Importer(815301076,1909f56bfc062723c751e8b465ee728b)
Start importing Assets/SFLCK_2/!Prefabs/Rails/Wet_Floor.prefab using Guid(1c511c98926e05d4083700b3a9cf4f42) Importer(815301076,1909f56bfc062723c751e8b465ee728b)  -> (artifact id: 'b4439ef19ba78cc56ff7fd0f4f3c6be6') in 0.035503 seconds 
========================================================================
Received Import Request.
  Time since last request: 0.000441 seconds.
  path: Assets/_Biomass/Prefabs/BiomassS_8.prefab
  artifactKey: Guid(43af5deac9c2a314db9e3a74fc4db44a) Importer(815301076,1909f56bfc062723c751e8b465ee728b)
Start importing Assets/_Biomass/Prefabs/BiomassS_8.prefab using Guid(43af5deac9c2a314db9e3a74fc4db44a) Importer(815301076,1909f56bfc062723c751e8b465ee728b)  -> (artifact id: '768c43dba9f56d9b216dfcd2f9855013') in 0.032031 seconds 
========================================================================
Received Import Request.
  Time since last request: 0.000374 seconds.
  path: Assets/SFLCK_2/!Prefabs/Walls_A/Doorways/A_Doorway_Small_1x4.prefab
  artifactKey: Guid(6fb688cfc5fca124eb835f606006c0d8) Importer(815301076,1909f56bfc062723c751e8b465ee728b)
Start importing Assets/SFLCK_2/!Prefabs/Walls_A/Doorways/A_Doorway_Small_1x4.prefab using Guid(6fb688cfc5fca124eb835f606006c0d8) Importer(815301076,1909f56bfc062723c751e8b465ee728b)  -> (artifact id: '975937c41198ab2473dea3dfcb338d9e') in 0.031826 seconds 
========================================================================
Received Import Request.
  Time since last request: 0.000392 seconds.
  path: Assets/_Biomass/Prefabs/Biomass_17.prefab
  artifactKey: Guid(34b44e2757b2eb245a3be74ef074f4a3) Importer(815301076,1909f56bfc062723c751e8b465ee728b)
Start importing Assets/_Biomass/Prefabs/Biomass_17.prefab using Guid(34b44e2757b2eb245a3be74ef074f4a3) Importer(815301076,1909f56bfc062723c751e8b465ee728b)  -> (artifact id: 'bcb0025fed7c0b3ddb05a2b10834db95') in 0.055203 seconds 
========================================================================
Received Import Request.
  Time since last request: 0.000501 seconds.
  path: Assets/Prefabs/BloodDecalMeshes/Prefabs/blood_this.prefab
  artifactKey: Guid(f2e3636b5a95b724587bb0cac8a06b78) Importer(815301076,1909f56bfc062723c751e8b465ee728b)
Start importing Assets/Prefabs/BloodDecalMeshes/Prefabs/blood_this.prefab using Guid(f2e3636b5a95b724587bb0cac8a06b78) Importer(815301076,1909f56bfc062723c751e8b465ee728b)  -> (artifact id: 'db95d8a8ba27b4b02c7b8ee93d9e9917') in 0.030053 seconds 
========================================================================
Received Import Request.
  Time since last request: 0.000418 seconds.
  path: Assets/Materials/Standard/Prototype_512x512_Red.mat
  artifactKey: Guid(5a26de236ce89e94b963be8fa2b7ade6) Importer(815301076,1909f56bfc062723c751e8b465ee728b)
Start importing Assets/Materials/Standard/Prototype_512x512_Red.mat using Guid(5a26de236ce89e94b963be8fa2b7ade6) Importer(815301076,1909f56bfc062723c751e8b465ee728b)  -> (artifact id: '68de9a09ff8d7185b99c0db80f1f23ee') in 0.025330 seconds 
========================================================================
Received Import Request.
  Time since last request: 0.000541 seconds.
  path: Assets/SFLCK_2/!Prefabs/Walls_A/Walls/A_Wall_Simple_4x4.prefab
  artifactKey: Guid(25426e9a6577f254a9380bc982524795) Importer(815301076,1909f56bfc062723c751e8b465ee728b)
Start importing Assets/SFLCK_2/!Prefabs/Walls_A/Walls/A_Wall_Simple_4x4.prefab using Guid(25426e9a6577f254a9380bc982524795) Importer(815301076,1909f56bfc062723c751e8b465ee728b)  -> (artifact id: '793a157d90ed0f5afe384c2583922041') in 0.043765 seconds 
========================================================================
Received Import Request.
  Time since last request: 0.000428 seconds.
  path: Assets/_Biomass/Prefabs/BiomassCB_4.prefab
  artifactKey: Guid(a0175a47f2ab6ce42a430be74a7343f4) Importer(815301076,1909f56bfc062723c751e8b465ee728b)
Start importing Assets/_Biomass/Prefabs/BiomassCB_4.prefab using Guid(a0175a47f2ab6ce42a430be74a7343f4) Importer(815301076,1909f56bfc062723c751e8b465ee728b)  -> (artifact id: '71061e4f8afca89f9d598e40a74b3c4b') in 0.096588 seconds 
========================================================================
Received Import Request.
  Time since last request: 0.000308 seconds.
  path: Assets/SFLCK_2/!Prefabs/Walls_A/Doorways/AB_Doorway_Thin_2x4.prefab
  artifactKey: Guid(e3b50ee11164dd64d91fbfff7e147d36) Importer(815301076,1909f56bfc062723c751e8b465ee728b)
Start importing Assets/SFLCK_2/!Prefabs/Walls_A/Doorways/AB_Doorway_Thin_2x4.prefab using Guid(e3b50ee11164dd64d91fbfff7e147d36) Importer(815301076,1909f56bfc062723c751e8b465ee728b)  -> (artifact id: '73ebf7c7a2866cbb42add06717ca4c30') in 0.032832 seconds 
========================================================================
Received Import Request.
  Time since last request: 0.000273 seconds.
  path: Assets/Prefabs/BloodDecalMeshes/Prefabs/BloodDecal_WritingB.prefab
  artifactKey: Guid(8ebf948be187b634fb9519f651aae383) Importer(815301076,1909f56bfc062723c751e8b465ee728b)
Start importing Assets/Prefabs/BloodDecalMeshes/Prefabs/BloodDecal_WritingB.prefab using Guid(8ebf948be187b634fb9519f651aae383) Importer(815301076,1909f56bfc062723c751e8b465ee728b)  -> (artifact id: '00ff04320f2429ca21372172c45db6a2') in 0.033541 seconds 
========================================================================
Received Import Request.
  Time since last request: 0.000289 seconds.
  path: Assets/_Biomass/Prefabs/BiomassCBB_1.prefab
  artifactKey: Guid(2e0c360892b0bf347b212af57293daa9) Importer(815301076,1909f56bfc062723c751e8b465ee728b)
Start importing Assets/_Biomass/Prefabs/BiomassCBB_1.prefab using Guid(2e0c360892b0bf347b212af57293daa9) Importer(815301076,1909f56bfc062723c751e8b465ee728b)  -> (artifact id: 'eb8d1cd331bb2245eb1674a3bdc3f25c') in 0.060209 seconds 
========================================================================
Received Import Request.
  Time since last request: 0.000326 seconds.
  path: Assets/Prefabs/BloodDecalMeshes/Prefabs/BloodDecal18.prefab
  artifactKey: Guid(30fadacd85cbd724ba13ba7dc95e530f) Importer(815301076,1909f56bfc062723c751e8b465ee728b)
Start importing Assets/Prefabs/BloodDecalMeshes/Prefabs/BloodDecal18.prefab using Guid(30fadacd85cbd724ba13ba7dc95e530f) Importer(815301076,1909f56bfc062723c751e8b465ee728b)  -> (artifact id: 'de0b2968d1f0ed01204d409a511c1f22') in 0.034972 seconds 
========================================================================
Received Import Request.
  Time since last request: 0.000288 seconds.
  path: Assets/Prefabs/BloodDecalMeshes/Prefabs/blood_letter_d_lowCase.prefab
  artifactKey: Guid(6d1b0266526008245b3b4cd3689f657f) Importer(815301076,1909f56bfc062723c751e8b465ee728b)
Start importing Assets/Prefabs/BloodDecalMeshes/Prefabs/blood_letter_d_lowCase.prefab using Guid(6d1b0266526008245b3b4cd3689f657f) Importer(815301076,1909f56bfc062723c751e8b465ee728b)  -> (artifact id: 'ec1520c66cd8a64e7576d098173945a5') in 0.043545 seconds 
========================================================================
Received Import Request.
  Time since last request: 0.000298 seconds.
  path: Assets/SFLCK_2/!Prefabs/Walls_A/Doorways/AB_Doorway_Wide_2x4.prefab
  artifactKey: Guid(f9dba349724901a40b33245bf01a3ec9) Importer(815301076,1909f56bfc062723c751e8b465ee728b)
Start importing Assets/SFLCK_2/!Prefabs/Walls_A/Doorways/AB_Doorway_Wide_2x4.prefab using Guid(f9dba349724901a40b33245bf01a3ec9) Importer(815301076,1909f56bfc062723c751e8b465ee728b)  -> (artifact id: '10d0b484a828b7986f75f53ebfc47412') in 0.033807 seconds 
========================================================================
Received Import Request.
  Time since last request: 0.000294 seconds.
  path: Assets/_Biomass/Prefabs/Pregathered/BiomassFGath_2.prefab
  artifactKey: Guid(ebd4cb58ebd6f664286d6cd161d31b0a) Importer(815301076,1909f56bfc062723c751e8b465ee728b)
Start importing Assets/_Biomass/Prefabs/Pregathered/BiomassFGath_2.prefab using Guid(ebd4cb58ebd6f664286d6cd161d31b0a) Importer(815301076,1909f56bfc062723c751e8b465ee728b)  -> (artifact id: '493a356c4f97b38ae474e089ade5bb18') in 0.046059 seconds 
========================================================================
Received Import Request.
  Time since last request: 0.000320 seconds.
  path: Assets/SFLCK_2/!Prefabs/Walls_A/Walls/A_Wall_Simple_2x2.prefab
  artifactKey: Guid(d25750aa41af71d4d938f43834a90811) Importer(815301076,1909f56bfc062723c751e8b465ee728b)
Start importing Assets/SFLCK_2/!Prefabs/Walls_A/Walls/A_Wall_Simple_2x2.prefab using Guid(d25750aa41af71d4d938f43834a90811) Importer(815301076,1909f56bfc062723c751e8b465ee728b)  -> (artifact id: 'f781e9c6349067aad68ebc631590f4d5') in 0.044810 seconds 
========================================================================
Received Import Request.
  Time since last request: 0.000321 seconds.
  path: Assets/_Biomass/Prefabs/BiomassB_4.prefab
  artifactKey: Guid(3e266207c60951747ae8ba3bb8850a8c) Importer(815301076,1909f56bfc062723c751e8b465ee728b)
Start importing Assets/_Biomass/Prefabs/BiomassB_4.prefab using Guid(3e266207c60951747ae8ba3bb8850a8c) Importer(815301076,1909f56bfc062723c751e8b465ee728b)  -> (artifact id: '1d27810f8671201bf0facc6a37098437') in 0.049008 seconds 
========================================================================
Received Import Request.
  Time since last request: 0.000313 seconds.
  path: Assets/UnityTechnologies/ParticlePack/EffectExamples/Magic Effects/Prefabs/EarthShatter.prefab
  artifactKey: Guid(32c9fd11a72259d45aa26ae41c34c5aa) Importer(815301076,1909f56bfc062723c751e8b465ee728b)
Start importing Assets/UnityTechnologies/ParticlePack/EffectExamples/Magic Effects/Prefabs/EarthShatter.prefab using Guid(32c9fd11a72259d45aa26ae41c34c5aa) Importer(815301076,1909f56bfc062723c751e8b465ee728b)  -> (artifact id: 'f018853154a1fd0782aff26a1d7c5e86') in 0.051826 seconds 
========================================================================
Received Import Request.
  Time since last request: 0.000261 seconds.
  path: Assets/UnityTechnologies/ParticlePack/EffectExamples/Smoke & Steam Effects/Materials/SmokeLight.mat
  artifactKey: Guid(f06455b167e1b0b428c9af62d7aa6832) Importer(815301076,1909f56bfc062723c751e8b465ee728b)
Start importing Assets/UnityTechnologies/ParticlePack/EffectExamples/Smoke & Steam Effects/Materials/SmokeLight.mat using Guid(f06455b167e1b0b428c9af62d7aa6832) Importer(815301076,1909f56bfc062723c751e8b465ee728b)  -> (artifact id: 'c0ca7c10c3609bb72f869d26f8df711d') in 0.033991 seconds 
========================================================================
Received Import Request.
  Time since last request: 0.000361 seconds.
  path: Assets/_Biomass/Prefabs/Walls/Box003.prefab
  artifactKey: Guid(6acab5888327a454c9da0831433eb18c) Importer(815301076,1909f56bfc062723c751e8b465ee728b)
Start importing Assets/_Biomass/Prefabs/Walls/Box003.prefab using Guid(6acab5888327a454c9da0831433eb18c) Importer(815301076,1909f56bfc062723c751e8b465ee728b)  -> (artifact id: '6fdeacef4a6c23d7282d3fdc0ad9d337') in 0.020824 seconds 
========================================================================
Received Import Request.
  Time since last request: 0.000399 seconds.
  path: Assets/_Biomass/Prefabs/BiomassB_1.prefab
  artifactKey: Guid(986f4c13b59081b4983fc13fdc76f0e4) Importer(815301076,1909f56bfc062723c751e8b465ee728b)
Start importing Assets/_Biomass/Prefabs/BiomassB_1.prefab using Guid(986f4c13b59081b4983fc13fdc76f0e4) Importer(815301076,1909f56bfc062723c751e8b465ee728b)  -> (artifact id: 'c507e6e4dc3011a378ae0beddd60b19f') in 0.060810 seconds 
========================================================================
Received Import Request.
  Time since last request: 0.000400 seconds.
  path: Assets/_Biomass/Prefabs/BiomassB_2.prefab
  artifactKey: Guid(aa4c0558b2bf33e4d82320ede434bebe) Importer(815301076,1909f56bfc062723c751e8b465ee728b)
Start importing Assets/_Biomass/Prefabs/BiomassB_2.prefab using Guid(aa4c0558b2bf33e4d82320ede434bebe) Importer(815301076,1909f56bfc062723c751e8b465ee728b)  -> (artifact id: '314d91f255ec6b346a4ea44026366f5e') in 0.049631 seconds 
========================================================================
Received Import Request.
  Time since last request: 0.000276 seconds.
  path: Assets/_Biomass/Prefabs/BiomassF_7.prefab
  artifactKey: Guid(40dced1a4814ef54d8bf828cd40b611d) Importer(815301076,1909f56bfc062723c751e8b465ee728b)
Start importing Assets/_Biomass/Prefabs/BiomassF_7.prefab using Guid(40dced1a4814ef54d8bf828cd40b611d) Importer(815301076,1909f56bfc062723c751e8b465ee728b)  -> (artifact id: '420bad4b04ecff81583ab8df9e48f109') in 0.047479 seconds 
========================================================================
Received Import Request.
  Time since last request: 0.000265 seconds.
  path: Assets/_Biomass/Prefabs/BiomassF_8.prefab
  artifactKey: Guid(064aff0bbe02a824ab2ceb30124b9c7e) Importer(815301076,1909f56bfc062723c751e8b465ee728b)
Start importing Assets/_Biomass/Prefabs/BiomassF_8.prefab using Guid(064aff0bbe02a824ab2ceb30124b9c7e) Importer(815301076,1909f56bfc062723c751e8b465ee728b)  -> (artifact id: 'a8a70a9972a2d23adca8bfb06030455f') in 0.046627 seconds 
========================================================================
Received Import Request.
  Time since last request: 0.000459 seconds.
  path: Assets/Prefabs/BloodDecalMeshes/Prefabs/blood_pict_devil.prefab
  artifactKey: Guid(082738fc26c6d6d489474d1f2c2be096) Importer(815301076,1909f56bfc062723c751e8b465ee728b)
Start importing Assets/Prefabs/BloodDecalMeshes/Prefabs/blood_pict_devil.prefab using Guid(082738fc26c6d6d489474d1f2c2be096) Importer(815301076,1909f56bfc062723c751e8b465ee728b)  -> (artifact id: 'b52cd682bd6e002a713059028bd26fae') in 0.037670 seconds 
========================================================================
Received Import Request.
  Time since last request: 0.000269 seconds.
  path: Assets/_Biomass/Prefabs/BiomassF_9.prefab
  artifactKey: Guid(bd850320fb97bc949b9a924133bbbb7b) Importer(815301076,1909f56bfc062723c751e8b465ee728b)
Start importing Assets/_Biomass/Prefabs/BiomassF_9.prefab using Guid(bd850320fb97bc949b9a924133bbbb7b) Importer(815301076,1909f56bfc062723c751e8b465ee728b)  -> (artifact id: 'b74ef46d9d7939d00a98c108880b6150') in 0.048099 seconds 
========================================================================
Received Import Request.
  Time since last request: 0.000362 seconds.
  path: Assets/Prefabs/BloodDecalMeshes/Prefabs/blood_scared.prefab
  artifactKey: Guid(a6554b4066d070144913ec056164fb6b) Importer(815301076,1909f56bfc062723c751e8b465ee728b)
Start importing Assets/Prefabs/BloodDecalMeshes/Prefabs/blood_scared.prefab using Guid(a6554b4066d070144913ec056164fb6b) Importer(815301076,1909f56bfc062723c751e8b465ee728b)  -> (artifact id: '06cf36a1467bb290bd0d0c0a4054f8df') in 0.036778 seconds 
========================================================================
Received Import Request.
  Time since last request: 0.000359 seconds.
  path: Assets/SFLCK_2/Rails/Materials/Rails.mat
  artifactKey: Guid(8531ad0a0eff0f74389464142b5f2875) Importer(815301076,1909f56bfc062723c751e8b465ee728b)
Start importing Assets/SFLCK_2/Rails/Materials/Rails.mat using Guid(8531ad0a0eff0f74389464142b5f2875) Importer(815301076,1909f56bfc062723c751e8b465ee728b)  -> (artifact id: '8adf3503297a8b8bdb8499c994e37d3e') in 0.027988 seconds 
========================================================================
Received Import Request.
  Time since last request: 0.000374 seconds.
  path: Assets/UnityTechnologies/ParticlePack/EffectExamples/Smoke & Steam Effects/Prefabs/DustStorm.prefab
  artifactKey: Guid(9e03786a9517b604d8e930182607a128) Importer(815301076,1909f56bfc062723c751e8b465ee728b)
Start importing Assets/UnityTechnologies/ParticlePack/EffectExamples/Smoke & Steam Effects/Prefabs/DustStorm.prefab using Guid(9e03786a9517b604d8e930182607a128) Importer(815301076,1909f56bfc062723c751e8b465ee728b)  -> (artifact id: 'b4f5ee8166e7f4d6e7c5f77698cbd75d') in 0.038625 seconds 
========================================================================
Received Import Request.
  Time since last request: 0.000321 seconds.
  path: Assets/Prefabs/BloodDecalMeshes/Prefabs/BloodDecal05.prefab
  artifactKey: Guid(3c16240b07126634aa1cd89fe5837001) Importer(815301076,1909f56bfc062723c751e8b465ee728b)
Start importing Assets/Prefabs/BloodDecalMeshes/Prefabs/BloodDecal05.prefab using Guid(3c16240b07126634aa1cd89fe5837001) Importer(815301076,1909f56bfc062723c751e8b465ee728b)  -> (artifact id: 'e9defa50161d03a531d7b5564638e8bd') in 0.033737 seconds 
========================================================================
Received Import Request.
  Time since last request: 0.000352 seconds.
  path: Assets/Prefabs/ZombieSpawner.prefab
  artifactKey: Guid(02167f233f1bebc469de87008c09e0e7) Importer(815301076,1909f56bfc062723c751e8b465ee728b)
Start importing Assets/Prefabs/ZombieSpawner.prefab using Guid(02167f233f1bebc469de87008c09e0e7) Importer(815301076,1909f56bfc062723c751e8b465ee728b)  -> (artifact id: '96857dc7e120cf70e1521f0e10a8447f') in 0.062647 seconds 
========================================================================
Received Import Request.
  Time since last request: 0.000316 seconds.
  path: Assets/SFLCK_2/!Prefabs/Furniture/Beds/Blanket_Rolled.prefab
  artifactKey: Guid(9c79dc3f7e0091b43846bb515ae75ba0) Importer(815301076,1909f56bfc062723c751e8b465ee728b)
Start importing Assets/SFLCK_2/!Prefabs/Furniture/Beds/Blanket_Rolled.prefab using Guid(9c79dc3f7e0091b43846bb515ae75ba0) Importer(815301076,1909f56bfc062723c751e8b465ee728b)  -> (artifact id: '36f401abf773927fc8c1aecc16e6d652') in 0.046364 seconds 
========================================================================
Received Import Request.
  Time since last request: 0.000330 seconds.
  path: Assets/SFLCK_2/!Prefabs/Walls_B/Ceiling/B_Ceiling_Corner_Out_2x2.prefab
  artifactKey: Guid(15606dea01a78df4fadd2ad76162bd0f) Importer(815301076,1909f56bfc062723c751e8b465ee728b)
Start importing Assets/SFLCK_2/!Prefabs/Walls_B/Ceiling/B_Ceiling_Corner_Out_2x2.prefab using Guid(15606dea01a78df4fadd2ad76162bd0f) Importer(815301076,1909f56bfc062723c751e8b465ee728b)  -> (artifact id: '54fe8da92dd305956a860e86d94f1b1f') in 0.034377 seconds 
========================================================================
Received Import Request.
  Time since last request: 0.000272 seconds.
  path: Assets/SFLCK_2/!Prefabs/Rails/Sign_2.prefab
  artifactKey: Guid(3a52e446b7b13cf4ca75be9ade1a6139) Importer(815301076,1909f56bfc062723c751e8b465ee728b)
Start importing Assets/SFLCK_2/!Prefabs/Rails/Sign_2.prefab using Guid(3a52e446b7b13cf4ca75be9ade1a6139) Importer(815301076,1909f56bfc062723c751e8b465ee728b)  -> (artifact id: 'a7b17a5fb78ff7807414ca16277c68e5') in 0.029050 seconds 
========================================================================
Received Import Request.
  Time since last request: 0.000312 seconds.
  path: Assets/SFLCK_2/!Prefabs/Interior/Vents/Prop_C_Conditioner.prefab
  artifactKey: Guid(50ea4a0e8c9772848a5fd80b587385eb) Importer(815301076,1909f56bfc062723c751e8b465ee728b)
Start importing Assets/SFLCK_2/!Prefabs/Interior/Vents/Prop_C_Conditioner.prefab using Guid(50ea4a0e8c9772848a5fd80b587385eb) Importer(815301076,1909f56bfc062723c751e8b465ee728b)  -> (artifact id: '1a36e00c581584edbbfb2de02bd89b65') in 0.056234 seconds 
========================================================================
Received Import Request.
  Time since last request: 0.000243 seconds.
  path: Assets/SFLCK_2/!Prefabs/Furniture/Lockers/Locker.prefab
  artifactKey: Guid(10747f95ed08d1e44b7874f644de9b7b) Importer(815301076,1909f56bfc062723c751e8b465ee728b)
Start importing Assets/SFLCK_2/!Prefabs/Furniture/Lockers/Locker.prefab using Guid(10747f95ed08d1e44b7874f644de9b7b) Importer(815301076,1909f56bfc062723c751e8b465ee728b)  -> (artifact id: 'fa7ff5cb7ee1332395897126fced7c80') in 0.050998 seconds 
========================================================================
Received Import Request.
  Time since last request: 0.000336 seconds.
  path: Assets/SFLCK_2/!Prefabs/Furniture/Beds/Bed_Medium_2.prefab
  artifactKey: Guid(84732b1379d71474b88a34b2b11ec696) Importer(815301076,1909f56bfc062723c751e8b465ee728b)
Start importing Assets/SFLCK_2/!Prefabs/Furniture/Beds/Bed_Medium_2.prefab using Guid(84732b1379d71474b88a34b2b11ec696) Importer(815301076,1909f56bfc062723c751e8b465ee728b)  -> (artifact id: '1788997b4c88a91da111e6c9078835a6') in 0.044605 seconds 
========================================================================
Received Import Request.
  Time since last request: 0.000539 seconds.
  path: Assets/Materials/Standard/Prototype_512x512_Brown.mat
  artifactKey: Guid(a54b7ad866d3a9b47bbf3b53baa0acc4) Importer(815301076,1909f56bfc062723c751e8b465ee728b)
Start importing Assets/Materials/Standard/Prototype_512x512_Brown.mat using Guid(a54b7ad866d3a9b47bbf3b53baa0acc4) Importer(815301076,1909f56bfc062723c751e8b465ee728b)  -> (artifact id: 'd058980df1e6efde08f376e0683b0255') in 0.027858 seconds 
========================================================================
Received Import Request.
  Time since last request: 0.000309 seconds.
  path: Assets/SFLCK_2/!Prefabs/Walls_A/Celing/A_Ceiling_Corner_Out_2x2.prefab
  artifactKey: Guid(d140bd31f1fc3734cbe4b61a274a16f2) Importer(815301076,1909f56bfc062723c751e8b465ee728b)
Start importing Assets/SFLCK_2/!Prefabs/Walls_A/Celing/A_Ceiling_Corner_Out_2x2.prefab using Guid(d140bd31f1fc3734cbe4b61a274a16f2) Importer(815301076,1909f56bfc062723c751e8b465ee728b)  -> (artifact id: '17ad7a84b6556bddd9985325ca4094ea') in 0.035687 seconds 
========================================================================
Received Import Request.
  Time since last request: 0.000289 seconds.
  path: Assets/Prefabs/BloodDecalMeshes/Prefabs/blood_letter_W.prefab
  artifactKey: Guid(af112b6a8bde6e9449a58bf0cf480bdc) Importer(815301076,1909f56bfc062723c751e8b465ee728b)
Start importing Assets/Prefabs/BloodDecalMeshes/Prefabs/blood_letter_W.prefab using Guid(af112b6a8bde6e9449a58bf0cf480bdc) Importer(815301076,1909f56bfc062723c751e8b465ee728b)  -> (artifact id: '97e7c248f786fda6005bdcba72eed1cf') in 0.035851 seconds 
========================================================================
Received Import Request.
  Time since last request: 0.000293 seconds.
  path: Assets/_Biomass/Prefabs/BiomassCU_3.prefab
  artifactKey: Guid(66ca4a31d29689645aa7c808e8734c39) Importer(815301076,1909f56bfc062723c751e8b465ee728b)
Start importing Assets/_Biomass/Prefabs/BiomassCU_3.prefab using Guid(66ca4a31d29689645aa7c808e8734c39) Importer(815301076,1909f56bfc062723c751e8b465ee728b)  -> (artifact id: '578f29c44e2c12c5c648bb66bc239cef') in 0.050449 seconds 
========================================================================
Received Import Request.
  Time since last request: 0.000255 seconds.
  path: Assets/Prefabs/BloodDecalMeshes/Prefabs/blood_hopelessness.prefab
  artifactKey: Guid(8e7dd591ec0d4c74d9a219e2d1dcf4cf) Importer(815301076,1909f56bfc062723c751e8b465ee728b)
Start importing Assets/Prefabs/BloodDecalMeshes/Prefabs/blood_hopelessness.prefab using Guid(8e7dd591ec0d4c74d9a219e2d1dcf4cf) Importer(815301076,1909f56bfc062723c751e8b465ee728b)  -> (artifact id: 'b9428506abbef1d1923fe9168d75f422') in 0.037911 seconds 
========================================================================
Received Import Request.
  Time since last request: 0.000348 seconds.
  path: Assets/Prefabs/BloodDecalMeshes/Prefabs/blood_who.prefab
  artifactKey: Guid(41302d195623a3545acbe12f0176a499) Importer(815301076,1909f56bfc062723c751e8b465ee728b)
Start importing Assets/Prefabs/BloodDecalMeshes/Prefabs/blood_who.prefab using Guid(41302d195623a3545acbe12f0176a499) Importer(815301076,1909f56bfc062723c751e8b465ee728b)  -> (artifact id: '44c543c7ffb4a1662d4f284a912b9543') in 0.038300 seconds 
========================================================================
Received Import Request.
  Time since last request: 0.000576 seconds.
  path: Assets/Prefabs/BloodDecalMeshes/Prefabs/blood_rn_i.prefab
  artifactKey: Guid(cd1dd72952906e5478546ed3790f0c82) Importer(815301076,1909f56bfc062723c751e8b465ee728b)
Start importing Assets/Prefabs/BloodDecalMeshes/Prefabs/blood_rn_i.prefab using Guid(cd1dd72952906e5478546ed3790f0c82) Importer(815301076,1909f56bfc062723c751e8b465ee728b)  -> (artifact id: '2f10dca58fe5936269074b1e7689f77b') in 0.035019 seconds 
========================================================================
Received Import Request.
  Time since last request: 0.000288 seconds.
  path: Assets/Prefabs/BloodDecalMeshes/Prefabs/BloodDecal_WhichWay.prefab
  artifactKey: Guid(d38179f08691cbe49b169b34a9ba7beb) Importer(815301076,1909f56bfc062723c751e8b465ee728b)
Start importing Assets/Prefabs/BloodDecalMeshes/Prefabs/BloodDecal_WhichWay.prefab using Guid(d38179f08691cbe49b169b34a9ba7beb) Importer(815301076,1909f56bfc062723c751e8b465ee728b)  -> (artifact id: '686b0483f232555af6e01422eef58508') in 0.035132 seconds 
========================================================================
Received Import Request.
  Time since last request: 0.000361 seconds.
  path: Assets/SFLCK_2/!Prefabs/Interior/Walls/Box.prefab
  artifactKey: Guid(17f8bb99f6addf5489d1d5a3c677db50) Importer(815301076,1909f56bfc062723c751e8b465ee728b)
Start importing Assets/SFLCK_2/!Prefabs/Interior/Walls/Box.prefab using Guid(17f8bb99f6addf5489d1d5a3c677db50) Importer(815301076,1909f56bfc062723c751e8b465ee728b)  -> (artifact id: '6e3014dcdb633bd5b614379f05c434fd') in 0.029413 seconds 
========================================================================
Received Import Request.
  Time since last request: 0.000294 seconds.
  path: Assets/_Biomass/Prefabs/Pregathered/BiomassGathBF_4.prefab
  artifactKey: Guid(f8b7c8c7fcfb26a46a2cf9f9474029cc) Importer(815301076,1909f56bfc062723c751e8b465ee728b)
Start importing Assets/_Biomass/Prefabs/Pregathered/BiomassGathBF_4.prefab using Guid(f8b7c8c7fcfb26a46a2cf9f9474029cc) Importer(815301076,1909f56bfc062723c751e8b465ee728b)  -> (artifact id: '2dbe494fb441a7d972e938bcd163336a') in 0.072548 seconds 
========================================================================
Received Import Request.
  Time since last request: 0.000214 seconds.
  path: Assets/SFLCK_2/!Prefabs/Walls_B/Ceiling/B_Ceiling_Ramp_R_2x6.prefab
  artifactKey: Guid(84b9031b3f290da4c9cab8bcf7ff5d15) Importer(815301076,1909f56bfc062723c751e8b465ee728b)
Start importing Assets/SFLCK_2/!Prefabs/Walls_B/Ceiling/B_Ceiling_Ramp_R_2x6.prefab using Guid(84b9031b3f290da4c9cab8bcf7ff5d15) Importer(815301076,1909f56bfc062723c751e8b465ee728b)  -> (artifact id: 'f83ce4c680d4ffb3e47bfd28c3635d32') in 0.054660 seconds 
========================================================================
Received Import Request.
  Time since last request: 0.000519 seconds.
  path: Assets/Prefabs/BloodDecalMeshes/Prefabs/BloodDecal20.prefab
  artifactKey: Guid(80b8d5b0e57b7fe4fac75e02104db4f8) Importer(815301076,1909f56bfc062723c751e8b465ee728b)
Start importing Assets/Prefabs/BloodDecalMeshes/Prefabs/BloodDecal20.prefab using Guid(80b8d5b0e57b7fe4fac75e02104db4f8) Importer(815301076,1909f56bfc062723c751e8b465ee728b)  -> (artifact id: 'f6c74ca80a38a416ef49bf6137928270') in 0.047443 seconds 
========================================================================
Received Import Request.
  Time since last request: 0.000329 seconds.
  path: Assets/Prefabs/BloodDecalMeshes/Prefabs/BloodDecal_PleaseHelpUs.prefab
  artifactKey: Guid(67162c7dad9722d4a95f82d79da32e37) Importer(815301076,1909f56bfc062723c751e8b465ee728b)
Start importing Assets/Prefabs/BloodDecalMeshes/Prefabs/BloodDecal_PleaseHelpUs.prefab using Guid(67162c7dad9722d4a95f82d79da32e37) Importer(815301076,1909f56bfc062723c751e8b465ee728b)  -> (artifact id: '25fd6feddb9cccb2fbb859824012cd2e') in 0.035695 seconds 
========================================================================
Received Import Request.
  Time since last request: 0.000285 seconds.
  path: Assets/Prefabs/BloodDecalMeshes/Prefabs/blood_symb_pentagram.prefab
  artifactKey: Guid(88cfe0fd889899148be635d6fe5eedd9) Importer(815301076,1909f56bfc062723c751e8b465ee728b)
Start importing Assets/Prefabs/BloodDecalMeshes/Prefabs/blood_symb_pentagram.prefab using Guid(88cfe0fd889899148be635d6fe5eedd9) Importer(815301076,1909f56bfc062723c751e8b465ee728b)  -> (artifact id: 'c6062bc16f1e24fe47fe61d49a24fb9b') in 0.038823 seconds 
========================================================================
Received Import Request.
  Time since last request: 0.000244 seconds.
  path: Assets/_Biomass/__CubemapsShaders/Sky2.mat
  artifactKey: Guid(29b0c5c2c49028d4e8d337d82cc78539) Importer(815301076,1909f56bfc062723c751e8b465ee728b)
Start importing Assets/_Biomass/__CubemapsShaders/Sky2.mat using Guid(29b0c5c2c49028d4e8d337d82cc78539) Importer(815301076,1909f56bfc062723c751e8b465ee728b)  -> (artifact id: 'a37354ff86afb68e2ba7eeba267efee7') in 0.059906 seconds 
========================================================================
Received Import Request.
  Time since last request: 0.000306 seconds.
  path: Assets/Prefabs/BloodDecalMeshes/Prefabs/blood_math_minus.prefab
  artifactKey: Guid(5769288ee472b5d4db0927d188f085e4) Importer(815301076,1909f56bfc062723c751e8b465ee728b)
Start importing Assets/Prefabs/BloodDecalMeshes/Prefabs/blood_math_minus.prefab using Guid(5769288ee472b5d4db0927d188f085e4) Importer(815301076,1909f56bfc062723c751e8b465ee728b)  -> (artifact id: '2577c95bad5d95bc1e15a303b3c7cee4') in 0.036952 seconds 
========================================================================
Received Import Request.
  Time since last request: 0.000366 seconds.
  path: Assets/_Biomass/Prefabs/Biomass_19.prefab
  artifactKey: Guid(87341079da4ed9e4b84b3b70e17ebd87) Importer(815301076,1909f56bfc062723c751e8b465ee728b)
Start importing Assets/_Biomass/Prefabs/Biomass_19.prefab using Guid(87341079da4ed9e4b84b3b70e17ebd87) Importer(815301076,1909f56bfc062723c751e8b465ee728b)  -> (artifact id: 'fd56216892bcb02aee904189a0cc8a97') in 0.064937 seconds 
========================================================================
Received Import Request.
  Time since last request: 0.000299 seconds.
  path: Assets/UnityTechnologies/ParticlePack/EffectExamples/Fire & Explosion Effects/Materials/MediumFlame01.mat
  artifactKey: Guid(5584a46a2a298d348a252b58b4847ae0) Importer(815301076,1909f56bfc062723c751e8b465ee728b)
Start importing Assets/UnityTechnologies/ParticlePack/EffectExamples/Fire & Explosion Effects/Materials/MediumFlame01.mat using Guid(5584a46a2a298d348a252b58b4847ae0) Importer(815301076,1909f56bfc062723c751e8b465ee728b)  -> (artifact id: '527d3d49a923ebecc54ea691dce45e7a') in 0.033293 seconds 
========================================================================
Received Import Request.
  Time since last request: 0.000421 seconds.
  path: Assets/Prefabs/BloodDecalMeshes/Prefabs/blood_me.prefab
  artifactKey: Guid(f39978d37b1dfe843b5a004665872614) Importer(815301076,1909f56bfc062723c751e8b465ee728b)
Start importing Assets/Prefabs/BloodDecalMeshes/Prefabs/blood_me.prefab using Guid(f39978d37b1dfe843b5a004665872614) Importer(815301076,1909f56bfc062723c751e8b465ee728b)  -> (artifact id: 'd286cb4c7db676a43a10a3c2826179e0') in 0.039586 seconds 
========================================================================
Received Import Request.
  Time since last request: 0.000335 seconds.
  path: Assets/SFLCK_2/!Prefabs/Rails/Sign_3.prefab
  artifactKey: Guid(1ca9ed472e98bdd4ab4b38847ca1dbee) Importer(815301076,1909f56bfc062723c751e8b465ee728b)
Start importing Assets/SFLCK_2/!Prefabs/Rails/Sign_3.prefab using Guid(1ca9ed472e98bdd4ab4b38847ca1dbee) Importer(815301076,1909f56bfc062723c751e8b465ee728b)  -> (artifact id: '4379e31b9eb43125125cbab5c42ee37c') in 0.027730 seconds 
========================================================================
Received Import Request.
  Time since last request: 0.000253 seconds.
  path: Assets/UnityTechnologies/ParticlePack/EffectExamples/Misc Effects/Materials/SmokePuff.mat
  artifactKey: Guid(5545993361f7ef8479dce19256c84f06) Importer(815301076,1909f56bfc062723c751e8b465ee728b)
Start importing Assets/UnityTechnologies/ParticlePack/EffectExamples/Misc Effects/Materials/SmokePuff.mat using Guid(5545993361f7ef8479dce19256c84f06) Importer(815301076,1909f56bfc062723c751e8b465ee728b)  -> (artifact id: '6019518013b9f34f36fa0aa8de27be31') in 0.029037 seconds 
========================================================================
Received Import Request.
  Time since last request: 0.000304 seconds.
  path: Assets/Prefabs/BloodDecalMeshes/Prefabs/BloodDecal_WritingA.prefab
  artifactKey: Guid(195550fe7a3d778408ce6e38d8e03ab4) Importer(815301076,1909f56bfc062723c751e8b465ee728b)
Start importing Assets/Prefabs/BloodDecalMeshes/Prefabs/BloodDecal_WritingA.prefab using Guid(195550fe7a3d778408ce6e38d8e03ab4) Importer(815301076,1909f56bfc062723c751e8b465ee728b)  -> (artifact id: '2ff2641cd91f4179bb474244ea8653ad') in 0.032459 seconds 
========================================================================
Received Import Request.
  Time since last request: 0.000253 seconds.
  path: Assets/Prefabs/BloodDecalMeshes/Prefabs/BloodDecal_StreakB.prefab
  artifactKey: Guid(4dd378510a19e5745a9478d49c2ce36e) Importer(815301076,1909f56bfc062723c751e8b465ee728b)
Start importing Assets/Prefabs/BloodDecalMeshes/Prefabs/BloodDecal_StreakB.prefab using Guid(4dd378510a19e5745a9478d49c2ce36e) Importer(815301076,1909f56bfc062723c751e8b465ee728b)  -> (artifact id: 'f0c90c4f04de82c462f01325b1be965e') in 0.036214 seconds 
========================================================================
Received Import Request.
  Time since last request: 0.000497 seconds.
  path: Assets/_Biomass/Prefabs/Biomass_10.prefab
  artifactKey: Guid(240223c7eaa55e1458701329c794ce8d) Importer(815301076,1909f56bfc062723c751e8b465ee728b)
Start importing Assets/_Biomass/Prefabs/Biomass_10.prefab using Guid(240223c7eaa55e1458701329c794ce8d) Importer(815301076,1909f56bfc062723c751e8b465ee728b)  -> (artifact id: 'f99e1859c9b880e282e3d330f1dbb7ea') in 0.066337 seconds 
========================================================================
Received Import Request.
  Time since last request: 0.000369 seconds.
  path: Assets/Models/CrusaderV3.fbx
  artifactKey: Guid(33caf2343541a8d4ca7c054066d2f1ab) Importer(815301076,1909f56bfc062723c751e8b465ee728b)
Start importing Assets/Models/CrusaderV3.fbx using Guid(33caf2343541a8d4ca7c054066d2f1ab) Importer(815301076,1909f56bfc062723c751e8b465ee728b)  -> (artifact id: 'bf90943f76f41651056febe800fce7f2') in 0.078886 seconds 
========================================================================
Received Import Request.
  Time since last request: 0.000309 seconds.
  path: Assets/Prefabs/BloodDecalMeshes/Prefabs/blood_pict_evilEye.prefab
  artifactKey: Guid(d2cab0e5dd94be04dab81a99c0dd8cfb) Importer(815301076,1909f56bfc062723c751e8b465ee728b)
Start importing Assets/Prefabs/BloodDecalMeshes/Prefabs/blood_pict_evilEye.prefab using Guid(d2cab0e5dd94be04dab81a99c0dd8cfb) Importer(815301076,1909f56bfc062723c751e8b465ee728b)  -> (artifact id: '123e52029374ae49517c9c5d68d65ace') in 0.046049 seconds 
========================================================================
Received Import Request.
  Time since last request: 0.000426 seconds.
  path: Assets/Prefabs/BloodDecalMeshes/Prefabs/BloodDecalHandStreakShort.prefab
  artifactKey: Guid(5f503bfb11ca4504ba24302b251aeb0f) Importer(815301076,1909f56bfc062723c751e8b465ee728b)
Start importing Assets/Prefabs/BloodDecalMeshes/Prefabs/BloodDecalHandStreakShort.prefab using Guid(5f503bfb11ca4504ba24302b251aeb0f) Importer(815301076,1909f56bfc062723c751e8b465ee728b)  -> (artifact id: 'cbbdfefde8021c31614db9f54a2c0ea0') in 0.040349 seconds 
========================================================================
Received Import Request.
  Time since last request: 0.000542 seconds.
  path: Assets/Prefabs/BloodDecalMeshes/Prefabs/blood_pict_666.prefab
  artifactKey: Guid(84807c1dcc7f6b547852cd1b9d3ecc90) Importer(815301076,1909f56bfc062723c751e8b465ee728b)
Start importing Assets/Prefabs/BloodDecalMeshes/Prefabs/blood_pict_666.prefab using Guid(84807c1dcc7f6b547852cd1b9d3ecc90) Importer(815301076,1909f56bfc062723c751e8b465ee728b)  -> (artifact id: '80f2228f999afec7835f44c24358506f') in 0.037919 seconds 
========================================================================
Received Import Request.
  Time since last request: 0.000418 seconds.
  path: Assets/SFLCK_2/!Prefabs/Interior/Pipes/Ceiling_Pipes_Corner.prefab
  artifactKey: Guid(9c25c5c6f06eb3247a0c9dc28855f388) Importer(815301076,1909f56bfc062723c751e8b465ee728b)
Start importing Assets/SFLCK_2/!Prefabs/Interior/Pipes/Ceiling_Pipes_Corner.prefab using Guid(9c25c5c6f06eb3247a0c9dc28855f388) Importer(815301076,1909f56bfc062723c751e8b465ee728b)  -> (artifact id: 'd46006b072d7b8cf585aad423ef3085d') in 0.031966 seconds 
========================================================================
Received Import Request.
  Time since last request: 0.000280 seconds.
  path: Assets/UnityTechnologies/ParticlePack/EffectExamples/Water Effects/Materials/Splash02.mat
  artifactKey: Guid(e9f88b6d5b7b7f24c8b3dc6b70f06653) Importer(815301076,1909f56bfc062723c751e8b465ee728b)
Start importing Assets/UnityTechnologies/ParticlePack/EffectExamples/Water Effects/Materials/Splash02.mat using Guid(e9f88b6d5b7b7f24c8b3dc6b70f06653) Importer(815301076,1909f56bfc062723c751e8b465ee728b)  -> (artifact id: '3d59149d63895d3eb29db1fd6e9a42f9') in 0.555227 seconds 
========================================================================
Received Import Request.
  Time since last request: 0.000409 seconds.
  path: Assets/Prefabs/BloodDecalMeshes/BloodGushFX/Materials/GreyscaleParticleB.mat
  artifactKey: Guid(690c48dc9c0f6924aab75be8de531f32) Importer(815301076,1909f56bfc062723c751e8b465ee728b)
Start importing Assets/Prefabs/BloodDecalMeshes/BloodGushFX/Materials/GreyscaleParticleB.mat using Guid(690c48dc9c0f6924aab75be8de531f32) Importer(815301076,1909f56bfc062723c751e8b465ee728b)  -> (artifact id: '05b49026243c11a02881a4c25fb58aad') in 0.045552 seconds 
========================================================================
Received Import Request.
  Time since last request: 0.000307 seconds.
  path: Assets/SFLCK_2/Lights/Materials/Light 2.mat
  artifactKey: Guid(cbc4c0ff3b551dc4b9f0b07992911cfb) Importer(815301076,1909f56bfc062723c751e8b465ee728b)
Start importing Assets/SFLCK_2/Lights/Materials/Light 2.mat using Guid(cbc4c0ff3b551dc4b9f0b07992911cfb) Importer(815301076,1909f56bfc062723c751e8b465ee728b)  -> (artifact id: 'f05fccc87ca67edc577f3cfd76d851cb') in 0.057215 seconds 
========================================================================
Received Import Request.
  Time since last request: 0.000495 seconds.
  path: Assets/TextMesh Pro/Resources/Fonts & Materials/LiberationSans SDF - Fallback.asset
  artifactKey: Guid(2e498d1c8094910479dc3e1b768306a4) Importer(815301076,1909f56bfc062723c751e8b465ee728b)
Start importing Assets/TextMesh Pro/Resources/Fonts & Materials/LiberationSans SDF - Fallback.asset using Guid(2e498d1c8094910479dc3e1b768306a4) Importer(815301076,1909f56bfc062723c751e8b465ee728b)  -> (artifact id: '4627acfc3e0e6ac44bbb02d7cd8406e1') in 0.044431 seconds 
========================================================================
Received Import Request.
  Time since last request: 0.000416 seconds.
  path: Assets/Prefabs/BloodDecalMeshes/BloodGushFX/Materials/GreyscaleParticleA.mat
  artifactKey: Guid(c999c2443197c6a47b9521be92b71c8b) Importer(815301076,1909f56bfc062723c751e8b465ee728b)
Start importing Assets/Prefabs/BloodDecalMeshes/BloodGushFX/Materials/GreyscaleParticleA.mat using Guid(c999c2443197c6a47b9521be92b71c8b) Importer(815301076,1909f56bfc062723c751e8b465ee728b)  -> (artifact id: 'f122e60fc670ac4b31f16afdf90586b9') in 0.027139 seconds 
========================================================================
Received Import Request.
  Time since last request: 0.000281 seconds.
  path: Assets/SFLCK_2/Lights/Materials/Light 1.mat
  artifactKey: Guid(8822dd1717d52c44f9f64cbec17e67e7) Importer(815301076,1909f56bfc062723c751e8b465ee728b)
Start importing Assets/SFLCK_2/Lights/Materials/Light 1.mat using Guid(8822dd1717d52c44f9f64cbec17e67e7) Importer(815301076,1909f56bfc062723c751e8b465ee728b)  -> (artifact id: 'bb7925f8b9a1ee03a7a51c8ccb1c2a43') in 0.059257 seconds 
========================================================================
Received Import Request.
  Time since last request: 0.000574 seconds.
  path: Assets/UnityTechnologies/ParticlePack/EffectExamples/Fire & Explosion Effects/Materials/Lightning.mat
  artifactKey: Guid(0b1b6a2d22d96564f9037ae143ea84cf) Importer(815301076,1909f56bfc062723c751e8b465ee728b)
Start importing Assets/UnityTechnologies/ParticlePack/EffectExamples/Fire & Explosion Effects/Materials/Lightning.mat using Guid(0b1b6a2d22d96564f9037ae143ea84cf) Importer(815301076,1909f56bfc062723c751e8b465ee728b)  -> (artifact id: '98d54d459fc816ea1ed52db817804755') in 0.027074 seconds 
========================================================================
Received Import Request.
  Time since last request: 0.000437 seconds.
  path: Assets/UnityTechnologies/ParticlePack/EffectExamples/Smoke & Steam Effects/Materials/HeatDistortion.mat
  artifactKey: Guid(3c90f41c7ad75cd4db41faa565660d18) Importer(815301076,1909f56bfc062723c751e8b465ee728b)
Start importing Assets/UnityTechnologies/ParticlePack/EffectExamples/Smoke & Steam Effects/Materials/HeatDistortion.mat using Guid(3c90f41c7ad75cd4db41faa565660d18) Importer(815301076,1909f56bfc062723c751e8b465ee728b)  -> (artifact id: '73da63d81b7d8e0cd10ad280aadd212b') in 0.034286 seconds 
========================================================================
Received Import Request.
  Time since last request: 0.000311 seconds.
  path: Assets/TextMesh Pro/Resources/Fonts & Materials/LiberationSans SDF - Outline.mat
  artifactKey: Guid(79459efec17a4d00a321bdcc27bbc385) Importer(815301076,1909f56bfc062723c751e8b465ee728b)
Start importing Assets/TextMesh Pro/Resources/Fonts & Materials/LiberationSans SDF - Outline.mat using Guid(79459efec17a4d00a321bdcc27bbc385) Importer(815301076,1909f56bfc062723c751e8b465ee728b)  -> (artifact id: '290e558810db944638fed849c4a0243f') in 0.059289 seconds 
========================================================================
Received Import Request.
  Time since last request: 0.000290 seconds.
  path: Assets/_Biomass/Prefabs/Pregathered/BiomassGathBF_1.prefab
  artifactKey: Guid(532cb2554f6bd2b499fd01f36c6b489f) Importer(815301076,1909f56bfc062723c751e8b465ee728b)
Start importing Assets/_Biomass/Prefabs/Pregathered/BiomassGathBF_1.prefab using Guid(532cb2554f6bd2b499fd01f36c6b489f) Importer(815301076,1909f56bfc062723c751e8b465ee728b)  -> (artifact id: 'f562927cf35f807c7cbf86e5ad06c6f2') in 0.047560 seconds 
========================================================================
Received Import Request.
  Time since last request: 0.000279 seconds.
  path: Assets/Materials/Standard/Prototype_512x512_Magenta.mat
  artifactKey: Guid(4b905f60df09c8245b6e0d5af2e04c7f) Importer(815301076,1909f56bfc062723c751e8b465ee728b)
Start importing Assets/Materials/Standard/Prototype_512x512_Magenta.mat using Guid(4b905f60df09c8245b6e0d5af2e04c7f) Importer(815301076,1909f56bfc062723c751e8b465ee728b)  -> (artifact id: '995c8060eefb01104917b463f51b258d') in 0.027386 seconds 
========================================================================
Received Import Request.
  Time since last request: 0.000557 seconds.
  path: Assets/Materials/Standard/Prototype_512x512_Cyan.mat
  artifactKey: Guid(cba66c276aed0874091de1c33eb3950d) Importer(815301076,1909f56bfc062723c751e8b465ee728b)
Start importing Assets/Materials/Standard/Prototype_512x512_Cyan.mat using Guid(cba66c276aed0874091de1c33eb3950d) Importer(815301076,1909f56bfc062723c751e8b465ee728b)  -> (artifact id: '838798d3c9bbb869b4b805909741e4b0') in 0.028634 seconds 
========================================================================
Received Import Request.
  Time since last request: 0.000385 seconds.
  path: Assets/Models/FPVP9Anims.fbx
  artifactKey: Guid(0d518d9dd64acdf46a4b46006e14fa28) Importer(815301076,1909f56bfc062723c751e8b465ee728b)
Start importing Assets/Models/FPVP9Anims.fbx using Guid(0d518d9dd64acdf46a4b46006e14fa28) Importer(815301076,1909f56bfc062723c751e8b465ee728b)  -> (artifact id: '1536017c291740b8c05305355ccc9eaf') in 0.046821 seconds 
========================================================================
Received Import Request.
  Time since last request: 0.000419 seconds.
  path: Assets/UnityTechnologies/ParticlePack/EffectExamples/Weapon Effects/Materials/StoneSurface.mat
  artifactKey: Guid(3eb079016c4106b41bc3f19de570f770) Importer(815301076,1909f56bfc062723c751e8b465ee728b)
Start importing Assets/UnityTechnologies/ParticlePack/EffectExamples/Weapon Effects/Materials/StoneSurface.mat using Guid(3eb079016c4106b41bc3f19de570f770) Importer(815301076,1909f56bfc062723c751e8b465ee728b)  -> (artifact id: 'c373c17caa79a12c8dddfbacadd9d09a') in 0.027232 seconds 
========================================================================
Received Import Request.
  Time since last request: 0.000359 seconds.
  path: Assets/Prefabs/BloodDecalMeshes/Prefabs/blood_num_6.prefab
  artifactKey: Guid(fa3460398a3504e4c9ddd1bb709eb28b) Importer(815301076,1909f56bfc062723c751e8b465ee728b)
Start importing Assets/Prefabs/BloodDecalMeshes/Prefabs/blood_num_6.prefab using Guid(fa3460398a3504e4c9ddd1bb709eb28b) Importer(815301076,1909f56bfc062723c751e8b465ee728b)  -> (artifact id: '2d749e0f749e821c541a527a14f5e992') in 0.039143 seconds 
========================================================================
Received Import Request.
  Time since last request: 0.000352 seconds.
  path: Assets/Prefabs/BloodDecalMeshes/Prefabs/blood_letter_u_lowCase.prefab
  artifactKey: Guid(6db6dde687cfb8d408d56dbf3a025950) Importer(815301076,1909f56bfc062723c751e8b465ee728b)
Start importing Assets/Prefabs/BloodDecalMeshes/Prefabs/blood_letter_u_lowCase.prefab using Guid(6db6dde687cfb8d408d56dbf3a025950) Importer(815301076,1909f56bfc062723c751e8b465ee728b)  -> (artifact id: 'da76a8ebea2abf0da030b3551287635f') in 0.036312 seconds 
========================================================================
Received Import Request.
  Time since last request: 0.000292 seconds.
  path: Assets/Materials/Standard/Prototype_512x512_Green2.mat
  artifactKey: Guid(dbe80190c9adea34c8c8845ca4a17934) Importer(815301076,1909f56bfc062723c751e8b465ee728b)
Start importing Assets/Materials/Standard/Prototype_512x512_Green2.mat using Guid(dbe80190c9adea34c8c8845ca4a17934) Importer(815301076,1909f56bfc062723c751e8b465ee728b)  -> (artifact id: '0d14e6728d7cbdb8a91dfd9a40194121') in 0.027537 seconds 
========================================================================
Received Import Request.
  Time since last request: 0.000311 seconds.
  path: Assets/UnityTechnologies/ParticlePack/EffectExamples/Smoke & Steam Effects/Materials/GroundFog.mat
  artifactKey: Guid(f96090edaea7c564c80586f4385918fd) Importer(815301076,1909f56bfc062723c751e8b465ee728b)
Start importing Assets/UnityTechnologies/ParticlePack/EffectExamples/Smoke & Steam Effects/Materials/GroundFog.mat using Guid(f96090edaea7c564c80586f4385918fd) Importer(815301076,1909f56bfc062723c751e8b465ee728b)  -> (artifact id: 'ea9c6336e2cef6bf2853b2c5353bcc0d') in 0.033915 seconds 
========================================================================
Received Import Request.
  Time since last request: 0.000357 seconds.
  path: Assets/Prefabs/BloodDecalMeshes/Prefabs/blood_when.prefab
  artifactKey: Guid(0cd5e2b0d92affb44b1bfd374dced429) Importer(815301076,1909f56bfc062723c751e8b465ee728b)
Start importing Assets/Prefabs/BloodDecalMeshes/Prefabs/blood_when.prefab using Guid(0cd5e2b0d92affb44b1bfd374dced429) Importer(815301076,1909f56bfc062723c751e8b465ee728b)  -> (artifact id: 'a675541e46cc25d1a7f7b2c76354264d') in 0.044505 seconds 
========================================================================
Received Import Request.
  Time since last request: 0.000318 seconds.
  path: Assets/_Biomass/Prefabs/Pregathered/BiomassT_1.prefab
  artifactKey: Guid(d152557c400acd245b1728483b7effd5) Importer(815301076,1909f56bfc062723c751e8b465ee728b)
Start importing Assets/_Biomass/Prefabs/Pregathered/BiomassT_1.prefab using Guid(d152557c400acd245b1728483b7effd5) Importer(815301076,1909f56bfc062723c751e8b465ee728b)  -> (artifact id: '1caae62ff03bd7db7509fdd95a96a546') in 0.041573 seconds 
========================================================================
Received Import Request.
  Time since last request: 0.000390 seconds.
  path: Assets/Prefabs/BloodDecalMeshes/Prefabs/blood_did.prefab
  artifactKey: Guid(0029d0e6428531341af047189b62a80c) Importer(815301076,1909f56bfc062723c751e8b465ee728b)
Start importing Assets/Prefabs/BloodDecalMeshes/Prefabs/blood_did.prefab using Guid(0029d0e6428531341af047189b62a80c) Importer(815301076,1909f56bfc062723c751e8b465ee728b)  -> (artifact id: 'c59e55deb99931fe6f95b1393b0881d5') in 0.032076 seconds 
========================================================================
Received Import Request.
  Time since last request: 0.000284 seconds.
  path: Assets/SFLCK_2/!Prefabs/Interior/Pipes/Ceiling_Pipes_Middle.prefab
  artifactKey: Guid(7d15f2df4ae1b4946a7a7b86edae0355) Importer(815301076,1909f56bfc062723c751e8b465ee728b)
Start importing Assets/SFLCK_2/!Prefabs/Interior/Pipes/Ceiling_Pipes_Middle.prefab using Guid(7d15f2df4ae1b4946a7a7b86edae0355) Importer(815301076,1909f56bfc062723c751e8b465ee728b)  -> (artifact id: '769bc86a646560a124c4f32489221f93') in 0.030318 seconds 
========================================================================
Received Import Request.
  Time since last request: 0.000308 seconds.
  path: Assets/Prefabs/BloodDecalMeshes/Prefabs/blood_letter_p_lowCase.prefab
  artifactKey: Guid(5ef6e5b00849907419c6febb45c3e677) Importer(815301076,1909f56bfc062723c751e8b465ee728b)
Start importing Assets/Prefabs/BloodDecalMeshes/Prefabs/blood_letter_p_lowCase.prefab using Guid(5ef6e5b00849907419c6febb45c3e677) Importer(815301076,1909f56bfc062723c751e8b465ee728b)  -> (artifact id: 'e81b7ec3e06bd11b0db82f6570b2deac') in 0.032765 seconds 
========================================================================
Received Import Request.
  Time since last request: 0.000227 seconds.
  path: Assets/Prefabs/BloodDecalMeshes/Prefabs/blood_sin.prefab
  artifactKey: Guid(6513f18583345d04f83796e5c3d93a48) Importer(815301076,1909f56bfc062723c751e8b465ee728b)
Start importing Assets/Prefabs/BloodDecalMeshes/Prefabs/blood_sin.prefab using Guid(6513f18583345d04f83796e5c3d93a48) Importer(815301076,1909f56bfc062723c751e8b465ee728b)  -> (artifact id: 'a70de2b2b9a53735c12ca22138bc3a61') in 0.038981 seconds 
========================================================================
Received Import Request.
  Time since last request: 0.000261 seconds.
  path: Assets/_Biomass/Prefabs/BiomassS_5.prefab
  artifactKey: Guid(468628ab865c736419e2bb8645c8ffcf) Importer(815301076,1909f56bfc062723c751e8b465ee728b)
Start importing Assets/_Biomass/Prefabs/BiomassS_5.prefab using Guid(468628ab865c736419e2bb8645c8ffcf) Importer(815301076,1909f56bfc062723c751e8b465ee728b)  -> (artifact id: '66034b915632bc43ff2fe1cf5872d37f') in 0.034351 seconds 
========================================================================
Received Import Request.
  Time since last request: 0.000652 seconds.
  path: Assets/UnityTechnologies/ParticlePack/EffectExamples/Water Effects/Prefabs/Shower.prefab
  artifactKey: Guid(3d19250bdd4e0df4c8da855e85a8d70b) Importer(815301076,1909f56bfc062723c751e8b465ee728b)
Start importing Assets/UnityTechnologies/ParticlePack/EffectExamples/Water Effects/Prefabs/Shower.prefab using Guid(3d19250bdd4e0df4c8da855e85a8d70b) Importer(815301076,1909f56bfc062723c751e8b465ee728b)  -> (artifact id: '3f8f92c0958ef9f49c2f3ed2f7259b83') in 0.605323 seconds 
========================================================================
Received Import Request.
  Time since last request: 0.000572 seconds.
  path: Assets/_Biomass/__CubemapsShaders/Sky3.mat
  artifactKey: Guid(1806e7f4c88bd4f4893efabfdc60b64b) Importer(815301076,1909f56bfc062723c751e8b465ee728b)
Start importing Assets/_Biomass/__CubemapsShaders/Sky3.mat using Guid(1806e7f4c88bd4f4893efabfdc60b64b) Importer(815301076,1909f56bfc062723c751e8b465ee728b)  -> (artifact id: '3fb67bd581529baa23f5f89d414b8a4d') in 0.078084 seconds 
========================================================================
Received Import Request.
  Time since last request: 0.000530 seconds.
  path: Assets/Prefabs/BloodDecalMeshes/Prefabs/blood_math_add.prefab
  artifactKey: Guid(672e6696379a95b4e94f55de1087f589) Importer(815301076,1909f56bfc062723c751e8b465ee728b)
Start importing Assets/Prefabs/BloodDecalMeshes/Prefabs/blood_math_add.prefab using Guid(672e6696379a95b4e94f55de1087f589) Importer(815301076,1909f56bfc062723c751e8b465ee728b)  -> (artifact id: '5b8dcae67fcaca3288b6e8e6f76b84a6') in 0.041236 seconds 
========================================================================
Received Import Request.
  Time since last request: 0.000278 seconds.
  path: Assets/UnityTechnologies/ParticlePack/EffectExamples/Goop Effects/Materials/GoopSplatParticle.mat
  artifactKey: Guid(3ea2e59d181ffce4e97d5d1d07a22c05) Importer(815301076,1909f56bfc062723c751e8b465ee728b)
Start importing Assets/UnityTechnologies/ParticlePack/EffectExamples/Goop Effects/Materials/GoopSplatParticle.mat using Guid(3ea2e59d181ffce4e97d5d1d07a22c05) Importer(815301076,1909f56bfc062723c751e8b465ee728b)  -> (artifact id: 'b783a58eb94b930885cb6759672deff4') in 0.027978 seconds 
========================================================================
Received Import Request.
  Time since last request: 0.000318 seconds.
  path: Assets/UnityTechnologies/ParticlePack/EffectExamples/Smoke & Steam Effects/Materials/Flame01.mat
  artifactKey: Guid(e43d70c08c6bf7e4aa274e46393928b3) Importer(815301076,1909f56bfc062723c751e8b465ee728b)
Start importing Assets/UnityTechnologies/ParticlePack/EffectExamples/Smoke & Steam Effects/Materials/Flame01.mat using Guid(e43d70c08c6bf7e4aa274e46393928b3) Importer(815301076,1909f56bfc062723c751e8b465ee728b)  -> (artifact id: '8e7fa8a87c547e2ea6a40ccdfc786ccf') in 0.027612 seconds 
========================================================================
Received Import Request.
  Time since last request: 0.000251 seconds.
  path: Packages/com.unity.searcher/Editor/Resources/FlatSkin/Font/Roboto-MediumItalic.ttf
  artifactKey: Guid(d93c1bc57fdf1ac4dad1bf04fac05464) Importer(815301076,1909f56bfc062723c751e8b465ee728b)
Start importing Packages/com.unity.searcher/Editor/Resources/FlatSkin/Font/Roboto-MediumItalic.ttf using Guid(d93c1bc57fdf1ac4dad1bf04fac05464) Importer(815301076,1909f56bfc062723c751e8b465ee728b)  -> (artifact id: '7f62d5059210cc27112de43185eac9d8') in 0.036891 seconds 
========================================================================
Received Import Request.
  Time since last request: 0.000345 seconds.
  path: Assets/UnityTechnologies/ParticlePack/EffectExamples/Misc Effects/Materials/ElectricalSparks.mat
  artifactKey: Guid(a6492a173e6c03f48899880b96cca600) Importer(815301076,1909f56bfc062723c751e8b465ee728b)
Start importing Assets/UnityTechnologies/ParticlePack/EffectExamples/Misc Effects/Materials/ElectricalSparks.mat using Guid(a6492a173e6c03f48899880b96cca600) Importer(815301076,1909f56bfc062723c751e8b465ee728b)  -> (artifact id: 'ea7590238e46af116eb9b48ec3ccabec') in 0.024081 seconds 
========================================================================
Received Import Request.
  Time since last request: 0.000364 seconds.
  path: Assets/UnityTechnologies/ParticlePack/EffectExamples/Magic Effects/Materials/Fireball.mat
  artifactKey: Guid(a74b8e4e831053c46943378279c70e96) Importer(815301076,1909f56bfc062723c751e8b465ee728b)
Start importing Assets/UnityTechnologies/ParticlePack/EffectExamples/Magic Effects/Materials/Fireball.mat using Guid(a74b8e4e831053c46943378279c70e96) Importer(815301076,1909f56bfc062723c751e8b465ee728b)  -> (artifact id: '5872118e3896b0acd293c6f4fcec9137') in 0.029786 seconds 
========================================================================
Received Import Request.
  Time since last request: 0.000461 seconds.
  path: Assets/UnityTechnologies/ParticlePack/EffectExamples/Fire & Explosion Effects/Materials/Flame04.mat
  artifactKey: Guid(7a812f56d512d964ea8de8fe839e1811) Importer(815301076,1909f56bfc062723c751e8b465ee728b)
Start importing Assets/UnityTechnologies/ParticlePack/EffectExamples/Fire & Explosion Effects/Materials/Flame04.mat using Guid(7a812f56d512d964ea8de8fe839e1811) Importer(815301076,1909f56bfc062723c751e8b465ee728b)  -> (artifact id: '9ca62aaac22d00d0e85cb067fbe4b8e9') in 0.043726 seconds 
========================================================================
Received Import Request.
  Time since last request: 0.000457 seconds.
  path: Packages/com.unity.render-pipelines.core/Runtime/Debugging/Prefabs/Fonts/Perfect DOS VGA 437.ttf
  artifactKey: Guid(74a5091d8707f334b9a5c31ef71a64ba) Importer(815301076,1909f56bfc062723c751e8b465ee728b)
Start importing Packages/com.unity.render-pipelines.core/Runtime/Debugging/Prefabs/Fonts/Perfect DOS VGA 437.ttf using Guid(74a5091d8707f334b9a5c31ef71a64ba) Importer(815301076,1909f56bfc062723c751e8b465ee728b)  -> (artifact id: 'a47252ba058fbb5d0f75af9af69e64ce') in 0.035805 seconds 
========================================================================
Received Import Request.
  Time since last request: 0.000525 seconds.
  path: Packages/com.unity.searcher/Editor/Resources/FlatSkin/Font/Roboto-Bold.ttf
  artifactKey: Guid(3750c318f40cab44a97d3a81beaefeb3) Importer(815301076,1909f56bfc062723c751e8b465ee728b)
Start importing Packages/com.unity.searcher/Editor/Resources/FlatSkin/Font/Roboto-Bold.ttf using Guid(3750c318f40cab44a97d3a81beaefeb3) Importer(815301076,1909f56bfc062723c751e8b465ee728b)  -> (artifact id: '387d068e77a0bbb9c4b3cda6b0579d83') in 0.030882 seconds 
========================================================================
Received Import Request.
  Time since last request: 0.000348 seconds.
  path: Packages/com.unity.searcher/Editor/Resources/FlatSkin/Font/Roboto-Medium.ttf
  artifactKey: Guid(a51a3aebb43ac044989270407476b208) Importer(815301076,1909f56bfc062723c751e8b465ee728b)
Start importing Packages/com.unity.searcher/Editor/Resources/FlatSkin/Font/Roboto-Medium.ttf using Guid(a51a3aebb43ac044989270407476b208) Importer(815301076,1909f56bfc062723c751e8b465ee728b)  -> (artifact id: '306af4a6553c7987fe2e6b4f8bcf8a46') in 0.034205 seconds 
========================================================================
Received Import Request.
  Time since last request: 0.000393 seconds.
  path: Packages/com.unity.searcher/Editor/Resources/FlatSkin/Font/Roboto-BoldItalic.ttf
  artifactKey: Guid(dfb97a9307a577a41bcacba34b9a7e32) Importer(815301076,1909f56bfc062723c751e8b465ee728b)
Start importing Packages/com.unity.searcher/Editor/Resources/FlatSkin/Font/Roboto-BoldItalic.ttf using Guid(dfb97a9307a577a41bcacba34b9a7e32) Importer(815301076,1909f56bfc062723c751e8b465ee728b)  -> (artifact id: '81bf1bfb61ac7f4d6a7e4eb4798b4b65') in 0.030099 seconds 
========================================================================
Received Import Request.
  Time since last request: 0.000676 seconds.
  path: Packages/com.unity.searcher/Editor/Resources/FlatSkin/Font/Roboto-LightItalic.ttf
  artifactKey: Guid(5e63515167650a541b309ba3bfd4db3d) Importer(815301076,1909f56bfc062723c751e8b465ee728b)
Start importing Packages/com.unity.searcher/Editor/Resources/FlatSkin/Font/Roboto-LightItalic.ttf using Guid(5e63515167650a541b309ba3bfd4db3d) Importer(815301076,1909f56bfc062723c751e8b465ee728b)  -> (artifact id: '58a531e62da555d3bd7a437e2a69f156') in 0.031395 seconds 
========================================================================
Received Import Request.
  Time since last request: 0.000300 seconds.
  path: Assets/SFLCK_2/Furniture_1/Materials/Furniture_1.mat
  artifactKey: Guid(3ac088caa82afd24db3b38f9e58ed97d) Importer(815301076,1909f56bfc062723c751e8b465ee728b)
Start importing Assets/SFLCK_2/Furniture_1/Materials/Furniture_1.mat using Guid(3ac088caa82afd24db3b38f9e58ed97d) Importer(815301076,1909f56bfc062723c751e8b465ee728b)  -> (artifact id: '8d7e6c2f9c14b9412cd08cdb2b18e720') in 0.046042 seconds 
========================================================================
Received Import Request.
  Time since last request: 0.000372 seconds.
  path: Assets/UnityTechnologies/ParticlePack/EffectExamples/Goop Effects/Materials/GoopStreamParticle.mat
  artifactKey: Guid(fb0a006be807eac48a87ffa79b3330a5) Importer(815301076,1909f56bfc062723c751e8b465ee728b)
Start importing Assets/UnityTechnologies/ParticlePack/EffectExamples/Goop Effects/Materials/GoopStreamParticle.mat using Guid(fb0a006be807eac48a87ffa79b3330a5) Importer(815301076,1909f56bfc062723c751e8b465ee728b)  -> (artifact id: 'f4fd6ef9dff51db5e3bab79216de6a60') in 0.030056 seconds 
========================================================================
Received Import Request.
  Time since last request: 0.000510 seconds.
  path: Assets/SFLCK_2/Furniture_2/Materials/Furniture_2.mat
  artifactKey: Guid(015ae7ed313ce1c4b8131afc49729bbe) Importer(815301076,1909f56bfc062723c751e8b465ee728b)
Start importing Assets/SFLCK_2/Furniture_2/Materials/Furniture_2.mat using Guid(015ae7ed313ce1c4b8131afc49729bbe) Importer(815301076,1909f56bfc062723c751e8b465ee728b)  -> (artifact id: 'b30173bd7a65e4fa3cf5e71629f1084f') in 0.049908 seconds 
========================================================================
Received Import Request.
  Time since last request: 0.000472 seconds.
  path: Packages/com.unity.searcher/Editor/Resources/FlatSkin/Font/Roboto-Light.ttf
  artifactKey: Guid(2a29e27936eb547458f646f71125b264) Importer(815301076,1909f56bfc062723c751e8b465ee728b)
Start importing Packages/com.unity.searcher/Editor/Resources/FlatSkin/Font/Roboto-Light.ttf using Guid(2a29e27936eb547458f646f71125b264) Importer(815301076,1909f56bfc062723c751e8b465ee728b)  -> (artifact id: 'ec17ac49e686b6403fba7db43313bc11') in 0.031429 seconds 
========================================================================
Received Import Request.
  Time since last request: 0.000302 seconds.
  path: Assets/SFLCK_2/Props_1/Materials/Glow.mat
  artifactKey: Guid(3e87d55ba29565f4c8b3669872c30e6b) Importer(815301076,1909f56bfc062723c751e8b465ee728b)
Start importing Assets/SFLCK_2/Props_1/Materials/Glow.mat using Guid(3e87d55ba29565f4c8b3669872c30e6b) Importer(815301076,1909f56bfc062723c751e8b465ee728b)  -> (artifact id: 'c4642d1364c9a3b6e92d123dd61c6e82') in 0.043643 seconds 
========================================================================
Received Import Request.
  Time since last request: 0.000492 seconds.
  path: Assets/UnityTechnologies/ParticlePack/EffectExamples/Magic Effects/Materials/Embers.mat
  artifactKey: Guid(c5de4a4e91ddb59479cdec033c43cc3b) Importer(815301076,1909f56bfc062723c751e8b465ee728b)
Start importing Assets/UnityTechnologies/ParticlePack/EffectExamples/Magic Effects/Materials/Embers.mat using Guid(c5de4a4e91ddb59479cdec033c43cc3b) Importer(815301076,1909f56bfc062723c751e8b465ee728b)  -> (artifact id: '8a208b69d98f2d05eebce0b305d228fd') in 0.027518 seconds 
========================================================================
Received Import Request.
  Time since last request: 0.000499 seconds.
  path: Assets/UnityTechnologies/ParticlePack/EffectExamples/Magic Effects/Materials/EarthCrack.mat
  artifactKey: Guid(1f6abb4fa65207247b856825feae3e68) Importer(815301076,1909f56bfc062723c751e8b465ee728b)
Start importing Assets/UnityTechnologies/ParticlePack/EffectExamples/Magic Effects/Materials/EarthCrack.mat using Guid(1f6abb4fa65207247b856825feae3e68) Importer(815301076,1909f56bfc062723c751e8b465ee728b)  -> (artifact id: '833eb6cde72aa4c3c01c3b7ac6da3f58') in 0.029451 seconds 
========================================================================
Received Import Request.
  Time since last request: 0.000487 seconds.
  path: Assets/UnityTechnologies/ParticlePack/EffectExamples/Weapon Effects/Materials/FleshSurface.mat
  artifactKey: Guid(72bc6ef93dd24b24a92daaf12577d9f1) Importer(815301076,1909f56bfc062723c751e8b465ee728b)
Start importing Assets/UnityTechnologies/ParticlePack/EffectExamples/Weapon Effects/Materials/FleshSurface.mat using Guid(72bc6ef93dd24b24a92daaf12577d9f1) Importer(815301076,1909f56bfc062723c751e8b465ee728b)  -> (artifact id: 'f2dc7b11b65c5032bd75f683b8748608') in 0.025907 seconds 
========================================================================
Received Import Request.
  Time since last request: 0.000326 seconds.
  path: Assets/UnityTechnologies/ParticlePack/EffectExamples/Fire & Explosion Effects/Materials/EnergyExplosion.mat
  artifactKey: Guid(bf88af72084132746823869f28b070f8) Importer(815301076,1909f56bfc062723c751e8b465ee728b)
Start importing Assets/UnityTechnologies/ParticlePack/EffectExamples/Fire & Explosion Effects/Materials/EnergyExplosion.mat using Guid(bf88af72084132746823869f28b070f8) Importer(815301076,1909f56bfc062723c751e8b465ee728b)  -> (artifact id: '3b7e699c5e0e40fe7f9f9707f5adf2a1') in 0.027135 seconds 
========================================================================
Received Import Request.
  Time since last request: 0.000323 seconds.
  path: Assets/UnityTechnologies/ParticlePack/EffectExamples/Weapon Effects/Materials/GoopMist.mat
  artifactKey: Guid(22bd383795fb6f34b93b51a4caa75781) Importer(815301076,1909f56bfc062723c751e8b465ee728b)
Start importing Assets/UnityTechnologies/ParticlePack/EffectExamples/Weapon Effects/Materials/GoopMist.mat using Guid(22bd383795fb6f34b93b51a4caa75781) Importer(815301076,1909f56bfc062723c751e8b465ee728b)  -> (artifact id: 'be2aa20cc731b35a2ada8f753db137b0') in 0.026752 seconds 
========================================================================
Received Import Request.
  Time since last request: 0.000327 seconds.
  path: Assets/UnityTechnologies/ParticlePack/EffectExamples/Goop Effects/Materials/GoopSplashParticle.mat
  artifactKey: Guid(6f3ee23817d2bd74681209e519f72618) Importer(815301076,1909f56bfc062723c751e8b465ee728b)
Start importing Assets/UnityTechnologies/ParticlePack/EffectExamples/Goop Effects/Materials/GoopSplashParticle.mat using Guid(6f3ee23817d2bd74681209e519f72618) Importer(815301076,1909f56bfc062723c751e8b465ee728b)  -> (artifact id: 'a3e7b6da161456b02809f56c73fee1ed') in 0.029369 seconds 
========================================================================
Received Import Request.
  Time since last request: 0.000369 seconds.
  path: Assets/UnityTechnologies/ParticlePack/EffectExamples/Weapon Effects/Materials/GoopSplat2.mat
  artifactKey: Guid(fb0f4297b291a034bb4f9a9eada50640) Importer(815301076,1909f56bfc062723c751e8b465ee728b)
Start importing Assets/UnityTechnologies/ParticlePack/EffectExamples/Weapon Effects/Materials/GoopSplat2.mat using Guid(fb0f4297b291a034bb4f9a9eada50640) Importer(815301076,1909f56bfc062723c751e8b465ee728b)  -> (artifact id: '8ebd372e65d3a969b6e46a870cab6ac2') in 0.044554 seconds 
========================================================================
Received Import Request.
  Time since last request: 0.000336 seconds.
  path: Assets/UnityTechnologies/ParticlePack/EffectExamples/Misc Effects/Materials/FireFlyTrail.mat
  artifactKey: Guid(1d11412570f90ba4caf1b0b6dea27152) Importer(815301076,1909f56bfc062723c751e8b465ee728b)
Start importing Assets/UnityTechnologies/ParticlePack/EffectExamples/Misc Effects/Materials/FireFlyTrail.mat using Guid(1d11412570f90ba4caf1b0b6dea27152) Importer(815301076,1909f56bfc062723c751e8b465ee728b)  -> (artifact id: '3e69e22689fd39c30081e760befb049d') in 0.027612 seconds 
========================================================================
Received Import Request.
  Time since last request: 0.000308 seconds.
  path: Assets/UnityTechnologies/ParticlePack/EffectExamples/Misc Effects/Materials/Embers.mat
  artifactKey: Guid(93c97da0a9a11174ab89575db81f7917) Importer(815301076,1909f56bfc062723c751e8b465ee728b)
Start importing Assets/UnityTechnologies/ParticlePack/EffectExamples/Misc Effects/Materials/Embers.mat using Guid(93c97da0a9a11174ab89575db81f7917) Importer(815301076,1909f56bfc062723c751e8b465ee728b)  -> (artifact id: '6facddc5ac794835f9e062ceb63fc587') in 0.015019 seconds 
========================================================================
Received Import Request.
  Time since last request: 0.000368 seconds.
  path: Assets/UnityTechnologies/ParticlePack/EffectExamples/Weapon Effects/Materials/GoopStreak.mat
  artifactKey: Guid(2f03a6f5f76f67c45ae05e606f7ca2da) Importer(815301076,1909f56bfc062723c751e8b465ee728b)
Start importing Assets/UnityTechnologies/ParticlePack/EffectExamples/Weapon Effects/Materials/GoopStreak.mat using Guid(2f03a6f5f76f67c45ae05e606f7ca2da) Importer(815301076,1909f56bfc062723c751e8b465ee728b)  -> (artifact id: '9afc48e3becfd7df1d73b6ddb8130105') in 0.029581 seconds 
========================================================================
Received Import Request.
  Time since last request: 0.000297 seconds.
  path: Assets/Materials/ezgif-43dd034bc85ca5.mat
  artifactKey: Guid(24187d2d2af66c14d977a38ce7903c8c) Importer(815301076,1909f56bfc062723c751e8b465ee728b)
Start importing Assets/Materials/ezgif-43dd034bc85ca5.mat using Guid(24187d2d2af66c14d977a38ce7903c8c) Importer(815301076,1909f56bfc062723c751e8b465ee728b)  -> (artifact id: 'd954519414442620ec7be0fd4d86f997') in 0.041247 seconds 
========================================================================
Received Import Request.
  Time since last request: 0.000324 seconds.
  path: Assets/Prefabs/BloodDecalMeshes/Prefabs/BloodDecal_ThisWay.prefab
  artifactKey: Guid(df23601c8af997140a0babe4076a8de5) Importer(815301076,1909f56bfc062723c751e8b465ee728b)
Start importing Assets/Prefabs/BloodDecalMeshes/Prefabs/BloodDecal_ThisWay.prefab using Guid(df23601c8af997140a0babe4076a8de5) Importer(815301076,1909f56bfc062723c751e8b465ee728b)  -> (artifact id: '9a588c92f71cb5d6d95dea354c9ab976') in 0.037825 seconds 
========================================================================
Received Import Request.
  Time since last request: 0.000397 seconds.
  path: Assets/Prefabs/BloodDecalMeshes/Prefabs/BloodDecal_HandStreakLong.prefab
  artifactKey: Guid(0c4e845d48409a549b1911ea06763fca) Importer(815301076,1909f56bfc062723c751e8b465ee728b)
Start importing Assets/Prefabs/BloodDecalMeshes/Prefabs/BloodDecal_HandStreakLong.prefab using Guid(0c4e845d48409a549b1911ea06763fca) Importer(815301076,1909f56bfc062723c751e8b465ee728b)  -> (artifact id: 'b4d74124a718c0ba12c418d1227748f5') in 0.038502 seconds 
========================================================================
Received Import Request.
  Time since last request: 0.000306 seconds.
  path: Assets/_Biomass/Prefabs/BiomassS_2 1.prefab
  artifactKey: Guid(9a6a6509e9295fc419619e5d68c93d2d) Importer(815301076,1909f56bfc062723c751e8b465ee728b)
Start importing Assets/_Biomass/Prefabs/BiomassS_2 1.prefab using Guid(9a6a6509e9295fc419619e5d68c93d2d) Importer(815301076,1909f56bfc062723c751e8b465ee728b)  -> (artifact id: 'a3704d1cdef6bf1e988de41266821781') in 0.047732 seconds 
========================================================================
Received Import Request.
  Time since last request: 0.000322 seconds.
  path: Assets/Prefabs/BloodDecalMeshes/Prefabs/blood_num_0.prefab
  artifactKey: Guid(f65d9c6a025b5d8439bc2f85ed419799) Importer(815301076,1909f56bfc062723c751e8b465ee728b)
Start importing Assets/Prefabs/BloodDecalMeshes/Prefabs/blood_num_0.prefab using Guid(f65d9c6a025b5d8439bc2f85ed419799) Importer(815301076,1909f56bfc062723c751e8b465ee728b)  -> (artifact id: '5769f7c34730f873289709019786373d') in 0.041953 seconds 
========================================================================
Received Import Request.
  Time since last request: 0.000335 seconds.
  path: Assets/Prefabs/BloodDecalMeshes/Prefabs/BloodDecal16.prefab
  artifactKey: Guid(fd78e6e3d8c4f8b4baec19d3b2b5a568) Importer(815301076,1909f56bfc062723c751e8b465ee728b)
Start importing Assets/Prefabs/BloodDecalMeshes/Prefabs/BloodDecal16.prefab using Guid(fd78e6e3d8c4f8b4baec19d3b2b5a568) Importer(815301076,1909f56bfc062723c751e8b465ee728b)  -> (artifact id: 'c667014235d97e6385796a4da50d3dbb') in 0.037543 seconds 
========================================================================
Received Import Request.
  Time since last request: 0.000387 seconds.
  path: Assets/UnityTechnologies/ParticlePack/EffectExamples/Fire & Explosion Effects/Prefabs/SmallExplosion.prefab
  artifactKey: Guid(64891a0eb28db934898420d80ca07cb3) Importer(815301076,1909f56bfc062723c751e8b465ee728b)
Start importing Assets/UnityTechnologies/ParticlePack/EffectExamples/Fire & Explosion Effects/Prefabs/SmallExplosion.prefab using Guid(64891a0eb28db934898420d80ca07cb3) Importer(815301076,1909f56bfc062723c751e8b465ee728b)  -> (artifact id: '45995a9385fadf24392ff7093a1ee86c') in 0.366158 seconds 
========================================================================
Received Import Request.
  Time since last request: 0.000243 seconds.
  path: Assets/SFLCK_2/!Prefabs/Lights/Light_Vertical_Thin.prefab
  artifactKey: Guid(e84a18bedfeea5640ad3291e770be3d9) Importer(815301076,1909f56bfc062723c751e8b465ee728b)
Start importing Assets/SFLCK_2/!Prefabs/Lights/Light_Vertical_Thin.prefab using Guid(e84a18bedfeea5640ad3291e770be3d9) Importer(815301076,1909f56bfc062723c751e8b465ee728b)  -> (artifact id: 'dcd6b8dce3f6ffb08b72890c2f8316ff') in 0.059561 seconds 
========================================================================
Received Import Request.
  Time since last request: 0.000371 seconds.
  path: Assets/UnityTechnologies/ParticlePack/EffectExamples/Fire & Explosion Effects/Materials/FireExplosion.mat
  artifactKey: Guid(7a306caa8f9f7ed40a5361ce411cdf1b) Importer(815301076,1909f56bfc062723c751e8b465ee728b)
Start importing Assets/UnityTechnologies/ParticlePack/EffectExamples/Fire & Explosion Effects/Materials/FireExplosion.mat using Guid(7a306caa8f9f7ed40a5361ce411cdf1b) Importer(815301076,1909f56bfc062723c751e8b465ee728b)  -> (artifact id: 'c6bdd076feeb60fb236d8ea243682a81') in 0.034654 seconds 
========================================================================
Received Import Request.
  Time since last request: 0.000363 seconds.
  path: Assets/Prefabs/BloodDecalMeshes/Prefabs/blood_happened.prefab
  artifactKey: Guid(fb1d31b4ac2f36349a482e9a710ded3d) Importer(815301076,1909f56bfc062723c751e8b465ee728b)
Start importing Assets/Prefabs/BloodDecalMeshes/Prefabs/blood_happened.prefab using Guid(fb1d31b4ac2f36349a482e9a710ded3d) Importer(815301076,1909f56bfc062723c751e8b465ee728b)  -> (artifact id: '3786b83cfa3fbf9cf09b53e678ec224a') in 0.047495 seconds 
========================================================================
Received Import Request.
  Time since last request: 0.000384 seconds.
  path: Assets/Prefabs/BloodDecalMeshes/Prefabs/blood_7_eery.prefab
  artifactKey: Guid(892992a516081774baf76af394ac2642) Importer(815301076,1909f56bfc062723c751e8b465ee728b)
Start importing Assets/Prefabs/BloodDecalMeshes/Prefabs/blood_7_eery.prefab using Guid(892992a516081774baf76af394ac2642) Importer(815301076,1909f56bfc062723c751e8b465ee728b)  -> (artifact id: 'd3a9b368be344afb08e16245caca5f1a') in 0.042156 seconds 
========================================================================
Received Import Request.
  Time since last request: 0.000315 seconds.
  path: Assets/Prefabs/BloodDecalMeshes/Prefabs/blood_rn_ii.prefab
  artifactKey: Guid(fc4af4e03329e0c43aa0e9be1f3a3a7a) Importer(815301076,1909f56bfc062723c751e8b465ee728b)
Start importing Assets/Prefabs/BloodDecalMeshes/Prefabs/blood_rn_ii.prefab using Guid(fc4af4e03329e0c43aa0e9be1f3a3a7a) Importer(815301076,1909f56bfc062723c751e8b465ee728b)  -> (artifact id: '014ad40a1c046721a7251f07f112f35b') in 0.036933 seconds 
========================================================================
Received Import Request.
  Time since last request: 0.000332 seconds.
  path: Assets/UnityTechnologies/ParticlePack/EffectExamples/Smoke & Steam Effects/Prefabs/GroundFog.prefab
  artifactKey: Guid(1a365141225c22e49a7bb976869b22a8) Importer(815301076,1909f56bfc062723c751e8b465ee728b)
Start importing Assets/UnityTechnologies/ParticlePack/EffectExamples/Smoke & Steam Effects/Prefabs/GroundFog.prefab using Guid(1a365141225c22e49a7bb976869b22a8) Importer(815301076,1909f56bfc062723c751e8b465ee728b)  -> (artifact id: '0449e93d998fea9434617916674b8c2d') in 0.025558 seconds 
========================================================================
Received Import Request.
  Time since last request: 0.000229 seconds.
  path: Assets/UnityTechnologies/ParticlePack/EffectExamples/Fire & Explosion Effects/Materials/PlasmaExplosion.mat
  artifactKey: Guid(7ff1ab0b724442843965e2dd0f02e969) Importer(815301076,1909f56bfc062723c751e8b465ee728b)
Start importing Assets/UnityTechnologies/ParticlePack/EffectExamples/Fire & Explosion Effects/Materials/PlasmaExplosion.mat using Guid(7ff1ab0b724442843965e2dd0f02e969) Importer(815301076,1909f56bfc062723c751e8b465ee728b)  -> (artifact id: '5a56d1accbec2012305a789108e8eff1') in 0.029148 seconds 
========================================================================
Received Import Request.
  Time since last request: 0.000323 seconds.
  path: Assets/_Biomass/Prefabs/BiomassS_11.prefab
  artifactKey: Guid(91b32dbe18813ef4db3f6116ab2c8fc7) Importer(815301076,1909f56bfc062723c751e8b465ee728b)
Start importing Assets/_Biomass/Prefabs/BiomassS_11.prefab using Guid(91b32dbe18813ef4db3f6116ab2c8fc7) Importer(815301076,1909f56bfc062723c751e8b465ee728b)  -> (artifact id: '07d5a84a13f2c6b18219c2eb39630a9e') in 0.034885 seconds 
========================================================================
Received Import Request.
  Time since last request: 0.000257 seconds.
  path: Assets/_Biomass/Prefabs/BiomassS_2.prefab
  artifactKey: Guid(69f64743a38633f48bfe6612b6d3a6af) Importer(815301076,1909f56bfc062723c751e8b465ee728b)
Start importing Assets/_Biomass/Prefabs/BiomassS_2.prefab using Guid(69f64743a38633f48bfe6612b6d3a6af) Importer(815301076,1909f56bfc062723c751e8b465ee728b)  -> (artifact id: 'dbab1d80a90a5cb40fc8d84335561523') in 0.030277 seconds 
========================================================================
Received Import Request.
  Time since last request: 0.000323 seconds.
  path: Assets/Prefabs/BloodDecalMeshes/Prefabs/blood_num_23.prefab
  artifactKey: Guid(82bca62c54fb46e459f5a9974a31096b) Importer(815301076,1909f56bfc062723c751e8b465ee728b)
Start importing Assets/Prefabs/BloodDecalMeshes/Prefabs/blood_num_23.prefab using Guid(82bca62c54fb46e459f5a9974a31096b) Importer(815301076,1909f56bfc062723c751e8b465ee728b)  -> (artifact id: '762a9eca181bd0a6e95afc4bd17194d5') in 0.035543 seconds 
========================================================================
Received Import Request.
  Time since last request: 0.000271 seconds.
  path: Assets/Prefabs/BloodDecalMeshes/Prefabs/blood_where.prefab
  artifactKey: Guid(b3eb20400eba5044bb7bc861d1f6548d) Importer(815301076,1909f56bfc062723c751e8b465ee728b)
Start importing Assets/Prefabs/BloodDecalMeshes/Prefabs/blood_where.prefab using Guid(b3eb20400eba5044bb7bc861d1f6548d) Importer(815301076,1909f56bfc062723c751e8b465ee728b)  -> (artifact id: '1270640e0fb6ee0a17efe7a153218b39') in 0.034866 seconds 
========================================================================
Received Import Request.
  Time since last request: 0.000370 seconds.
  path: Assets/SFLCK_2/!Prefabs/Walls_B/Ceiling/B_Ceiling_Ramp_R_2x2.prefab
  artifactKey: Guid(501cdf54df664b4459be2310ddc964d4) Importer(815301076,1909f56bfc062723c751e8b465ee728b)
Start importing Assets/SFLCK_2/!Prefabs/Walls_B/Ceiling/B_Ceiling_Ramp_R_2x2.prefab using Guid(501cdf54df664b4459be2310ddc964d4) Importer(815301076,1909f56bfc062723c751e8b465ee728b)  -> (artifact id: '0657d954f8b9185bca3f2ae35470b9e3') in 0.031946 seconds 
========================================================================
Received Import Request.
  Time since last request: 0.000358 seconds.
  path: Assets/SFLCK_2/!Prefabs/Machinery/Surveillance_Camera.prefab
  artifactKey: Guid(17732e27eedd4264f986e55707fe481c) Importer(815301076,1909f56bfc062723c751e8b465ee728b)
Start importing Assets/SFLCK_2/!Prefabs/Machinery/Surveillance_Camera.prefab using Guid(17732e27eedd4264f986e55707fe481c) Importer(815301076,1909f56bfc062723c751e8b465ee728b)  -> (artifact id: 'cdc21edd3ffa81954b27c2dc5f97f29e') in 0.054368 seconds 
========================================================================
Received Import Request.
  Time since last request: 0.000357 seconds.
  path: Assets/Prefabs/VP9.prefab
  artifactKey: Guid(11631c6ee3ad1e24091076ce9926371f) Importer(815301076,1909f56bfc062723c751e8b465ee728b)
Start importing Assets/Prefabs/VP9.prefab using Guid(11631c6ee3ad1e24091076ce9926371f) Importer(815301076,1909f56bfc062723c751e8b465ee728b)  -> (artifact id: '2a3d95a30d2a4a8ae79e3b4c336bc5da') in 0.044157 seconds 
========================================================================
Received Import Request.
  Time since last request: 0.000527 seconds.
  path: Assets/SFLCK_2/!Prefabs/Interior/Ceilings/Ceiling_Grid_Side.prefab
  artifactKey: Guid(7b841814d99d3734ea192c9c385038b7) Importer(815301076,1909f56bfc062723c751e8b465ee728b)
Start importing Assets/SFLCK_2/!Prefabs/Interior/Ceilings/Ceiling_Grid_Side.prefab using Guid(7b841814d99d3734ea192c9c385038b7) Importer(815301076,1909f56bfc062723c751e8b465ee728b)  -> (artifact id: '3333b3fa815223ebff45436522b9ae0b') in 0.037452 seconds 
========================================================================
Received Import Request.
  Time since last request: 0.000363 seconds.
  path: Assets/Materials/Standard/Prototype_512x512_Yellow.mat
  artifactKey: Guid(c852af001dae0064e9acaa832f1dadb7) Importer(815301076,1909f56bfc062723c751e8b465ee728b)
Start importing Assets/Materials/Standard/Prototype_512x512_Yellow.mat using Guid(c852af001dae0064e9acaa832f1dadb7) Importer(815301076,1909f56bfc062723c751e8b465ee728b)  -> (artifact id: '418b736ee7edd616ce65894f77ca8237') in 0.029904 seconds 
========================================================================
Received Import Request.
  Time since last request: 0.000459 seconds.
  path: Assets/Prefabs/BloodDecalMeshes/Prefabs/BloodDecal_deadEmoji.prefab
  artifactKey: Guid(551c9864bc661b84d8a7613453721002) Importer(815301076,1909f56bfc062723c751e8b465ee728b)
Start importing Assets/Prefabs/BloodDecalMeshes/Prefabs/BloodDecal_deadEmoji.prefab using Guid(551c9864bc661b84d8a7613453721002) Importer(815301076,1909f56bfc062723c751e8b465ee728b)  -> (artifact id: '6d8b2e2824a84d514a976f04a3d5e3ab') in 0.043881 seconds 
========================================================================
Received Import Request.
  Time since last request: 0.000318 seconds.
  path: Assets/Prefabs/BloodDecalMeshes/Prefabs/blood_rn_iv.prefab
  artifactKey: Guid(3854f8b7014a99e44aa715cd7e624346) Importer(815301076,1909f56bfc062723c751e8b465ee728b)
Start importing Assets/Prefabs/BloodDecalMeshes/Prefabs/blood_rn_iv.prefab using Guid(3854f8b7014a99e44aa715cd7e624346) Importer(815301076,1909f56bfc062723c751e8b465ee728b)  -> (artifact id: 'b8d22a12715fd81b82af1708b261b19e') in 0.053511 seconds 
========================================================================
Received Import Request.
  Time since last request: 0.000335 seconds.
  path: Assets/SFLCK_2/!Prefabs/Walls_A/Celing/A_Ceiling_Ramp_L_2x2.prefab
  artifactKey: Guid(f782c5f58e116c4438100c6ad5655179) Importer(815301076,1909f56bfc062723c751e8b465ee728b)
Start importing Assets/SFLCK_2/!Prefabs/Walls_A/Celing/A_Ceiling_Ramp_L_2x2.prefab using Guid(f782c5f58e116c4438100c6ad5655179) Importer(815301076,1909f56bfc062723c751e8b465ee728b)  -> (artifact id: '57968765aff50c013b3a1a24bfaa6b3f') in 0.038206 seconds 
========================================================================
Received Import Request.
  Time since last request: 0.000273 seconds.
  path: Assets/Prefabs/BloodDecalMeshes/Prefabs/blood_letter_w_lowCase.prefab
  artifactKey: Guid(72922d050134e3d418d9ecf860655130) Importer(815301076,1909f56bfc062723c751e8b465ee728b)
Start importing Assets/Prefabs/BloodDecalMeshes/Prefabs/blood_letter_w_lowCase.prefab using Guid(72922d050134e3d418d9ecf860655130) Importer(815301076,1909f56bfc062723c751e8b465ee728b)  -> (artifact id: '22ca2e0221b03786115d5d8b815b13a3') in 0.039535 seconds 
========================================================================
Received Import Request.
  Time since last request: 0.000335 seconds.
  path: Assets/SFLCK_2/!Prefabs/Walls_B/Walls/B_Wall_Isolated_2x6.prefab
  artifactKey: Guid(6705b28ff985d864eaf58b406141c7ad) Importer(815301076,1909f56bfc062723c751e8b465ee728b)
Start importing Assets/SFLCK_2/!Prefabs/Walls_B/Walls/B_Wall_Isolated_2x6.prefab using Guid(6705b28ff985d864eaf58b406141c7ad) Importer(815301076,1909f56bfc062723c751e8b465ee728b)  -> (artifact id: 'c7ee18653c6fd9b6601972c4fd10a873') in 0.031075 seconds 
========================================================================
Received Import Request.
  Time since last request: 0.000243 seconds.
  path: Assets/UnityTechnologies/ParticlePack/EffectExamples/Fire & Explosion Effects/Materials/TinyFlame.mat
  artifactKey: Guid(2a24b896dbe48144ab8d4a90468ad00e) Importer(815301076,1909f56bfc062723c751e8b465ee728b)
Start importing Assets/UnityTechnologies/ParticlePack/EffectExamples/Fire & Explosion Effects/Materials/TinyFlame.mat using Guid(2a24b896dbe48144ab8d4a90468ad00e) Importer(815301076,1909f56bfc062723c751e8b465ee728b)  -> (artifact id: '8d9f6c8bfdb09ed20f1364c17743095f') in 0.034675 seconds 
========================================================================
Received Import Request.
  Time since last request: 0.000457 seconds.
  path: Assets/UnityTechnologies/ParticlePack/EffectExamples/Misc Effects/Prefabs/FireFlies.prefab
  artifactKey: Guid(379785de5e39005469c875710d3cc5a7) Importer(815301076,1909f56bfc062723c751e8b465ee728b)
Start importing Assets/UnityTechnologies/ParticlePack/EffectExamples/Misc Effects/Prefabs/FireFlies.prefab using Guid(379785de5e39005469c875710d3cc5a7) Importer(815301076,1909f56bfc062723c751e8b465ee728b)  -> (artifact id: '974c011aec91529f50fb2e1a79522bd0') in 0.035155 seconds 
========================================================================
Received Import Request.
  Time since last request: 0.000528 seconds.
  path: Assets/SFLCK_2/!Prefabs/Machinery/Tech_3.prefab
  artifactKey: Guid(0993e69de19767a43b76d153a72b27a4) Importer(815301076,1909f56bfc062723c751e8b465ee728b)
Start importing Assets/SFLCK_2/!Prefabs/Machinery/Tech_3.prefab using Guid(0993e69de19767a43b76d153a72b27a4) Importer(815301076,1909f56bfc062723c751e8b465ee728b)  -> (artifact id: '80312fd97b4d4d98c87d06b4d0269459') in 0.040068 seconds 
========================================================================
Received Import Request.
  Time since last request: 0.000333 seconds.
  path: Assets/UnityTechnologies/ParticlePack/EffectExamples/Fire & Explosion Effects/Prefabs/WildFire.prefab
  artifactKey: Guid(f293a2dcc753a4a489fefe7f8f312d69) Importer(815301076,1909f56bfc062723c751e8b465ee728b)
Start importing Assets/UnityTechnologies/ParticlePack/EffectExamples/Fire & Explosion Effects/Prefabs/WildFire.prefab using Guid(f293a2dcc753a4a489fefe7f8f312d69) Importer(815301076,1909f56bfc062723c751e8b465ee728b)  -> (artifact id: '7422e9058d6556a3e822a1d2cb456172') in 0.041873 seconds 
========================================================================
Received Import Request.
  Time since last request: 0.000325 seconds.
  path: Assets/_Biomass/Prefabs/Walls/Cylinder001.prefab
  artifactKey: Guid(3cffe6881028e664ca55ff6f71d46471) Importer(815301076,1909f56bfc062723c751e8b465ee728b)
Start importing Assets/_Biomass/Prefabs/Walls/Cylinder001.prefab using Guid(3cffe6881028e664ca55ff6f71d46471) Importer(815301076,1909f56bfc062723c751e8b465ee728b)  -> (artifact id: 'ad24ce1717ecb1552dc3da2aee6e8f9b') in 0.020674 seconds 
========================================================================
Received Import Request.
  Time since last request: 0.000326 seconds.
  path: Packages/com.unity.searcher/Editor/Resources/FlatSkin/Font/Roboto-Thin.ttf
  artifactKey: Guid(19a9abb883540be48b75b951a927ae03) Importer(815301076,1909f56bfc062723c751e8b465ee728b)
Start importing Packages/com.unity.searcher/Editor/Resources/FlatSkin/Font/Roboto-Thin.ttf using Guid(19a9abb883540be48b75b951a927ae03) Importer(815301076,1909f56bfc062723c751e8b465ee728b)  -> (artifact id: '3e5067fcee22434ca506a2370b4fff4d') in 0.030362 seconds 
========================================================================
Received Import Request.
  Time since last request: 0.000413 seconds.
  path: Assets/UnityTechnologies/ParticlePack/EffectExamples/Water Effects/Materials/WaterDropSmall.mat
  artifactKey: Guid(c4d4365c3eeb8a54183f5af15699021d) Importer(815301076,1909f56bfc062723c751e8b465ee728b)
Start importing Assets/UnityTechnologies/ParticlePack/EffectExamples/Water Effects/Materials/WaterDropSmall.mat using Guid(c4d4365c3eeb8a54183f5af15699021d) Importer(815301076,1909f56bfc062723c751e8b465ee728b)  -> (artifact id: '08f496b14a31baa521da6802c5035e86') in 0.029163 seconds 
========================================================================
Received Import Request.
  Time since last request: 0.000453 seconds.
  path: Assets/SFLCK_2/Props_C/Prop_C_Bulkhead_Top.FBX
  artifactKey: Guid(068404ab0b3d388439119bd931fc1495) Importer(815301076,1909f56bfc062723c751e8b465ee728b)
Start importing Assets/SFLCK_2/Props_C/Prop_C_Bulkhead_Top.FBX using Guid(068404ab0b3d388439119bd931fc1495) Importer(815301076,1909f56bfc062723c751e8b465ee728b)  -> (artifact id: 'd01f6b8f3a0bafc596b27a0f4ee45edc') in 0.038006 seconds 
========================================================================
Received Import Request.
  Time since last request: 0.000521 seconds.
  path: Assets/SFLCK_2/Furniture_1/Furniture_1_Shelf_Small.FBX
  artifactKey: Guid(af5570b5854ba964c84c19e9b3291730) Importer(815301076,1909f56bfc062723c751e8b465ee728b)
Start importing Assets/SFLCK_2/Furniture_1/Furniture_1_Shelf_Small.FBX using Guid(af5570b5854ba964c84c19e9b3291730) Importer(815301076,1909f56bfc062723c751e8b465ee728b)  -> (artifact id: '5ba135635f98f1eae3af464903613101') in 0.030235 seconds 
========================================================================
Received Import Request.
  Time since last request: 0.000377 seconds.
  path: Assets/Prefabs/BloodDecalMeshes/Prefabs/BloodDecal_StreakC.prefab
  artifactKey: Guid(03303b5de0562d44ea68668d0d54e2e9) Importer(815301076,1909f56bfc062723c751e8b465ee728b)
Start importing Assets/Prefabs/BloodDecalMeshes/Prefabs/BloodDecal_StreakC.prefab using Guid(03303b5de0562d44ea68668d0d54e2e9) Importer(815301076,1909f56bfc062723c751e8b465ee728b)  -> (artifact id: '1455a79835f98c95df865a3beef0c777') in 0.038083 seconds 
========================================================================
Received Import Request.
  Time since last request: 0.000281 seconds.
  path: Assets/Prefabs/BloodDecalMeshes/Prefabs/blood_letter_H.prefab
  artifactKey: Guid(5c056598a85b4f44ca973f0fff2efb06) Importer(815301076,1909f56bfc062723c751e8b465ee728b)
Start importing Assets/Prefabs/BloodDecalMeshes/Prefabs/blood_letter_H.prefab using Guid(5c056598a85b4f44ca973f0fff2efb06) Importer(815301076,1909f56bfc062723c751e8b465ee728b)  -> (artifact id: '8238715a113ec60cde564899da271bfc') in 0.044900 seconds 
========================================================================
Received Import Request.
  Time since last request: 0.000402 seconds.
  path: Assets/Prefabs/BloodDecalMeshes/Prefabs/blood_letter_x_lowCase.prefab
  artifactKey: Guid(066a0cd60defabb4dad2095c5bf2c94d) Importer(815301076,1909f56bfc062723c751e8b465ee728b)
Start importing Assets/Prefabs/BloodDecalMeshes/Prefabs/blood_letter_x_lowCase.prefab using Guid(066a0cd60defabb4dad2095c5bf2c94d) Importer(815301076,1909f56bfc062723c751e8b465ee728b)  -> (artifact id: '698704886c81fd92fd5379c381d6d241') in 0.044853 seconds 
========================================================================
Received Import Request.
  Time since last request: 0.000469 seconds.
  path: Assets/Prefabs/music box/Materials/musicBox_PBR.mat
  artifactKey: Guid(337214b8d5b517d4d990af1b62734084) Importer(815301076,1909f56bfc062723c751e8b465ee728b)
Start importing Assets/Prefabs/music box/Materials/musicBox_PBR.mat using Guid(337214b8d5b517d4d990af1b62734084) Importer(815301076,1909f56bfc062723c751e8b465ee728b)  -> (artifact id: '0e7a419e7a04da5e03271350c2d86052') in 0.085754 seconds 
========================================================================
Received Import Request.
  Time since last request: 0.001065 seconds.
  path: Assets/Prefabs/BloodDecalMeshes/Prefabs/BloodDecal23.prefab
  artifactKey: Guid(c6d9c684fab59ef4d9ed7050dde0a59a) Importer(815301076,1909f56bfc062723c751e8b465ee728b)
Start importing Assets/Prefabs/BloodDecalMeshes/Prefabs/BloodDecal23.prefab using Guid(c6d9c684fab59ef4d9ed7050dde0a59a) Importer(815301076,1909f56bfc062723c751e8b465ee728b)  -> (artifact id: '40f8fee54e984d75b83ca02f6f9b7c13') in 0.071195 seconds 
========================================================================
Received Import Request.
  Time since last request: 0.000968 seconds.
  path: Assets/_Biomass/Prefabs/Pregathered/BiomassFGath_4.prefab
  artifactKey: Guid(5b9a90997dd79b248a13257208c8abaa) Importer(815301076,1909f56bfc062723c751e8b465ee728b)
Start importing Assets/_Biomass/Prefabs/Pregathered/BiomassFGath_4.prefab using Guid(5b9a90997dd79b248a13257208c8abaa) Importer(815301076,1909f56bfc062723c751e8b465ee728b)  -> (artifact id: 'c4a7d875c0897c15344d4b4df3278931') in 0.067416 seconds 
========================================================================
Received Import Request.
  Time since last request: 0.000513 seconds.
  path: Assets/Prefabs/BloodDecalMeshes/Prefabs/blood_num_5.prefab
  artifactKey: Guid(de487744256cb4d4186ad9b08565612c) Importer(815301076,1909f56bfc062723c751e8b465ee728b)
Start importing Assets/Prefabs/BloodDecalMeshes/Prefabs/blood_num_5.prefab using Guid(de487744256cb4d4186ad9b08565612c) Importer(815301076,1909f56bfc062723c751e8b465ee728b)  -> (artifact id: '185c7eba5a0fbd8721fc14ce5bf9045a') in 0.037988 seconds 
========================================================================
Received Import Request.
  Time since last request: 0.000497 seconds.
  path: Assets/_Biomass/Prefabs/Walls/Box002.prefab
  artifactKey: Guid(952fa58e5f250ad4da9e6693ebce7e4b) Importer(815301076,1909f56bfc062723c751e8b465ee728b)
Start importing Assets/_Biomass/Prefabs/Walls/Box002.prefab using Guid(952fa58e5f250ad4da9e6693ebce7e4b) Importer(815301076,1909f56bfc062723c751e8b465ee728b)  -> (artifact id: 'ee31fb481afdacd51cde5de54f79f2eb') in 0.020964 seconds 
========================================================================
Received Import Request.
  Time since last request: 0.000854 seconds.
  path: Assets/Models/MysteryBox.mat
  artifactKey: Guid(7ff4798edbf00e840bb476e936ab3f25) Importer(815301076,1909f56bfc062723c751e8b465ee728b)
Start importing Assets/Models/MysteryBox.mat using Guid(7ff4798edbf00e840bb476e936ab3f25) Importer(815301076,1909f56bfc062723c751e8b465ee728b)  -> (artifact id: 'fbbd1c2c5e60ee31a1ae3a6df5ad119a') in 0.058355 seconds 
========================================================================
Received Import Request.
  Time since last request: 0.000804 seconds.
  path: Assets/Prefabs/BloodDecalMeshes/Prefabs/blood_they.prefab
  artifactKey: Guid(d7479db4d0cee7b45877d455a5c1a7a2) Importer(815301076,1909f56bfc062723c751e8b465ee728b)
Start importing Assets/Prefabs/BloodDecalMeshes/Prefabs/blood_they.prefab using Guid(d7479db4d0cee7b45877d455a5c1a7a2) Importer(815301076,1909f56bfc062723c751e8b465ee728b)  -> (artifact id: '4569e0815c4a89fea65c3df7b40a8edc') in 0.040998 seconds 
========================================================================
Received Import Request.
  Time since last request: 0.000686 seconds.
  path: Assets/Prefabs/BloodDecalMeshes/Prefabs/blood_letter_K.prefab
  artifactKey: Guid(797c41822f5da544da6ff85103182f41) Importer(815301076,1909f56bfc062723c751e8b465ee728b)
Start importing Assets/Prefabs/BloodDecalMeshes/Prefabs/blood_letter_K.prefab using Guid(797c41822f5da544da6ff85103182f41) Importer(815301076,1909f56bfc062723c751e8b465ee728b)  -> (artifact id: '3013c801dd47db17d96db5b9e403ac64') in 0.040347 seconds 
========================================================================
Received Import Request.
  Time since last request: 0.000657 seconds.
  path: Assets/UnityTechnologies/ParticlePack/EffectExamples/Fire & Explosion Effects/Materials/Explosion.mat
  artifactKey: Guid(6421a5a06ae9f7a47a57b67f35c73b5a) Importer(815301076,1909f56bfc062723c751e8b465ee728b)
Start importing Assets/UnityTechnologies/ParticlePack/EffectExamples/Fire & Explosion Effects/Materials/Explosion.mat using Guid(6421a5a06ae9f7a47a57b67f35c73b5a) Importer(815301076,1909f56bfc062723c751e8b465ee728b)  -> (artifact id: '66730024b72cf36f16da0ed62ef54db9') in 0.039812 seconds 
========================================================================
Received Import Request.
  Time since last request: 0.000816 seconds.
  path: Assets/SFLCK_2/Furniture_1/Furniture_1_Bed_w_Dead_Body.FBX
  artifactKey: Guid(352e682ac508a5c4096f59c653c3ec36) Importer(815301076,1909f56bfc062723c751e8b465ee728b)
Start importing Assets/SFLCK_2/Furniture_1/Furniture_1_Bed_w_Dead_Body.FBX using Guid(352e682ac508a5c4096f59c653c3ec36) Importer(815301076,1909f56bfc062723c751e8b465ee728b)  -> (artifact id: '5628ee6add41e560c2e420034b0eea52') in 0.035332 seconds 
========================================================================
Received Import Request.
  Time since last request: 0.000421 seconds.
  path: Assets/Prefabs/BloodDecalMeshes/Prefabs/blood_letter_e_lowCase.prefab
  artifactKey: Guid(52691a5eea9a27243a91886afb506994) Importer(815301076,1909f56bfc062723c751e8b465ee728b)
Start importing Assets/Prefabs/BloodDecalMeshes/Prefabs/blood_letter_e_lowCase.prefab using Guid(52691a5eea9a27243a91886afb506994) Importer(815301076,1909f56bfc062723c751e8b465ee728b)  -> (artifact id: 'd11e6b070ffb540bfd8d1a26568afc3d') in 0.039114 seconds 
========================================================================
Received Import Request.
  Time since last request: 0.000329 seconds.
  path: Assets/UnityTechnologies/ParticlePack/EffectExamples/Fire & Explosion Effects/Materials/MediumFlame03.mat
  artifactKey: Guid(6b187db0c2e012840b1199ccf0893b54) Importer(815301076,1909f56bfc062723c751e8b465ee728b)
Start importing Assets/UnityTechnologies/ParticlePack/EffectExamples/Fire & Explosion Effects/Materials/MediumFlame03.mat using Guid(6b187db0c2e012840b1199ccf0893b54) Importer(815301076,1909f56bfc062723c751e8b465ee728b)  -> (artifact id: '600190e2414c27e5502d1183f612e664') in 0.027909 seconds 
========================================================================
Received Import Request.
  Time since last request: 0.000324 seconds.
  path: Assets/_Biomass/Prefabs/BiomassF_1.prefab
  artifactKey: Guid(1a204ae0c3abe9040bfe4588378f1c56) Importer(815301076,1909f56bfc062723c751e8b465ee728b)
Start importing Assets/_Biomass/Prefabs/BiomassF_1.prefab using Guid(1a204ae0c3abe9040bfe4588378f1c56) Importer(815301076,1909f56bfc062723c751e8b465ee728b)  -> (artifact id: 'f9bf36ba3c63c3d956b49a7b1470f38d') in 0.047597 seconds 
========================================================================
Received Import Request.
  Time since last request: 0.000297 seconds.
  path: Assets/_Biomass/Prefabs/BiomassCBB_4.prefab
  artifactKey: Guid(b425209dbd78da148b844c5860ed4d4e) Importer(815301076,1909f56bfc062723c751e8b465ee728b)
Start importing Assets/_Biomass/Prefabs/BiomassCBB_4.prefab using Guid(b425209dbd78da148b844c5860ed4d4e) Importer(815301076,1909f56bfc062723c751e8b465ee728b)  -> (artifact id: '2770c565b32d07f5c772def88718c8a6') in 0.050386 seconds 
========================================================================
Received Import Request.
  Time since last request: 0.000312 seconds.
  path: Assets/UnityTechnologies/ParticlePack/EffectExamples/Fire & Explosion Effects/Prefabs/LargeFlames.prefab
  artifactKey: Guid(bb98861c48ad2024ca93498c7dd93a6c) Importer(815301076,1909f56bfc062723c751e8b465ee728b)
Start importing Assets/UnityTechnologies/ParticlePack/EffectExamples/Fire & Explosion Effects/Prefabs/LargeFlames.prefab using Guid(bb98861c48ad2024ca93498c7dd93a6c) Importer(815301076,1909f56bfc062723c751e8b465ee728b)  -> (artifact id: '3c621a6fb998ba871bcbde2e830cc1a7') in 0.037113 seconds 
========================================================================
Received Import Request.
  Time since last request: 0.000385 seconds.
  path: Assets/UnityTechnologies/ParticlePack/EffectExamples/Fire & Explosion Effects/Materials/PlasmaFire.mat
  artifactKey: Guid(b5387d3c2ba98fc44a0f5744f94ce48c) Importer(815301076,1909f56bfc062723c751e8b465ee728b)
Start importing Assets/UnityTechnologies/ParticlePack/EffectExamples/Fire & Explosion Effects/Materials/PlasmaFire.mat using Guid(b5387d3c2ba98fc44a0f5744f94ce48c) Importer(815301076,1909f56bfc062723c751e8b465ee728b)  -> (artifact id: '0231df96c63ec3af521aabf6399b8d43') in 0.027243 seconds 
========================================================================
Received Import Request.
  Time since last request: 0.000367 seconds.
  path: Assets/Prefabs/BloodGushEffect.prefab
  artifactKey: Guid(17c518b0d72d62043ae0e21286e40a44) Importer(815301076,1909f56bfc062723c751e8b465ee728b)
Start importing Assets/Prefabs/BloodGushEffect.prefab using Guid(17c518b0d72d62043ae0e21286e40a44) Importer(815301076,1909f56bfc062723c751e8b465ee728b)  -> (artifact id: 'a446c6da7d6eca7810e66fe1a1ae61c0') in 0.045114 seconds 
========================================================================
Received Import Request.
  Time since last request: 0.000376 seconds.
  path: Assets/SFLCK_2/!Prefabs/Furniture/Lockers/Shelf_Small.prefab
  artifactKey: Guid(fa88d8f84d74ded41852b460afd4e3f5) Importer(815301076,1909f56bfc062723c751e8b465ee728b)
Start importing Assets/SFLCK_2/!Prefabs/Furniture/Lockers/Shelf_Small.prefab using Guid(fa88d8f84d74ded41852b460afd4e3f5) Importer(815301076,1909f56bfc062723c751e8b465ee728b)  -> (artifact id: '6af338d6ac88fe4dcc9bad28fa3d20cd') in 0.045560 seconds 
========================================================================
Received Import Request.
  Time since last request: 0.000314 seconds.
  path: Assets/SFLCK_2/Props_C/Prop_C_Bulkhead_Side.FBX
  artifactKey: Guid(60fb382e383ddfe449eb41b5022e2f2a) Importer(815301076,1909f56bfc062723c751e8b465ee728b)
Start importing Assets/SFLCK_2/Props_C/Prop_C_Bulkhead_Side.FBX using Guid(60fb382e383ddfe449eb41b5022e2f2a) Importer(815301076,1909f56bfc062723c751e8b465ee728b)  -> (artifact id: '6f84c9c6cceaf721c6b5278c00dcbb25') in 0.027142 seconds 
========================================================================
Received Import Request.
  Time since last request: 0.000259 seconds.
  path: Assets/Prefabs/BloodDecalMeshes/Prefabs/blood_how.prefab
  artifactKey: Guid(34675e1b478e9224381fe3d7d320e311) Importer(815301076,1909f56bfc062723c751e8b465ee728b)
Start importing Assets/Prefabs/BloodDecalMeshes/Prefabs/blood_how.prefab using Guid(34675e1b478e9224381fe3d7d320e311) Importer(815301076,1909f56bfc062723c751e8b465ee728b)  -> (artifact id: '2e8013521d03c0c9953982b21575a8f9') in 0.034732 seconds 
========================================================================
Received Import Request.
  Time since last request: 0.000307 seconds.
  path: Assets/TextMesh Pro/Resources/Fonts & Materials/LiberationSans SDF.asset
  artifactKey: Guid(8f586378b4e144a9851e7b34d9b748ee) Importer(815301076,1909f56bfc062723c751e8b465ee728b)
Start importing Assets/TextMesh Pro/Resources/Fonts & Materials/LiberationSans SDF.asset using Guid(8f586378b4e144a9851e7b34d9b748ee) Importer(815301076,1909f56bfc062723c751e8b465ee728b)  -> (artifact id: '5da2e4f59b3496f1d4c9a1120d376a28') in 0.041457 seconds 
========================================================================
Received Import Request.
  Time since last request: 0.000410 seconds.
  path: Assets/Prefabs/BloodDecalMeshes/Prefabs/SymbolsAndWords.prefab
  artifactKey: Guid(201205e23e6aba641934ca4477e55741) Importer(815301076,1909f56bfc062723c751e8b465ee728b)
Start importing Assets/Prefabs/BloodDecalMeshes/Prefabs/SymbolsAndWords.prefab using Guid(201205e23e6aba641934ca4477e55741) Importer(815301076,1909f56bfc062723c751e8b465ee728b)  -> (artifact id: 'ab88ad28cc697d8eb08b91cc8a360484') in 0.062368 seconds 
========================================================================
Received Import Request.
  Time since last request: 0.000365 seconds.
  path: Assets/Prefabs/BloodDecalMeshes/Prefabs/blood_num_10.prefab
  artifactKey: Guid(103968dd63e58c944b09fcf7e1549ede) Importer(815301076,1909f56bfc062723c751e8b465ee728b)
Start importing Assets/Prefabs/BloodDecalMeshes/Prefabs/blood_num_10.prefab using Guid(103968dd63e58c944b09fcf7e1549ede) Importer(815301076,1909f56bfc062723c751e8b465ee728b)  -> (artifact id: 'c5d6ed85af50cb316170c4d61808ff02') in 0.036120 seconds 
========================================================================
Received Import Request.
  Time since last request: 0.000332 seconds.
  path: Assets/UnityTechnologies/ParticlePack/EffectExamples/Fire & Explosion Effects/Materials/Flame02.mat
  artifactKey: Guid(bd8c234372a08af408b82538314378fe) Importer(815301076,1909f56bfc062723c751e8b465ee728b)
Start importing Assets/UnityTechnologies/ParticlePack/EffectExamples/Fire & Explosion Effects/Materials/Flame02.mat using Guid(bd8c234372a08af408b82538314378fe) Importer(815301076,1909f56bfc062723c751e8b465ee728b)  -> (artifact id: '2637bc8bf760b884873831d5b9cbcfd5') in 0.044509 seconds 
========================================================================
Received Import Request.
  Time since last request: 0.000311 seconds.
  path: Assets/SFLCK_2/!Prefabs/Interior/Walls/Wall_Frame_Wide.prefab
  artifactKey: Guid(98895b514cc171f42ab0ac6e57be3ce5) Importer(815301076,1909f56bfc062723c751e8b465ee728b)
Start importing Assets/SFLCK_2/!Prefabs/Interior/Walls/Wall_Frame_Wide.prefab using Guid(98895b514cc171f42ab0ac6e57be3ce5) Importer(815301076,1909f56bfc062723c751e8b465ee728b)  -> (artifact id: 'a37c81169f179874dcbe1bb8ba8c32a6') in 0.032476 seconds 
========================================================================
Received Import Request.
  Time since last request: 0.000385 seconds.
  path: Assets/SFLCK_2/!Prefabs/Walls_A/Celing/A_Ceiling_Ramp_2x2.prefab
  artifactKey: Guid(e0490708494e5b443b1d6d89b7cb26af) Importer(815301076,1909f56bfc062723c751e8b465ee728b)
Start importing Assets/SFLCK_2/!Prefabs/Walls_A/Celing/A_Ceiling_Ramp_2x2.prefab using Guid(e0490708494e5b443b1d6d89b7cb26af) Importer(815301076,1909f56bfc062723c751e8b465ee728b)  -> (artifact id: 'c16a1e9cbbdd27488f9d424b0cdfe729') in 0.043438 seconds 
========================================================================
Received Import Request.
  Time since last request: 0.000495 seconds.
  path: Assets/SFLCK_2/!Prefabs/Walls_B/Ceiling/B_Ceiling_Ramp_L_6x8.prefab
  artifactKey: Guid(2491b6aa75051a546bf09097ee1fc526) Importer(815301076,1909f56bfc062723c751e8b465ee728b)
Start importing Assets/SFLCK_2/!Prefabs/Walls_B/Ceiling/B_Ceiling_Ramp_L_6x8.prefab using Guid(2491b6aa75051a546bf09097ee1fc526) Importer(815301076,1909f56bfc062723c751e8b465ee728b)  -> (artifact id: 'fb3ed36dddbf9895fd51d522f1e20403') in 0.043807 seconds 
========================================================================
Received Import Request.
  Time since last request: 0.000274 seconds.
  path: Assets/Prefabs/BloodDecalMeshes/Prefabs/BloodDecal_Help.prefab
  artifactKey: Guid(fe348eeb755b6374ea109e5512387c6b) Importer(815301076,1909f56bfc062723c751e8b465ee728b)
Start importing Assets/Prefabs/BloodDecalMeshes/Prefabs/BloodDecal_Help.prefab using Guid(fe348eeb755b6374ea109e5512387c6b) Importer(815301076,1909f56bfc062723c751e8b465ee728b)  -> (artifact id: 'be95319b60b618417667cbd7da1315f7') in 0.037183 seconds 
========================================================================
Received Import Request.
  Time since last request: 0.000458 seconds.
  path: Assets/SFLCK_2/!Prefabs/Walls_B/Ramps/B_Wall_Ramp_L_2x2.prefab
  artifactKey: Guid(b5ce4dc9debe5d84e8e87f4fcb76e7c3) Importer(815301076,1909f56bfc062723c751e8b465ee728b)
Start importing Assets/SFLCK_2/!Prefabs/Walls_B/Ramps/B_Wall_Ramp_L_2x2.prefab using Guid(b5ce4dc9debe5d84e8e87f4fcb76e7c3) Importer(815301076,1909f56bfc062723c751e8b465ee728b)  -> (artifact id: '0eeafc9e1875e4ae51f3aa3c4cd262cb') in 0.037530 seconds 
========================================================================
Received Import Request.
  Time since last request: 0.000490 seconds.
  path: Assets/_Biomass/Prefabs/BiomassCU_1.prefab
  artifactKey: Guid(dda3622dfcb9a9f4fb06861369bac9dc) Importer(815301076,1909f56bfc062723c751e8b465ee728b)
Start importing Assets/_Biomass/Prefabs/BiomassCU_1.prefab using Guid(dda3622dfcb9a9f4fb06861369bac9dc) Importer(815301076,1909f56bfc062723c751e8b465ee728b)  -> (artifact id: 'bb8beb727afb279219e44b100a0285ec') in 0.060315 seconds 
========================================================================
Received Import Request.
  Time since last request: 0.000421 seconds.
  path: Assets/_Biomass/Prefabs/Pregathered/BiomassGathT_2.prefab
  artifactKey: Guid(f42a6be1e84242f4b97c5761fbc8b16b) Importer(815301076,1909f56bfc062723c751e8b465ee728b)
Start importing Assets/_Biomass/Prefabs/Pregathered/BiomassGathT_2.prefab using Guid(f42a6be1e84242f4b97c5761fbc8b16b) Importer(815301076,1909f56bfc062723c751e8b465ee728b)  -> (artifact id: '6fac902f41eac2bcea6579237b75173f') in 0.053484 seconds 
========================================================================
Received Import Request.
  Time since last request: 0.000386 seconds.
  path: Assets/Prefabs/BloodDecalMeshes/Prefabs/BloodDecal09.prefab
  artifactKey: Guid(ee836e6cf2bf20a4598f798ebf2824a1) Importer(815301076,1909f56bfc062723c751e8b465ee728b)
Start importing Assets/Prefabs/BloodDecalMeshes/Prefabs/BloodDecal09.prefab using Guid(ee836e6cf2bf20a4598f798ebf2824a1) Importer(815301076,1909f56bfc062723c751e8b465ee728b)  -> (artifact id: 'bbe3a639e5112e9a028ff915eadd568e') in 0.041624 seconds 
========================================================================
Received Import Request.
  Time since last request: 0.000400 seconds.
  path: Assets/UnityTechnologies/ParticlePack/EffectExamples/Water Effects/Materials/WaterFog.mat
  artifactKey: Guid(ccf7149889a0eb64faa9cba40c767ff0) Importer(815301076,1909f56bfc062723c751e8b465ee728b)
Start importing Assets/UnityTechnologies/ParticlePack/EffectExamples/Water Effects/Materials/WaterFog.mat using Guid(ccf7149889a0eb64faa9cba40c767ff0) Importer(815301076,1909f56bfc062723c751e8b465ee728b)  -> (artifact id: 'f67dde1b7368fd41d2067c76f26f6ed9') in 0.034671 seconds 
========================================================================
Received Import Request.
  Time since last request: 0.000545 seconds.
  path: Assets/SFLCK_2/!Prefabs/Walls_B/Ramps/B_Stair_2x4.prefab
  artifactKey: Guid(d5e0aa570e0841e48a619814cb9a20d2) Importer(815301076,1909f56bfc062723c751e8b465ee728b)
Start importing Assets/SFLCK_2/!Prefabs/Walls_B/Ramps/B_Stair_2x4.prefab using Guid(d5e0aa570e0841e48a619814cb9a20d2) Importer(815301076,1909f56bfc062723c751e8b465ee728b)  -> (artifact id: 'f89ce9e3feb43bf4096cedf40a07bdbf') in 0.041454 seconds 
========================================================================
Received Import Request.
  Time since last request: 0.000652 seconds.
  path: Assets/Prefabs/BloodDecalMeshes/Prefabs/BloodDecal_WayWarning.prefab
  artifactKey: Guid(e11e5c4f1379a8b47b1b7ef42d82669c) Importer(815301076,1909f56bfc062723c751e8b465ee728b)
Start importing Assets/Prefabs/BloodDecalMeshes/Prefabs/BloodDecal_WayWarning.prefab using Guid(e11e5c4f1379a8b47b1b7ef42d82669c) Importer(815301076,1909f56bfc062723c751e8b465ee728b)  -> (artifact id: '03234343b124a0a9f2392bbfde2a9f62') in 0.038434 seconds 
========================================================================
Received Import Request.
  Time since last request: 0.000222 seconds.
  path: Assets/UnityTechnologies/ParticlePack/EffectExamples/Magic Effects/Prefabs/IceLance.prefab
  artifactKey: Guid(1a1c02facd51d87458dcaa3a761e2c03) Importer(815301076,1909f56bfc062723c751e8b465ee728b)
Start importing Assets/UnityTechnologies/ParticlePack/EffectExamples/Magic Effects/Prefabs/IceLance.prefab using Guid(1a1c02facd51d87458dcaa3a761e2c03) Importer(815301076,1909f56bfc062723c751e8b465ee728b)  -> (artifact id: 'd85c43eb175f53dc18259d5228d6bc90') in 0.045867 seconds 
========================================================================
Received Import Request.
  Time since last request: 0.000352 seconds.
  path: Assets/Prefabs/BloodDecalMeshes/Prefabs/BloodDecal11.prefab
  artifactKey: Guid(8d5976100118b314ea4ac75a0c1b24d5) Importer(815301076,1909f56bfc062723c751e8b465ee728b)
Start importing Assets/Prefabs/BloodDecalMeshes/Prefabs/BloodDecal11.prefab using Guid(8d5976100118b314ea4ac75a0c1b24d5) Importer(815301076,1909f56bfc062723c751e8b465ee728b)  -> (artifact id: '2c3227dac8a61608920ef12bf94ef165') in 0.035301 seconds 
========================================================================
Received Import Request.
  Time since last request: 0.000589 seconds.
  path: Assets/UnityTechnologies/ParticlePack/EffectExamples/Smoke & Steam Effects/Prefabs/Steam.prefab
  artifactKey: Guid(378b2c30ef426554495292cb902cb8f4) Importer(815301076,1909f56bfc062723c751e8b465ee728b)
Start importing Assets/UnityTechnologies/ParticlePack/EffectExamples/Smoke & Steam Effects/Prefabs/Steam.prefab using Guid(378b2c30ef426554495292cb902cb8f4) Importer(815301076,1909f56bfc062723c751e8b465ee728b)  -> (artifact id: '21004a5e6020229c1b061300716aecad') in 0.031562 seconds 
========================================================================
Received Import Request.
  Time since last request: 0.000550 seconds.
  path: Assets/SFLCK_2/!Prefabs/Lights/Light_Vertical_Thick.prefab
  artifactKey: Guid(4d0f04d12ed59384295c8f5f04fa7eb4) Importer(815301076,1909f56bfc062723c751e8b465ee728b)
Start importing Assets/SFLCK_2/!Prefabs/Lights/Light_Vertical_Thick.prefab using Guid(4d0f04d12ed59384295c8f5f04fa7eb4) Importer(815301076,1909f56bfc062723c751e8b465ee728b)  -> (artifact id: '3a6af21b01a14986eb76db3be7003cf0') in 0.056780 seconds 
========================================================================
Received Import Request.
  Time since last request: 0.000245 seconds.
  path: Assets/UnityTechnologies/ParticlePack/EffectExamples/Misc Effects/Prefabs/SandSwirlsEffect.prefab
  artifactKey: Guid(14d81e2c407975245973a11cdfbeb902) Importer(815301076,1909f56bfc062723c751e8b465ee728b)
Start importing Assets/UnityTechnologies/ParticlePack/EffectExamples/Misc Effects/Prefabs/SandSwirlsEffect.prefab using Guid(14d81e2c407975245973a11cdfbeb902) Importer(815301076,1909f56bfc062723c751e8b465ee728b)  -> (artifact id: 'a08671027184ef3764228af146b8cd7a') in 0.051567 seconds 
========================================================================
Received Import Request.
  Time since last request: 0.000325 seconds.
  path: Assets/SFLCK_2/!Prefabs/Furniture/Beds/Pillow_Small.prefab
  artifactKey: Guid(b3f68d1332402cd4686756282c10697c) Importer(815301076,1909f56bfc062723c751e8b465ee728b)
Start importing Assets/SFLCK_2/!Prefabs/Furniture/Beds/Pillow_Small.prefab using Guid(b3f68d1332402cd4686756282c10697c) Importer(815301076,1909f56bfc062723c751e8b465ee728b)  -> (artifact id: 'b335995bf9371a51de7f6ddc941c562e') in 0.044230 seconds 
========================================================================
Received Import Request.
  Time since last request: 0.000443 seconds.
  path: Assets/_Biomass/Prefabs/BiomassS_3.prefab
  artifactKey: Guid(b14599c95391f7a4d95ca324dfc8e648) Importer(815301076,1909f56bfc062723c751e8b465ee728b)
Start importing Assets/_Biomass/Prefabs/BiomassS_3.prefab using Guid(b14599c95391f7a4d95ca324dfc8e648) Importer(815301076,1909f56bfc062723c751e8b465ee728b)  -> (artifact id: '98c78b097422ac82b05a22a610df0d4c') in 0.032885 seconds 
========================================================================
Received Import Request.
  Time since last request: 0.000388 seconds.
  path: Assets/SFLCK_2/!Prefabs/Walls_B/Corners/B_Corner_Out_2x4.prefab
  artifactKey: Guid(9e8db6efacce5154f9c9ecd3802af79a) Importer(815301076,1909f56bfc062723c751e8b465ee728b)
Start importing Assets/SFLCK_2/!Prefabs/Walls_B/Corners/B_Corner_Out_2x4.prefab using Guid(9e8db6efacce5154f9c9ecd3802af79a) Importer(815301076,1909f56bfc062723c751e8b465ee728b)  -> (artifact id: 'f42c04fb1ef75eb1d1087f38810b9000') in 0.033153 seconds 
========================================================================
Received Import Request.
  Time since last request: 0.000540 seconds.
  path: Assets/SFLCK_2/!Prefabs/Walls_B/Ceiling/B_Ceiling_Ramp_L_2x2.prefab
  artifactKey: Guid(5207b66401bd50e498a84b9bb60e3481) Importer(815301076,1909f56bfc062723c751e8b465ee728b)
Start importing Assets/SFLCK_2/!Prefabs/Walls_B/Ceiling/B_Ceiling_Ramp_L_2x2.prefab using Guid(5207b66401bd50e498a84b9bb60e3481) Importer(815301076,1909f56bfc062723c751e8b465ee728b)  -> (artifact id: 'abec63f47b129ebfa6e9f38a2020d851') in 0.036441 seconds 
========================================================================
Received Import Request.
  Time since last request: 0.000431 seconds.
  path: Assets/UnityTechnologies/ParticlePack/EffectExamples/Smoke & Steam Effects/Materials/wispySmoke.mat
  artifactKey: Guid(4cd7f6cf6430b2347803bd0c957fbbce) Importer(815301076,1909f56bfc062723c751e8b465ee728b)
Start importing Assets/UnityTechnologies/ParticlePack/EffectExamples/Smoke & Steam Effects/Materials/wispySmoke.mat using Guid(4cd7f6cf6430b2347803bd0c957fbbce) Importer(815301076,1909f56bfc062723c751e8b465ee728b)  -> (artifact id: '6bde9196050b9cfd67226d7bb7a93581') in 0.031684 seconds 
========================================================================
Received Import Request.
  Time since last request: 0.000613 seconds.
  path: Assets/UnityTechnologies/ParticlePack/EffectExamples/Misc Effects/Materials/FireFly.mat
  artifactKey: Guid(5471faebdbcc34e47baecfecda463063) Importer(815301076,1909f56bfc062723c751e8b465ee728b)
Start importing Assets/UnityTechnologies/ParticlePack/EffectExamples/Misc Effects/Materials/FireFly.mat using Guid(5471faebdbcc34e47baecfecda463063) Importer(815301076,1909f56bfc062723c751e8b465ee728b)  -> (artifact id: '26d3ffc0db53e5831e0a0da3d6578048') in 0.027284 seconds 
========================================================================
Received Import Request.
  Time since last request: 0.000409 seconds.
  path: Assets/TextMesh Pro/Fonts/LiberationSans.ttf
  artifactKey: Guid(e3265ab4bf004d28a9537516768c1c75) Importer(815301076,1909f56bfc062723c751e8b465ee728b)
Start importing Assets/TextMesh Pro/Fonts/LiberationSans.ttf using Guid(e3265ab4bf004d28a9537516768c1c75) Importer(815301076,1909f56bfc062723c751e8b465ee728b)  -> (artifact id: 'ceef5bf49b6431932e6d196bb3b5075b') in 0.031138 seconds 
========================================================================
Received Import Request.
  Time since last request: 0.000310 seconds.
  path: Assets/UnityTechnologies/ParticlePack/EffectExamples/Goop Effects/Prefabs/GoopSpray.prefab
  artifactKey: Guid(5656e7ea1f1a75d4c895547ec2b824b3) Importer(815301076,1909f56bfc062723c751e8b465ee728b)
Start importing Assets/UnityTechnologies/ParticlePack/EffectExamples/Goop Effects/Prefabs/GoopSpray.prefab using Guid(5656e7ea1f1a75d4c895547ec2b824b3) Importer(815301076,1909f56bfc062723c751e8b465ee728b)  -> (artifact id: '795b949f87eec1911eaa937f95f05d50') in 0.028869 seconds 
========================================================================
Received Import Request.
  Time since last request: 0.000258 seconds.
  path: Assets/SFLCK_2/!Prefabs/Walls_A/Doorways/A_Doorway_Small_2x4.prefab
  artifactKey: Guid(629a46542e18db04985cc6c7ca65f952) Importer(815301076,1909f56bfc062723c751e8b465ee728b)
Start importing Assets/SFLCK_2/!Prefabs/Walls_A/Doorways/A_Doorway_Small_2x4.prefab using Guid(629a46542e18db04985cc6c7ca65f952) Importer(815301076,1909f56bfc062723c751e8b465ee728b)  -> (artifact id: '9107e2011639772cdbc0b5bea94e163a') in 0.037975 seconds 
========================================================================
Received Import Request.
  Time since last request: 0.000321 seconds.
  path: Assets/UnityTechnologies/ParticlePack/EffectExamples/Weapon Effects/Prefabs/SandImpacts.prefab
  artifactKey: Guid(bca9020d2c9c915448fb5263a425faf4) Importer(815301076,1909f56bfc062723c751e8b465ee728b)
Start importing Assets/UnityTechnologies/ParticlePack/EffectExamples/Weapon Effects/Prefabs/SandImpacts.prefab using Guid(bca9020d2c9c915448fb5263a425faf4) Importer(815301076,1909f56bfc062723c751e8b465ee728b)  -> (artifact id: 'dac0098426814dca4c1b3a374aecd03c') in 0.038143 seconds 
========================================================================
Received Import Request.
  Time since last request: 0.000333 seconds.
  path: Assets/Prefabs/BloodDecalMeshes/Prefabs/blood_letter_T.prefab
  artifactKey: Guid(2f435bfb7dea07b4ea32f209e8640857) Importer(815301076,1909f56bfc062723c751e8b465ee728b)
Start importing Assets/Prefabs/BloodDecalMeshes/Prefabs/blood_letter_T.prefab using Guid(2f435bfb7dea07b4ea32f209e8640857) Importer(815301076,1909f56bfc062723c751e8b465ee728b)  -> (artifact id: '08e95efcd577111e4e6437817d9ab738') in 0.036226 seconds 
========================================================================
Received Import Request.
  Time since last request: 0.000289 seconds.
  path: Assets/_Biomass/Prefabs/BiomassCBB_5.prefab
  artifactKey: Guid(1fb9a451ea9deae409bef87919687537) Importer(815301076,1909f56bfc062723c751e8b465ee728b)
Start importing Assets/_Biomass/Prefabs/BiomassCBB_5.prefab using Guid(1fb9a451ea9deae409bef87919687537) Importer(815301076,1909f56bfc062723c751e8b465ee728b)  -> (artifact id: 'd9fa4632aec226ea8738c26852195bca') in 0.049512 seconds 
========================================================================
Received Import Request.
  Time since last request: 0.000495 seconds.
  path: Assets/UnityTechnologies/ParticlePack/EffectExamples/Weapon Effects/Materials/WoodSplintersParticle.mat
  artifactKey: Guid(fd8ebe3c7242d364bae68f1548ae70bf) Importer(815301076,1909f56bfc062723c751e8b465ee728b)
Start importing Assets/UnityTechnologies/ParticlePack/EffectExamples/Weapon Effects/Materials/WoodSplintersParticle.mat using Guid(fd8ebe3c7242d364bae68f1548ae70bf) Importer(815301076,1909f56bfc062723c751e8b465ee728b)  -> (artifact id: 'f33dae30d6057b8886d646e96dccab3e') in 0.027534 seconds 
========================================================================
Received Import Request.
  Time since last request: 0.000411 seconds.
  path: Assets/_Biomass/Prefabs/Walls/Cylinder003.prefab
  artifactKey: Guid(a2f8bd816d884eb40aeab805e38ddbe3) Importer(815301076,1909f56bfc062723c751e8b465ee728b)
Start importing Assets/_Biomass/Prefabs/Walls/Cylinder003.prefab using Guid(a2f8bd816d884eb40aeab805e38ddbe3) Importer(815301076,1909f56bfc062723c751e8b465ee728b)  -> (artifact id: '0591d51435357885eba5eece8c017db1') in 0.022643 seconds 
========================================================================
Received Import Request.
  Time since last request: 0.000380 seconds.
  path: Assets/SFLCK_2/!Prefabs/Walls_A/Walls/A_Wall_Simple_2x4.prefab
  artifactKey: Guid(7187a0848bc5bd7479f8e80a94c9a2c2) Importer(815301076,1909f56bfc062723c751e8b465ee728b)
Start importing Assets/SFLCK_2/!Prefabs/Walls_A/Walls/A_Wall_Simple_2x4.prefab using Guid(7187a0848bc5bd7479f8e80a94c9a2c2) Importer(815301076,1909f56bfc062723c751e8b465ee728b)  -> (artifact id: '78bb48acbec5543afdb7ee7c01f1324b') in 0.040710 seconds 
========================================================================
Received Import Request.
  Time since last request: 0.000364 seconds.
  path: Assets/SFLCK_2/!Prefabs/Walls_A/Walls/A_Wall_Niche_2x2.prefab
  artifactKey: Guid(3ac01a3cc1476254a8de37a480130373) Importer(815301076,1909f56bfc062723c751e8b465ee728b)
Start importing Assets/SFLCK_2/!Prefabs/Walls_A/Walls/A_Wall_Niche_2x2.prefab using Guid(3ac01a3cc1476254a8de37a480130373) Importer(815301076,1909f56bfc062723c751e8b465ee728b)  -> (artifact id: 'ae4e5b26f214657d5e9e4450fc73bb55') in 0.043021 seconds 
========================================================================
Received Import Request.
  Time since last request: 0.000309 seconds.
  path: Assets/_Biomass/Prefabs/Pregathered/BiomassTC_2.prefab
  artifactKey: Guid(142244dfa18f42a4d950b2609bf3e5d6) Importer(815301076,1909f56bfc062723c751e8b465ee728b)
Start importing Assets/_Biomass/Prefabs/Pregathered/BiomassTC_2.prefab using Guid(142244dfa18f42a4d950b2609bf3e5d6) Importer(815301076,1909f56bfc062723c751e8b465ee728b)  -> (artifact id: '631fbd2e947abfc4f60e31d89df97c11') in 0.048134 seconds 
========================================================================
Received Import Request.
  Time since last request: 0.000309 seconds.
  path: Assets/SFLCK_2/!Prefabs/Walls_C/Ceiling/C_Ceiling_Corner_In_2x2.prefab
  artifactKey: Guid(14846e64ed38b95419c6917b657718c1) Importer(815301076,1909f56bfc062723c751e8b465ee728b)
Start importing Assets/SFLCK_2/!Prefabs/Walls_C/Ceiling/C_Ceiling_Corner_In_2x2.prefab using Guid(14846e64ed38b95419c6917b657718c1) Importer(815301076,1909f56bfc062723c751e8b465ee728b)  -> (artifact id: '130601f7b70fc2ec35d8a5fbabe70e4d') in 0.040208 seconds 
========================================================================
Received Import Request.
  Time since last request: 0.000347 seconds.
  path: Assets/UnityTechnologies/ParticlePack/EffectExamples/Fire & Explosion Effects/Prefabs/FlameThrower.prefab
  artifactKey: Guid(007c57e2df8e9b144b99f471b84f3d56) Importer(815301076,1909f56bfc062723c751e8b465ee728b)
Start importing Assets/UnityTechnologies/ParticlePack/EffectExamples/Fire & Explosion Effects/Prefabs/FlameThrower.prefab using Guid(007c57e2df8e9b144b99f471b84f3d56) Importer(815301076,1909f56bfc062723c751e8b465ee728b)  -> (artifact id: '7f04849fc5e81a79b48b70b81a3fb28c') in 0.040160 seconds 
========================================================================
Received Import Request.
  Time since last request: 0.000230 seconds.
  path: Assets/SFLCK_2/Props_A/Materials/Props_A.mat
  artifactKey: Guid(3079da37f28c2db4a8501d1f5aa4a48d) Importer(815301076,1909f56bfc062723c751e8b465ee728b)
Start importing Assets/SFLCK_2/Props_A/Materials/Props_A.mat using Guid(3079da37f28c2db4a8501d1f5aa4a48d) Importer(815301076,1909f56bfc062723c751e8b465ee728b)  -> (artifact id: '266f5ef36d39ef2c9befa2cb004a8cfe') in 0.030333 seconds 
========================================================================
Received Import Request.
  Time since last request: 0.000300 seconds.
  path: Assets/UnityTechnologies/ParticlePack/EffectExamples/Magic Effects/Materials/IceTrail.mat
  artifactKey: Guid(d4c406b5d941319458ddccf4b6f76be3) Importer(815301076,1909f56bfc062723c751e8b465ee728b)
Start importing Assets/UnityTechnologies/ParticlePack/EffectExamples/Magic Effects/Materials/IceTrail.mat using Guid(d4c406b5d941319458ddccf4b6f76be3) Importer(815301076,1909f56bfc062723c751e8b465ee728b)  -> (artifact id: 'a7570cfa26aade6c9be3710e65b279cd') in 0.025311 seconds 
========================================================================
Received Import Request.
  Time since last request: 0.000297 seconds.
  path: Assets/UnityTechnologies/ParticlePack/EffectExamples/Fire & Explosion Effects/Materials/LightningTrail.mat
  artifactKey: Guid(123ac6dc79004e54b8b352a7e64acdca) Importer(815301076,1909f56bfc062723c751e8b465ee728b)
Start importing Assets/UnityTechnologies/ParticlePack/EffectExamples/Fire & Explosion Effects/Materials/LightningTrail.mat using Guid(123ac6dc79004e54b8b352a7e64acdca) Importer(815301076,1909f56bfc062723c751e8b465ee728b)  -> (artifact id: 'b153d47e1c1d9c3df210ec3d045a347f') in 0.026346 seconds 
========================================================================
Received Import Request.
  Time since last request: 0.000425 seconds.
  path: Assets/_Biomass/Prefabs/Pregathered/BiomassT_4.prefab
  artifactKey: Guid(d9fcad783e441fc4c98c4a192fd5b8dc) Importer(815301076,1909f56bfc062723c751e8b465ee728b)
Start importing Assets/_Biomass/Prefabs/Pregathered/BiomassT_4.prefab using Guid(d9fcad783e441fc4c98c4a192fd5b8dc) Importer(815301076,1909f56bfc062723c751e8b465ee728b)  -> (artifact id: '287c8590281dc79e6eb61dc4b450f23e') in 0.043025 seconds 
========================================================================
Received Import Request.
  Time since last request: 0.000274 seconds.
  path: Assets/SFLCK_2/!Prefabs/Walls_B/Ceiling/B_Ceiling_Side_2x2.prefab
  artifactKey: Guid(e4cd063425a634e46824576857b0727c) Importer(815301076,1909f56bfc062723c751e8b465ee728b)
Start importing Assets/SFLCK_2/!Prefabs/Walls_B/Ceiling/B_Ceiling_Side_2x2.prefab using Guid(e4cd063425a634e46824576857b0727c) Importer(815301076,1909f56bfc062723c751e8b465ee728b)  -> (artifact id: '160a73b3cb90e460fecc366dd5d2ce92') in 0.031191 seconds 
========================================================================
Received Import Request.
  Time since last request: 0.000322 seconds.
  path: Assets/Models/CrusaderV4.fbx
  artifactKey: Guid(4c750c6b7a8671f4582db048114b8715) Importer(815301076,1909f56bfc062723c751e8b465ee728b)
Start importing Assets/Models/CrusaderV4.fbx using Guid(4c750c6b7a8671f4582db048114b8715) Importer(815301076,1909f56bfc062723c751e8b465ee728b)  -> (artifact id: '64044f7a869a4ceb4b14890973468cee') in 0.054028 seconds 
========================================================================
Received Import Request.
  Time since last request: 0.000278 seconds.
  path: Assets/Prefabs/BloodDecalMeshes/Prefabs/blood_rn_viii.prefab
  artifactKey: Guid(0395439ca739f1040a8d4be0e1f26d2c) Importer(815301076,1909f56bfc062723c751e8b465ee728b)
Start importing Assets/Prefabs/BloodDecalMeshes/Prefabs/blood_rn_viii.prefab using Guid(0395439ca739f1040a8d4be0e1f26d2c) Importer(815301076,1909f56bfc062723c751e8b465ee728b)  -> (artifact id: 'c49193f5cd1b7bf35b13a1a362907c63') in 0.034224 seconds 
========================================================================
Received Import Request.
  Time since last request: 0.000407 seconds.
  path: Assets/_Biomass/Prefabs/Biomass_8.prefab
  artifactKey: Guid(018fc6615b516834f8592a30617f6c83) Importer(815301076,1909f56bfc062723c751e8b465ee728b)
Start importing Assets/_Biomass/Prefabs/Biomass_8.prefab using Guid(018fc6615b516834f8592a30617f6c83) Importer(815301076,1909f56bfc062723c751e8b465ee728b)  -> (artifact id: '7ca3997194bcc636e8b86798068819d7') in 0.047746 seconds 
========================================================================
Received Import Request.
  Time since last request: 0.000396 seconds.
  path: Assets/SFLCK_2/!Prefabs/Walls_A/Ramps/A_Wall_Ramp_R_2x6.prefab
  artifactKey: Guid(f6caf60166774504f95a3eb2232b2f45) Importer(815301076,1909f56bfc062723c751e8b465ee728b)
Start importing Assets/SFLCK_2/!Prefabs/Walls_A/Ramps/A_Wall_Ramp_R_2x6.prefab using Guid(f6caf60166774504f95a3eb2232b2f45) Importer(815301076,1909f56bfc062723c751e8b465ee728b)  -> (artifact id: '9b005aeaa2193b928b52a274c6bc8297') in 0.036958 seconds 
========================================================================
Received Import Request.
  Time since last request: 0.000224 seconds.
  path: Assets/_Biomass/Prefabs/Biomass_4.prefab
  artifactKey: Guid(d3e0b61d36d4cd848acd15cfc71477d9) Importer(815301076,1909f56bfc062723c751e8b465ee728b)
Start importing Assets/_Biomass/Prefabs/Biomass_4.prefab using Guid(d3e0b61d36d4cd848acd15cfc71477d9) Importer(815301076,1909f56bfc062723c751e8b465ee728b)  -> (artifact id: 'e063a65bda511b2bf4a70244f69e852b') in 0.048106 seconds 
========================================================================
Received Import Request.
  Time since last request: 0.000500 seconds.
  path: Assets/Prefabs/BloodDecalMeshes/Prefabs/BloodDecal14.prefab
  artifactKey: Guid(641ea3d1dc972154cada43c9f531c309) Importer(815301076,1909f56bfc062723c751e8b465ee728b)
Start importing Assets/Prefabs/BloodDecalMeshes/Prefabs/BloodDecal14.prefab using Guid(641ea3d1dc972154cada43c9f531c309) Importer(815301076,1909f56bfc062723c751e8b465ee728b)  -> (artifact id: 'b8772ba70c13b4b19110bee46871c102') in 0.049959 seconds 
========================================================================
Received Import Request.
  Time since last request: 0.000504 seconds.
  path: Assets/Prefabs/BloodDecalMeshes/Prefabs/blood_us.prefab
  artifactKey: Guid(67bfcd26ebe77f04ba3af8ad895c2d26) Importer(815301076,1909f56bfc062723c751e8b465ee728b)
Start importing Assets/Prefabs/BloodDecalMeshes/Prefabs/blood_us.prefab using Guid(67bfcd26ebe77f04ba3af8ad895c2d26) Importer(815301076,1909f56bfc062723c751e8b465ee728b)  -> (artifact id: 'e6776b65883ef814015a0c7eb5b6bc0a') in 0.041763 seconds 
========================================================================
Received Import Request.
  Time since last request: 0.000816 seconds.
  path: Assets/Prefabs/BloodDecalMeshes/Prefabs/blood_num_9.prefab
  artifactKey: Guid(da0d0c6393198aa4f904caa6d5a33c3c) Importer(815301076,1909f56bfc062723c751e8b465ee728b)
Start importing Assets/Prefabs/BloodDecalMeshes/Prefabs/blood_num_9.prefab using Guid(da0d0c6393198aa4f904caa6d5a33c3c) Importer(815301076,1909f56bfc062723c751e8b465ee728b)  -> (artifact id: '993c04983071a6f304d0f9d771ec0837') in 0.038146 seconds 
========================================================================
Received Import Request.
  Time since last request: 0.000329 seconds.
  path: Assets/SFLCK_2/!Prefabs/Walls_B/Ramps/B_Wall_Ramp_R_2x2.prefab
  artifactKey: Guid(17a1c389e2e067a47998631db01e1917) Importer(815301076,1909f56bfc062723c751e8b465ee728b)
Start importing Assets/SFLCK_2/!Prefabs/Walls_B/Ramps/B_Wall_Ramp_R_2x2.prefab using Guid(17a1c389e2e067a47998631db01e1917) Importer(815301076,1909f56bfc062723c751e8b465ee728b)  -> (artifact id: 'ec5384c33f23e55acd22c5894a20a1c9') in 0.034090 seconds 
========================================================================
Received Import Request.
  Time since last request: 0.000411 seconds.
  path: Assets/Prefabs/BloodDecalMeshes/Prefabs/BloodDecal_Set2.prefab
  artifactKey: Guid(ed98b7e5c8dcee942a4999234cbb9a7b) Importer(815301076,1909f56bfc062723c751e8b465ee728b)
Start importing Assets/Prefabs/BloodDecalMeshes/Prefabs/BloodDecal_Set2.prefab using Guid(ed98b7e5c8dcee942a4999234cbb9a7b) Importer(815301076,1909f56bfc062723c751e8b465ee728b)  -> (artifact id: '3ec761502783fda5ce8bf0fc10606c56') in 0.034037 seconds 
========================================================================
Received Import Request.
  Time since last request: 0.000324 seconds.
  path: Assets/Prefabs/BloodDecalMeshes/Prefabs/blood_fear2.prefab
  artifactKey: Guid(7677e56e8bbb1d24a8e11d6ced8964e0) Importer(815301076,1909f56bfc062723c751e8b465ee728b)
Start importing Assets/Prefabs/BloodDecalMeshes/Prefabs/blood_fear2.prefab using Guid(7677e56e8bbb1d24a8e11d6ced8964e0) Importer(815301076,1909f56bfc062723c751e8b465ee728b)  -> (artifact id: 'f8edf2f6fb2641337f70614945e8b1ac') in 0.037734 seconds 
========================================================================
Received Import Request.
  Time since last request: 0.000289 seconds.
  path: Assets/Concrete textures pack/pattern 19/Concrete pattern 19.mat
  artifactKey: Guid(03df648f2a2e48843962ec5471b9e969) Importer(815301076,1909f56bfc062723c751e8b465ee728b)
Start importing Assets/Concrete textures pack/pattern 19/Concrete pattern 19.mat using Guid(03df648f2a2e48843962ec5471b9e969) Importer(815301076,1909f56bfc062723c751e8b465ee728b)  -> (artifact id: 'aa0555e0d21be3f526f91995f2da9bb4') in 0.049860 seconds 
========================================================================
Received Import Request.
  Time since last request: 0.000290 seconds.
  path: Assets/Concrete textures pack/pattern 09/Concrete pattern 09.mat
  artifactKey: Guid(90caba3031f3bb6489b26535a49cd81d) Importer(815301076,1909f56bfc062723c751e8b465ee728b)
Start importing Assets/Concrete textures pack/pattern 09/Concrete pattern 09.mat using Guid(90caba3031f3bb6489b26535a49cd81d) Importer(815301076,1909f56bfc062723c751e8b465ee728b)  -> (artifact id: '54fdf0a61d05da80514f7013d9ba5da6') in 0.047828 seconds 
========================================================================
Received Import Request.
  Time since last request: 0.000288 seconds.
  path: Assets/UnityTechnologies/ParticlePack/EffectExamples/Misc Effects/Materials/CandleFlame.mat
  artifactKey: Guid(d960d897cdc819041a73dceb80befb85) Importer(815301076,1909f56bfc062723c751e8b465ee728b)
Start importing Assets/UnityTechnologies/ParticlePack/EffectExamples/Misc Effects/Materials/CandleFlame.mat using Guid(d960d897cdc819041a73dceb80befb85) Importer(815301076,1909f56bfc062723c751e8b465ee728b)  -> (artifact id: '07395d6cda911e578748c6f6328e2958') in 0.350178 seconds 
========================================================================
Received Import Request.
  Time since last request: 0.000271 seconds.
  path: Assets/_Biomass/Materials/Biomass4.mat
  artifactKey: Guid(22319d5c42535784f948cbe4d95a63ba) Importer(815301076,1909f56bfc062723c751e8b465ee728b)
Start importing Assets/_Biomass/Materials/Biomass4.mat using Guid(22319d5c42535784f948cbe4d95a63ba) Importer(815301076,1909f56bfc062723c751e8b465ee728b)  -> (artifact id: 'dff2109d2916482eee4fe61d7801abf9') in 0.037816 seconds 
========================================================================
Received Import Request.
  Time since last request: 0.000282 seconds.
  path: Assets/Prefabs/BloodDecalMeshes/Materials/BloodMaterial.mat
  artifactKey: Guid(83010838e9f6bf749ae96fe3980df162) Importer(815301076,1909f56bfc062723c751e8b465ee728b)
Start importing Assets/Prefabs/BloodDecalMeshes/Materials/BloodMaterial.mat using Guid(83010838e9f6bf749ae96fe3980df162) Importer(815301076,1909f56bfc062723c751e8b465ee728b)  -> (artifact id: '5c80dded9cfbfe69609ca46c42ea71a3') in 0.033726 seconds 
========================================================================
Received Import Request.
  Time since last request: 0.000372 seconds.
  path: Assets/Concrete textures pack/pattern 01/Concrete pattern 01.mat
  artifactKey: Guid(9447935ca27fed54c9c28112b77d5908) Importer(815301076,1909f56bfc062723c751e8b465ee728b)
Start importing Assets/Concrete textures pack/pattern 01/Concrete pattern 01.mat using Guid(9447935ca27fed54c9c28112b77d5908) Importer(815301076,1909f56bfc062723c751e8b465ee728b)  -> (artifact id: '4f62e2cca9fe73060cd3b0ba63d9903d') in 0.041847 seconds 
========================================================================
Received Import Request.
  Time since last request: 0.000307 seconds.
  path: Assets/Concrete textures pack/pattern 11/Concrete pattern 11.mat
  artifactKey: Guid(39d9ac5066e1af74cadba0ad038e742b) Importer(815301076,1909f56bfc062723c751e8b465ee728b)
Start importing Assets/Concrete textures pack/pattern 11/Concrete pattern 11.mat using Guid(39d9ac5066e1af74cadba0ad038e742b) Importer(815301076,1909f56bfc062723c751e8b465ee728b)  -> (artifact id: '292ae90dcb15e7ab244ac4508dfd3e66') in 0.042362 seconds 
========================================================================
Received Import Request.
  Time since last request: 0.000257 seconds.
  path: Assets/UnityTechnologies/ParticlePack/EffectExamples/Weapon Effects/Materials/BulletDecalSand.mat
  artifactKey: Guid(0a35d64bb8fd24f47b8bf3802f71313b) Importer(815301076,1909f56bfc062723c751e8b465ee728b)
Start importing Assets/UnityTechnologies/ParticlePack/EffectExamples/Weapon Effects/Materials/BulletDecalSand.mat using Guid(0a35d64bb8fd24f47b8bf3802f71313b) Importer(815301076,1909f56bfc062723c751e8b465ee728b)  -> (artifact id: '308f11316f4fadf8b991500aa31510a6') in 0.024459 seconds 
========================================================================
Received Import Request.
  Time since last request: 0.000284 seconds.
  path: Assets/UnityTechnologies/ParticlePack/EffectExamples/Smoke & Steam Effects/Materials/Dust.mat
  artifactKey: Guid(0227585ad08c3da4ab3286a2f78d42f5) Importer(815301076,1909f56bfc062723c751e8b465ee728b)
Start importing Assets/UnityTechnologies/ParticlePack/EffectExamples/Smoke & Steam Effects/Materials/Dust.mat using Guid(0227585ad08c3da4ab3286a2f78d42f5) Importer(815301076,1909f56bfc062723c751e8b465ee728b)  -> (artifact id: '13708ad7beae3370669094efe0819d8c') in 0.026878 seconds 
========================================================================
Received Import Request.
  Time since last request: 0.000275 seconds.
  path: Assets/SFLCK_2/Models_A/Materials/A_Wall_1.mat
  artifactKey: Guid(c54ac01159289b347878e81f3108a3ec) Importer(815301076,1909f56bfc062723c751e8b465ee728b)
Start importing Assets/SFLCK_2/Models_A/Materials/A_Wall_1.mat using Guid(c54ac01159289b347878e81f3108a3ec) Importer(815301076,1909f56bfc062723c751e8b465ee728b)  -> (artifact id: '8177e979c7c4514ea8dbd4bd1f7d973e') in 0.031701 seconds 
========================================================================
Received Import Request.
  Time since last request: 0.000288 seconds.
  path: Assets/UnityTechnologies/ParticlePack/EffectExamples/Weapon Effects/Materials/BulletDecalWood.mat
  artifactKey: Guid(39babc0a61c17df41bca722640cfc289) Importer(815301076,1909f56bfc062723c751e8b465ee728b)
Start importing Assets/UnityTechnologies/ParticlePack/EffectExamples/Weapon Effects/Materials/BulletDecalWood.mat using Guid(39babc0a61c17df41bca722640cfc289) Importer(815301076,1909f56bfc062723c751e8b465ee728b)  -> (artifact id: '8a64724970afdb2b2ee0aaa5a4474a75') in 0.025390 seconds 
========================================================================
Received Import Request.
  Time since last request: 0.000280 seconds.
  path: Assets/Concrete textures pack/pattern 06/Concrete pattern 06.mat
  artifactKey: Guid(8e53f458c50238748a0e25fbe049b465) Importer(815301076,1909f56bfc062723c751e8b465ee728b)
Start importing Assets/Concrete textures pack/pattern 06/Concrete pattern 06.mat using Guid(8e53f458c50238748a0e25fbe049b465) Importer(815301076,1909f56bfc062723c751e8b465ee728b)  -> (artifact id: 'f3a3194ec3e1d4ee171405ad3b3b9225') in 0.047958 seconds 
========================================================================
Received Import Request.
  Time since last request: 0.000314 seconds.
  path: Assets/Concrete textures pack/pattern 07/Concrete pattern 07.mat
  artifactKey: Guid(b1d36282b2c17c84fb2f618cba0439a2) Importer(815301076,1909f56bfc062723c751e8b465ee728b)
Start importing Assets/Concrete textures pack/pattern 07/Concrete pattern 07.mat using Guid(b1d36282b2c17c84fb2f618cba0439a2) Importer(815301076,1909f56bfc062723c751e8b465ee728b)  -> (artifact id: '287165d0aa37ba2dab03b5f42e55d556') in 0.057186 seconds 
========================================================================
Received Import Request.
  Time since last request: 0.000493 seconds.
  path: Assets/Concrete textures pack/pattern 10/Concrete pattern 10.mat
  artifactKey: Guid(3ff803e95ede8de42a2adbcd1dd530d6) Importer(815301076,1909f56bfc062723c751e8b465ee728b)
Start importing Assets/Concrete textures pack/pattern 10/Concrete pattern 10.mat using Guid(3ff803e95ede8de42a2adbcd1dd530d6) Importer(815301076,1909f56bfc062723c751e8b465ee728b)  -> (artifact id: '1f3581260d8a843119a150abd952305d') in 0.050357 seconds 
========================================================================
Received Import Request.
  Time since last request: 0.000334 seconds.
  path: Assets/SFLCK_2/Models_B/Materials/B_Wall_1.mat
  artifactKey: Guid(ba72399860e755c4987b53fbc0fc72b0) Importer(815301076,1909f56bfc062723c751e8b465ee728b)
Start importing Assets/SFLCK_2/Models_B/Materials/B_Wall_1.mat using Guid(ba72399860e755c4987b53fbc0fc72b0) Importer(815301076,1909f56bfc062723c751e8b465ee728b)  -> (artifact id: '83e4b11bc35c392ab013271689a7f58f') in 0.034333 seconds 
========================================================================
Received Import Request.
  Time since last request: 0.000263 seconds.
  path: Assets/_Biomass/Materials/Biomass2.mat
  artifactKey: Guid(f1f729451d1262749a20b3464fdca158) Importer(815301076,1909f56bfc062723c751e8b465ee728b)
Start importing Assets/_Biomass/Materials/Biomass2.mat using Guid(f1f729451d1262749a20b3464fdca158) Importer(815301076,1909f56bfc062723c751e8b465ee728b)  -> (artifact id: 'c61b688d8cefebd52f77c9fd985c4451') in 0.048922 seconds 
========================================================================
Received Import Request.
  Time since last request: 0.000313 seconds.
  path: Assets/Prefabs/BloodDecalMeshes/Materials/BloodMaterial3.mat
  artifactKey: Guid(5d10bd31d00703648b143ea90bbf596a) Importer(815301076,1909f56bfc062723c751e8b465ee728b)
Start importing Assets/Prefabs/BloodDecalMeshes/Materials/BloodMaterial3.mat using Guid(5d10bd31d00703648b143ea90bbf596a) Importer(815301076,1909f56bfc062723c751e8b465ee728b)  -> (artifact id: '76c10a34b0e9b8e1f248305479f7dec7') in 0.035908 seconds 
========================================================================
Received Import Request.
  Time since last request: 0.000277 seconds.
  path: Assets/_Biomass/Meshes/Biomass.FBX
  artifactKey: Guid(4894ac0a200c27f44be0fe5ce9759c51) Importer(815301076,1909f56bfc062723c751e8b465ee728b)
Start importing Assets/_Biomass/Meshes/Biomass.FBX using Guid(4894ac0a200c27f44be0fe5ce9759c51) Importer(815301076,1909f56bfc062723c751e8b465ee728b)  -> (artifact id: 'e4ee2ad3bc14e1d6b7f9e0e7ec9694b1') in 0.319902 seconds 
========================================================================
Received Import Request.
  Time since last request: 0.000290 seconds.
  path: Assets/_Biomass/Meshes/BiomassFlat.FBX
  artifactKey: Guid(8b0e6963c8911fc4aadfa0a58b9c7b8e) Importer(815301076,1909f56bfc062723c751e8b465ee728b)
Start importing Assets/_Biomass/Meshes/BiomassFlat.FBX using Guid(8b0e6963c8911fc4aadfa0a58b9c7b8e) Importer(815301076,1909f56bfc062723c751e8b465ee728b)  -> (artifact id: '00bd168d690fac70c031be2cf34d01db') in 0.146334 seconds 
========================================================================
Received Import Request.
  Time since last request: 0.000353 seconds.
  path: Assets/UnityTechnologies/ParticlePack/EffectExamples/Misc Effects/Materials/Dissolve.mat
  artifactKey: Guid(8385f0e712bb65b428cf18e6ab1c29c6) Importer(815301076,1909f56bfc062723c751e8b465ee728b)
Start importing Assets/UnityTechnologies/ParticlePack/EffectExamples/Misc Effects/Materials/Dissolve.mat using Guid(8385f0e712bb65b428cf18e6ab1c29c6) Importer(815301076,1909f56bfc062723c751e8b465ee728b)  -> (artifact id: 'aa93e104e269d4dc1b71c5a8445678b9') in 0.048706 seconds 
========================================================================
Received Import Request.
  Time since last request: 0.000452 seconds.
  path: Assets/UnityTechnologies/ParticlePack/EffectExamples/Weapon Effects/Materials/DustPuffParticle.mat
  artifactKey: Guid(1402721190994cd46b64bf7cba78f5d8) Importer(815301076,1909f56bfc062723c751e8b465ee728b)
Start importing Assets/UnityTechnologies/ParticlePack/EffectExamples/Weapon Effects/Materials/DustPuffParticle.mat using Guid(1402721190994cd46b64bf7cba78f5d8) Importer(815301076,1909f56bfc062723c751e8b465ee728b)  -> (artifact id: '62e5ec2c47076baf1774799b0b916135') in 0.042170 seconds 
========================================================================
Received Import Request.
  Time since last request: 0.000415 seconds.
  path: Assets/Prefabs/BloodDecalMeshes/BloodGushFX/Materials/BloodParticleB.mat
  artifactKey: Guid(372655694a62c8f4cba7e4a00bda0cc8) Importer(815301076,1909f56bfc062723c751e8b465ee728b)
Start importing Assets/Prefabs/BloodDecalMeshes/BloodGushFX/Materials/BloodParticleB.mat using Guid(372655694a62c8f4cba7e4a00bda0cc8) Importer(815301076,1909f56bfc062723c751e8b465ee728b)  -> (artifact id: '37d0984be6d927fbdf07b543269df3ea') in 0.034924 seconds 
========================================================================
Received Import Request.
  Time since last request: 0.000412 seconds.
  path: Assets/Concrete textures pack/pattern 16/Concrete pattern 16.mat
  artifactKey: Guid(edb56784830ff6e48bc903e1da5bc5ff) Importer(815301076,1909f56bfc062723c751e8b465ee728b)
Start importing Assets/Concrete textures pack/pattern 16/Concrete pattern 16.mat using Guid(edb56784830ff6e48bc903e1da5bc5ff) Importer(815301076,1909f56bfc062723c751e8b465ee728b)  -> (artifact id: 'de471be18e099b62073152dbd47c66b2') in 0.050035 seconds 
========================================================================
Received Import Request.
  Time since last request: 0.000222 seconds.
  path: Assets/UnityTechnologies/ParticlePack/EffectExamples/Weapon Effects/Materials/BulletDecalMetal.mat
  artifactKey: Guid(094e76e620df5714eb3946120657e1f6) Importer(815301076,1909f56bfc062723c751e8b465ee728b)
Start importing Assets/UnityTechnologies/ParticlePack/EffectExamples/Weapon Effects/Materials/BulletDecalMetal.mat using Guid(094e76e620df5714eb3946120657e1f6) Importer(815301076,1909f56bfc062723c751e8b465ee728b)  -> (artifact id: 'a44740dd270f35ea4ac9ce29030eb3d2') in 0.027283 seconds 
========================================================================
Received Import Request.
  Time since last request: 0.000353 seconds.
  path: Assets/SFLCK_2/Models_B/Materials_Damaged/B_Wall_1_DAM.mat
  artifactKey: Guid(d91be89d3e489a545895b823b1ae084e) Importer(815301076,1909f56bfc062723c751e8b465ee728b)
Start importing Assets/SFLCK_2/Models_B/Materials_Damaged/B_Wall_1_DAM.mat using Guid(d91be89d3e489a545895b823b1ae084e) Importer(815301076,1909f56bfc062723c751e8b465ee728b)  -> (artifact id: 'dd6ca895c08d7d60609c81fd8b3b4e12') in 0.030727 seconds 
========================================================================
Received Import Request.
  Time since last request: 0.000293 seconds.
  path: Assets/SFLCK_2/Models_A/Materials/A_Wall_2.mat
  artifactKey: Guid(ba12abe527fbfb64d816b992430732c4) Importer(815301076,1909f56bfc062723c751e8b465ee728b)
Start importing Assets/SFLCK_2/Models_A/Materials/A_Wall_2.mat using Guid(ba12abe527fbfb64d816b992430732c4) Importer(815301076,1909f56bfc062723c751e8b465ee728b)  -> (artifact id: '961ce707b51e4412e34807344eb25416') in 0.035759 seconds 
========================================================================
Received Import Request.
  Time since last request: 0.000348 seconds.
  path: Assets/Concrete textures pack/pattern 20/Concrete pattern 20.mat
  artifactKey: Guid(d9118644cf18d114abae307878884709) Importer(815301076,1909f56bfc062723c751e8b465ee728b)
Start importing Assets/Concrete textures pack/pattern 20/Concrete pattern 20.mat using Guid(d9118644cf18d114abae307878884709) Importer(815301076,1909f56bfc062723c751e8b465ee728b)  -> (artifact id: 'a52127a908054c3761a73f98692754d2') in 0.041097 seconds 
========================================================================
Received Import Request.
  Time since last request: 0.000291 seconds.
  path: Assets/Concrete textures pack/pattern 13/Concrete pattern 13.mat
  artifactKey: Guid(0fc0bf58c56418e44b94d145ca6f5db1) Importer(815301076,1909f56bfc062723c751e8b465ee728b)
Start importing Assets/Concrete textures pack/pattern 13/Concrete pattern 13.mat using Guid(0fc0bf58c56418e44b94d145ca6f5db1) Importer(815301076,1909f56bfc062723c751e8b465ee728b)  -> (artifact id: '7a6b7cfc5559907b2138d2de6f040679') in 0.040959 seconds 
========================================================================
Received Import Request.
  Time since last request: 0.000297 seconds.
  path: Assets/SFLCK_2/Models_A/Materials_Damaged/A_Wall_1_DAM.mat
  artifactKey: Guid(6d023366b1d4d4f4b8a21f6442a73432) Importer(815301076,1909f56bfc062723c751e8b465ee728b)
Start importing Assets/SFLCK_2/Models_A/Materials_Damaged/A_Wall_1_DAM.mat using Guid(6d023366b1d4d4f4b8a21f6442a73432) Importer(815301076,1909f56bfc062723c751e8b465ee728b)  -> (artifact id: 'ba5f07ea4e3ac1b82bc2ee12a6e96ad7') in 0.052902 seconds 
========================================================================
Received Import Request.
  Time since last request: 0.000371 seconds.
  path: Assets/Materials/BakeTo.mat
  artifactKey: Guid(52b65b4e2ed426647818d7080743bd1d) Importer(815301076,1909f56bfc062723c751e8b465ee728b)
Start importing Assets/Materials/BakeTo.mat using Guid(52b65b4e2ed426647818d7080743bd1d) Importer(815301076,1909f56bfc062723c751e8b465ee728b)  -> (artifact id: 'a75edde685e7dd7a073a695d9a30076b') in 0.044326 seconds 
========================================================================
Received Import Request.
  Time since last request: 0.000473 seconds.
  path: Assets/UnityTechnologies/ParticlePack/EffectExamples/Misc Effects/Materials/DustMote.mat
  artifactKey: Guid(e27a3e2f84809914fa5bf3a7ac14ce9f) Importer(815301076,1909f56bfc062723c751e8b465ee728b)
Start importing Assets/UnityTechnologies/ParticlePack/EffectExamples/Misc Effects/Materials/DustMote.mat using Guid(e27a3e2f84809914fa5bf3a7ac14ce9f) Importer(815301076,1909f56bfc062723c751e8b465ee728b)  -> (artifact id: 'dc385d937c43cb8b3bfa8fba754d696d') in 0.032884 seconds 
========================================================================
Received Import Request.
  Time since last request: 0.000361 seconds.
  path: Assets/Concrete textures pack/pattern 05/Concrete pattern 05.mat
  artifactKey: Guid(04652004be933ba41b4ac32ddd7f5eeb) Importer(815301076,1909f56bfc062723c751e8b465ee728b)
Start importing Assets/Concrete textures pack/pattern 05/Concrete pattern 05.mat using Guid(04652004be933ba41b4ac32ddd7f5eeb) Importer(815301076,1909f56bfc062723c751e8b465ee728b)  -> (artifact id: 'f2c1f4d734cd7902d25ef70aa53e4976') in 0.044398 seconds 
========================================================================
Received Import Request.
  Time since last request: 0.000292 seconds.
  path: Assets/_Biomass/Materials/Biomass1.mat
  artifactKey: Guid(220fc71d87e62e04aa8a7ca6c6939f38) Importer(815301076,1909f56bfc062723c751e8b465ee728b)
Start importing Assets/_Biomass/Materials/Biomass1.mat using Guid(220fc71d87e62e04aa8a7ca6c6939f38) Importer(815301076,1909f56bfc062723c751e8b465ee728b)  -> (artifact id: '8eccf13eeb312dbb2682ec581f3a68d4') in 0.054674 seconds 
========================================================================
Received Import Request.
  Time since last request: 0.000341 seconds.
  path: Assets/_Biomass/Meshes/BiomassCG.FBX
  artifactKey: Guid(a7270328b6a448f4e9fdb43c0976090b) Importer(815301076,1909f56bfc062723c751e8b465ee728b)
Start importing Assets/_Biomass/Meshes/BiomassCG.FBX using Guid(a7270328b6a448f4e9fdb43c0976090b) Importer(815301076,1909f56bfc062723c751e8b465ee728b)  -> (artifact id: '0bcf6edb7e55796a874702b475cfeaac') in 0.925981 seconds 
========================================================================
Received Import Request.
  Time since last request: 0.000349 seconds.
  path: Assets/Concrete textures pack/pattern 18/Concrete pattern 18.mat
  artifactKey: Guid(35b3905e878c7c14a804d8e50b2f37d5) Importer(815301076,1909f56bfc062723c751e8b465ee728b)
Start importing Assets/Concrete textures pack/pattern 18/Concrete pattern 18.mat using Guid(35b3905e878c7c14a804d8e50b2f37d5) Importer(815301076,1909f56bfc062723c751e8b465ee728b)  -> (artifact id: '6d911f189bfbc151af237a577f307eaf') in 0.045613 seconds 
========================================================================
Received Import Request.
  Time since last request: 0.000445 seconds.
  path: Assets/Concrete textures pack/pattern 17/Concrete pattern 17.mat
  artifactKey: Guid(573165ec89c0f4a488f962940dc8d6d9) Importer(815301076,1909f56bfc062723c751e8b465ee728b)
Start importing Assets/Concrete textures pack/pattern 17/Concrete pattern 17.mat using Guid(573165ec89c0f4a488f962940dc8d6d9) Importer(815301076,1909f56bfc062723c751e8b465ee728b)  -> (artifact id: '8bba99cf83b1d973d9e54fbdf3b1a82b') in 0.046458 seconds 
========================================================================
Received Import Request.
  Time since last request: 0.000321 seconds.
  path: Assets/Prefabs/BloodDecalMeshes/BloodGushFX/Materials/BloodParticleA.mat
  artifactKey: Guid(94a55713ee628a245a74794f36a1b6f7) Importer(815301076,1909f56bfc062723c751e8b465ee728b)
Start importing Assets/Prefabs/BloodDecalMeshes/BloodGushFX/Materials/BloodParticleA.mat using Guid(94a55713ee628a245a74794f36a1b6f7) Importer(815301076,1909f56bfc062723c751e8b465ee728b)  -> (artifact id: '8a111625498829e88e87b50732ec8530') in 0.024481 seconds 
========================================================================
Received Import Request.
  Time since last request: 0.000319 seconds.
  path: Assets/Concrete textures pack/pattern 03/Concrete pattern 03.mat
  artifactKey: Guid(52c9083b299dfa3479caa56bb9f0a98c) Importer(815301076,1909f56bfc062723c751e8b465ee728b)
Start importing Assets/Concrete textures pack/pattern 03/Concrete pattern 03.mat using Guid(52c9083b299dfa3479caa56bb9f0a98c) Importer(815301076,1909f56bfc062723c751e8b465ee728b)  -> (artifact id: '7387e394c0946e083e729f960abfe8bf') in 0.045611 seconds 
========================================================================
Received Import Request.
  Time since last request: 0.000344 seconds.
  path: Assets/SFLCK_2/Models_C/Materials_Damaged/C_Wall_1_DAM.mat
  artifactKey: Guid(d7dfb558ea09b014f90efebefca57bff) Importer(815301076,1909f56bfc062723c751e8b465ee728b)
Start importing Assets/SFLCK_2/Models_C/Materials_Damaged/C_Wall_1_DAM.mat using Guid(d7dfb558ea09b014f90efebefca57bff) Importer(815301076,1909f56bfc062723c751e8b465ee728b)  -> (artifact id: 'f8f452908e0a65038dffa44f6fba0c5a') in 0.048403 seconds 
========================================================================
Received Import Request.
  Time since last request: 0.000263 seconds.
  path: Assets/_Biomass/Materials/Biomass5.mat
  artifactKey: Guid(ea09a87bee61a6b4a985874c2c5626e7) Importer(815301076,1909f56bfc062723c751e8b465ee728b)
Start importing Assets/_Biomass/Materials/Biomass5.mat using Guid(ea09a87bee61a6b4a985874c2c5626e7) Importer(815301076,1909f56bfc062723c751e8b465ee728b)  -> (artifact id: '802ad076be9a436c5222c3f4e4939b89') in 0.043337 seconds 
========================================================================
Received Import Request.
  Time since last request: 0.000338 seconds.
  path: Assets/SFLCK_2/Doors/Materials/Door_Glass.mat
  artifactKey: Guid(996c71ab227794d409615fb8407d1074) Importer(815301076,1909f56bfc062723c751e8b465ee728b)
Start importing Assets/SFLCK_2/Doors/Materials/Door_Glass.mat using Guid(996c71ab227794d409615fb8407d1074) Importer(815301076,1909f56bfc062723c751e8b465ee728b)  -> (artifact id: '8106fe12780df6ba98f4f5876e18540f') in 0.029712 seconds 
========================================================================
Received Import Request.
  Time since last request: 0.000301 seconds.
  path: Assets/Concrete textures pack/pattern 04/Concrete pattern 04.mat
  artifactKey: Guid(46be5f15e363aac4381cc9eb6efc673f) Importer(815301076,1909f56bfc062723c751e8b465ee728b)
Start importing Assets/Concrete textures pack/pattern 04/Concrete pattern 04.mat using Guid(46be5f15e363aac4381cc9eb6efc673f) Importer(815301076,1909f56bfc062723c751e8b465ee728b)  -> (artifact id: '4df870fa9197a13934b621fbaf0b7a03') in 0.042377 seconds 
========================================================================
Received Import Request.
  Time since last request: 0.000254 seconds.
  path: Assets/Concrete textures pack/pattern 02/Concrete pattern 02.mat
  artifactKey: Guid(74c690b29deaf184eb0f56c386f5ef8f) Importer(815301076,1909f56bfc062723c751e8b465ee728b)
Start importing Assets/Concrete textures pack/pattern 02/Concrete pattern 02.mat using Guid(74c690b29deaf184eb0f56c386f5ef8f) Importer(815301076,1909f56bfc062723c751e8b465ee728b)  -> (artifact id: '5d4beacebe7029c194d3a501e29a8354') in 0.042212 seconds 
========================================================================
Received Import Request.
  Time since last request: 0.000294 seconds.
  path: Assets/Prefabs/BloodDecalMeshes/Prefabs/BloodDecal10.prefab
  artifactKey: Guid(0e252603bd9078c4c989100b81c5efc8) Importer(815301076,1909f56bfc062723c751e8b465ee728b)
Start importing Assets/Prefabs/BloodDecalMeshes/Prefabs/BloodDecal10.prefab using Guid(0e252603bd9078c4c989100b81c5efc8) Importer(815301076,1909f56bfc062723c751e8b465ee728b)  -> (artifact id: 'f217f839b2e5558d88cc968d5071e8c1') in 0.034051 seconds 
========================================================================
Received Import Request.
  Time since last request: 0.000247 seconds.
  path: Assets/Prefabs/BloodDecalMeshes/Prefabs/BloodDecal_WritingC.prefab
  artifactKey: Guid(ca3650fe973b91242a236d4a98aac1f1) Importer(815301076,1909f56bfc062723c751e8b465ee728b)
Start importing Assets/Prefabs/BloodDecalMeshes/Prefabs/BloodDecal_WritingC.prefab using Guid(ca3650fe973b91242a236d4a98aac1f1) Importer(815301076,1909f56bfc062723c751e8b465ee728b)  -> (artifact id: '35e4db319a2b843bb9d09f83dddddb39') in 0.033286 seconds 
========================================================================
Received Import Request.
  Time since last request: 0.000224 seconds.
  path: Assets/SFLCK_2/!Prefabs/Walls_A/Walls/A_Wall_Window_2x4.prefab
  artifactKey: Guid(66ec245fdc692fd4b8ad6515ff918567) Importer(815301076,1909f56bfc062723c751e8b465ee728b)
Start importing Assets/SFLCK_2/!Prefabs/Walls_A/Walls/A_Wall_Window_2x4.prefab using Guid(66ec245fdc692fd4b8ad6515ff918567) Importer(815301076,1909f56bfc062723c751e8b465ee728b)  -> (artifact id: '0981e372cc6790b703a5c377df9d1055') in 0.039378 seconds 
========================================================================
Received Import Request.
  Time since last request: 0.000289 seconds.
  path: Assets/Prefabs/BloodDecalMeshes/Prefabs/BloodDecal21.prefab
  artifactKey: Guid(8a10b11bdb3b05a43b71c73ce1513fc8) Importer(815301076,1909f56bfc062723c751e8b465ee728b)
Start importing Assets/Prefabs/BloodDecalMeshes/Prefabs/BloodDecal21.prefab using Guid(8a10b11bdb3b05a43b71c73ce1513fc8) Importer(815301076,1909f56bfc062723c751e8b465ee728b)  -> (artifact id: '4522bc42fbfced60c84b04c171e9f43c') in 0.038664 seconds 
========================================================================
Received Import Request.
  Time since last request: 0.000300 seconds.
  path: Assets/SFLCK_2/!Prefabs/Furniture/Chairs/Chair_4.prefab
  artifactKey: Guid(e7c659942412ed54ba0c8368e28099be) Importer(815301076,1909f56bfc062723c751e8b465ee728b)
Start importing Assets/SFLCK_2/!Prefabs/Furniture/Chairs/Chair_4.prefab using Guid(e7c659942412ed54ba0c8368e28099be) Importer(815301076,1909f56bfc062723c751e8b465ee728b)  -> (artifact id: '87df9fb27a517c74d8e2d6795eb7f7f5') in 0.044229 seconds 
========================================================================
Received Import Request.
  Time since last request: 0.000262 seconds.
  path: Assets/UnityTechnologies/ParticlePack/EffectExamples/Fire & Explosion Effects/Prefabs/BigExplosion.prefab
  artifactKey: Guid(e1b08032bec16ba4eb1ae23cbd572664) Importer(815301076,1909f56bfc062723c751e8b465ee728b)
Start importing Assets/UnityTechnologies/ParticlePack/EffectExamples/Fire & Explosion Effects/Prefabs/BigExplosion.prefab using Guid(e1b08032bec16ba4eb1ae23cbd572664) Importer(815301076,1909f56bfc062723c751e8b465ee728b)  -> (artifact id: '796bc243e84de7f090222d4971f4b49d') in 0.040766 seconds 
========================================================================
Received Import Request.
  Time since last request: 0.000281 seconds.
  path: Assets/Concrete textures pack/pattern 14/Concrete pattern 14.mat
  artifactKey: Guid(acbeb59509e47e942937ab47a0abc310) Importer(815301076,1909f56bfc062723c751e8b465ee728b)
Start importing Assets/Concrete textures pack/pattern 14/Concrete pattern 14.mat using Guid(acbeb59509e47e942937ab47a0abc310) Importer(815301076,1909f56bfc062723c751e8b465ee728b)  -> (artifact id: '3f3deb98062f6e92db24640b70ca0d6a') in 0.040281 seconds 
========================================================================
Received Import Request.
  Time since last request: 0.000307 seconds.
  path: Assets/_Biomass/Prefabs/BiomassCBB_2.prefab
  artifactKey: Guid(8be378bd456479146b6def7960156d0b) Importer(815301076,1909f56bfc062723c751e8b465ee728b)
Start importing Assets/_Biomass/Prefabs/BiomassCBB_2.prefab using Guid(8be378bd456479146b6def7960156d0b) Importer(815301076,1909f56bfc062723c751e8b465ee728b)  -> (artifact id: 'b074827ce84930f6d8ba1f1ab67237e2') in 0.051810 seconds 
========================================================================
Received Import Request.
  Time since last request: 0.000343 seconds.
  path: Assets/SFLCK_2/!Prefabs/Containers/Box_2.prefab
  artifactKey: Guid(fcfcbb9a82a79bf4aad2860d87cc294a) Importer(815301076,1909f56bfc062723c751e8b465ee728b)
Start importing Assets/SFLCK_2/!Prefabs/Containers/Box_2.prefab using Guid(fcfcbb9a82a79bf4aad2860d87cc294a) Importer(815301076,1909f56bfc062723c751e8b465ee728b)  -> (artifact id: '3e5a183bf92e994b3107d30a80c843a1') in 0.032769 seconds 
========================================================================
Received Import Request.
  Time since last request: 0.000405 seconds.
  path: Assets/SFLCK_2/!Prefabs/Walls_B/Corners/B_Corner_Out_4x4.prefab
  artifactKey: Guid(a1f9fd52ba5310642ab6675ab234084b) Importer(815301076,1909f56bfc062723c751e8b465ee728b)
Start importing Assets/SFLCK_2/!Prefabs/Walls_B/Corners/B_Corner_Out_4x4.prefab using Guid(a1f9fd52ba5310642ab6675ab234084b) Importer(815301076,1909f56bfc062723c751e8b465ee728b)  -> (artifact id: '9bf8b7fdc07df33886aba9f695d0ed14') in 0.032513 seconds 
========================================================================
Received Import Request.
  Time since last request: 0.000249 seconds.
  path: Assets/Prefabs/BloodDecalMeshes/Prefabs/BloodDecal_StreakA.prefab
  artifactKey: Guid(4a4635db71c5c3b40a9ac493b1cd21b6) Importer(815301076,1909f56bfc062723c751e8b465ee728b)
Start importing Assets/Prefabs/BloodDecalMeshes/Prefabs/BloodDecal_StreakA.prefab using Guid(4a4635db71c5c3b40a9ac493b1cd21b6) Importer(815301076,1909f56bfc062723c751e8b465ee728b)  -> (artifact id: '8ef05ea25e21e20b6fe60786276b3b86') in 0.033371 seconds 
========================================================================
Received Import Request.
  Time since last request: 0.000255 seconds.
  path: Assets/SFLCK_2/!Prefabs/Walls_B/Floors/B_Floor_1_2x2.prefab
  artifactKey: Guid(200909545b1d0ec40b5af41e01ca2726) Importer(815301076,1909f56bfc062723c751e8b465ee728b)
Start importing Assets/SFLCK_2/!Prefabs/Walls_B/Floors/B_Floor_1_2x2.prefab using Guid(200909545b1d0ec40b5af41e01ca2726) Importer(815301076,1909f56bfc062723c751e8b465ee728b)  -> (artifact id: '89542b4e59fadbb53bf881cb0dd42677') in 0.033033 seconds 
========================================================================
Received Import Request.
  Time since last request: 0.000301 seconds.
  path: Packages/com.unity.searcher/Editor/Resources/FlatSkin/Font/Roboto-Black.ttf
  artifactKey: Guid(1062c701058745940ae5dca6219c64c8) Importer(815301076,1909f56bfc062723c751e8b465ee728b)
Start importing Packages/com.unity.searcher/Editor/Resources/FlatSkin/Font/Roboto-Black.ttf using Guid(1062c701058745940ae5dca6219c64c8) Importer(815301076,1909f56bfc062723c751e8b465ee728b)  -> (artifact id: 'eb26cd20cfe8ba27a65eb0ccba3affd8') in 0.029463 seconds 
========================================================================
Received Import Request.
  Time since last request: 0.000320 seconds.
  path: Assets/UnityTechnologies/ParticlePack/EffectExamples/Fire & Explosion Effects/Materials/EnergyShockwave.mat
  artifactKey: Guid(65586f2fde3974c4e9469dfe6cf89338) Importer(815301076,1909f56bfc062723c751e8b465ee728b)
Start importing Assets/UnityTechnologies/ParticlePack/EffectExamples/Fire & Explosion Effects/Materials/EnergyShockwave.mat using Guid(65586f2fde3974c4e9469dfe6cf89338) Importer(815301076,1909f56bfc062723c751e8b465ee728b)  -> (artifact id: '2aaa4611287058b322616b8614b669c5') in 0.025255 seconds 
========================================================================
Received Import Request.
  Time since last request: 0.000292 seconds.
  path: Assets/SFLCK_2/!Prefabs/Lights/Light_Circle_Big_Frame.prefab
  artifactKey: Guid(5182f90cdb2fee64d802119f6d4cdc60) Importer(815301076,1909f56bfc062723c751e8b465ee728b)
Start importing Assets/SFLCK_2/!Prefabs/Lights/Light_Circle_Big_Frame.prefab using Guid(5182f90cdb2fee64d802119f6d4cdc60) Importer(815301076,1909f56bfc062723c751e8b465ee728b)  -> (artifact id: '0d49f9be66978ffceb5babb8518b7960') in 0.050049 seconds 
========================================================================
Received Import Request.
  Time since last request: 0.000293 seconds.
  path: Assets/Materials/Standard/Prototype_512x512_Orange.mat
  artifactKey: Guid(652107f36a28e44479c0b827dee5852a) Importer(815301076,1909f56bfc062723c751e8b465ee728b)
Start importing Assets/Materials/Standard/Prototype_512x512_Orange.mat using Guid(652107f36a28e44479c0b827dee5852a) Importer(815301076,1909f56bfc062723c751e8b465ee728b)  -> (artifact id: '4ce4d0f4549fad93d808bf9a3b976a5c') in 0.033296 seconds 
========================================================================
Received Import Request.
  Time since last request: 0.000322 seconds.
  path: Assets/SFLCK_2/Lights/Materials/Light.mat
  artifactKey: Guid(4d50b57e45bce064b8c77ce7114daa44) Importer(815301076,1909f56bfc062723c751e8b465ee728b)
Start importing Assets/SFLCK_2/Lights/Materials/Light.mat using Guid(4d50b57e45bce064b8c77ce7114daa44) Importer(815301076,1909f56bfc062723c751e8b465ee728b)  -> (artifact id: '247875cf23189ae3e0c7b4e378e680b3') in 0.055573 seconds 
========================================================================
Received Import Request.
  Time since last request: 0.000297 seconds.
  path: Packages/com.unity.searcher/Editor/Resources/FlatSkin/Font/Roboto-Regular.ttf
  artifactKey: Guid(30dc370b164eefc43b95744fc796dad0) Importer(815301076,1909f56bfc062723c751e8b465ee728b)
Start importing Packages/com.unity.searcher/Editor/Resources/FlatSkin/Font/Roboto-Regular.ttf using Guid(30dc370b164eefc43b95744fc796dad0) Importer(815301076,1909f56bfc062723c751e8b465ee728b)  -> (artifact id: '8fa5b4f089bf70adfb215145918b971c') in 0.030579 seconds 
========================================================================
Received Import Request.
  Time since last request: 0.000357 seconds.
  path: Assets/Prefabs/BloodDecalMeshes/Prefabs/blood_math_divide.prefab
  artifactKey: Guid(c60f766cb96d58e4ba46e3507a1547ed) Importer(815301076,1909f56bfc062723c751e8b465ee728b)
Start importing Assets/Prefabs/BloodDecalMeshes/Prefabs/blood_math_divide.prefab using Guid(c60f766cb96d58e4ba46e3507a1547ed) Importer(815301076,1909f56bfc062723c751e8b465ee728b)  -> (artifact id: '79729e7b8b92f6b468ecddffe3d2494d') in 0.044375 seconds 
========================================================================
Received Import Request.
  Time since last request: 0.000316 seconds.
  path: Assets/UnityTechnologies/ParticlePack/EffectExamples/Fire & Explosion Effects/Prefabs/TinyExplosion.prefab
  artifactKey: Guid(25c7aa9ad705fe143a4d71c1c8deb7d4) Importer(815301076,1909f56bfc062723c751e8b465ee728b)
Start importing Assets/UnityTechnologies/ParticlePack/EffectExamples/Fire & Explosion Effects/Prefabs/TinyExplosion.prefab using Guid(25c7aa9ad705fe143a4d71c1c8deb7d4) Importer(815301076,1909f56bfc062723c751e8b465ee728b)  -> (artifact id: '4f9681a0c85cd6b40fb98803a77848d7') in 0.035450 seconds 
========================================================================
Received Import Request.
  Time since last request: 0.000239 seconds.
  path: Assets/Prefabs/BloodDecalMeshes/Prefabs/blood_letter_G.prefab
  artifactKey: Guid(34b0bbfc6e42b584d9533cb3ca5fdd45) Importer(815301076,1909f56bfc062723c751e8b465ee728b)
Start importing Assets/Prefabs/BloodDecalMeshes/Prefabs/blood_letter_G.prefab using Guid(34b0bbfc6e42b584d9533cb3ca5fdd45) Importer(815301076,1909f56bfc062723c751e8b465ee728b)  -> (artifact id: '2e1580a4f5c1c34ee0a78a2aad93e725') in 0.037035 seconds 
========================================================================
Received Import Request.
  Time since last request: 0.000314 seconds.
  path: Assets/SFLCK_2/!Prefabs/Walls_A/Ramps/A_Stair_4x6.prefab
  artifactKey: Guid(961bfcd05bc5b6241978c94ef7f4eb63) Importer(815301076,1909f56bfc062723c751e8b465ee728b)
Start importing Assets/SFLCK_2/!Prefabs/Walls_A/Ramps/A_Stair_4x6.prefab using Guid(961bfcd05bc5b6241978c94ef7f4eb63) Importer(815301076,1909f56bfc062723c751e8b465ee728b)  -> (artifact id: 'd460b6e0549ae864e3710186d19a194f') in 0.033952 seconds 
========================================================================
Received Import Request.
  Time since last request: 0.000269 seconds.
  path: Assets/SFLCK_2/!Prefabs/Containers/Pack.prefab
  artifactKey: Guid(391b4b5c50fd4124c94e265bf5742c05) Importer(815301076,1909f56bfc062723c751e8b465ee728b)
Start importing Assets/SFLCK_2/!Prefabs/Containers/Pack.prefab using Guid(391b4b5c50fd4124c94e265bf5742c05) Importer(815301076,1909f56bfc062723c751e8b465ee728b)  -> (artifact id: '4ae53d3c6b4181ffc31b24337d5298b6') in 0.030824 seconds 
========================================================================
Received Import Request.
  Time since last request: 0.000360 seconds.
  path: Assets/SFLCK_2/!Prefabs/Interior/Ceilings/Ceiling_Wiring_Side.prefab
  artifactKey: Guid(5af07e5dec3d91e4d93f49ffa6d82a8d) Importer(815301076,1909f56bfc062723c751e8b465ee728b)
Start importing Assets/SFLCK_2/!Prefabs/Interior/Ceilings/Ceiling_Wiring_Side.prefab using Guid(5af07e5dec3d91e4d93f49ffa6d82a8d) Importer(815301076,1909f56bfc062723c751e8b465ee728b)  -> (artifact id: 'c9d468458d8ecf1ac37fbaacd13a16ad') in 0.029036 seconds 
========================================================================
Received Import Request.
  Time since last request: 0.000250 seconds.
  path: Assets/Materials/Standard/Prototype_512x512_Blue1.mat
  artifactKey: Guid(663834164c6a04740aaa1b778249ce7e) Importer(815301076,1909f56bfc062723c751e8b465ee728b)
Start importing Assets/Materials/Standard/Prototype_512x512_Blue1.mat using Guid(663834164c6a04740aaa1b778249ce7e) Importer(815301076,1909f56bfc062723c751e8b465ee728b)  -> (artifact id: '0c859f9f2d98825879fdb26bde7e15ed') in 0.025148 seconds 
========================================================================
Received Import Request.
  Time since last request: 0.000401 seconds.
  path: Assets/SFLCK_2/!Prefabs/Walls_B/Ramps/B_Wall_Ramp_L_2x6.prefab
  artifactKey: Guid(e0b9927c0501cd143adb99071ddfeac8) Importer(815301076,1909f56bfc062723c751e8b465ee728b)
Start importing Assets/SFLCK_2/!Prefabs/Walls_B/Ramps/B_Wall_Ramp_L_2x6.prefab using Guid(e0b9927c0501cd143adb99071ddfeac8) Importer(815301076,1909f56bfc062723c751e8b465ee728b)  -> (artifact id: 'fa481627b7fb3ee9d9385f22e9a0caa0') in 0.034821 seconds 
========================================================================
Received Import Request.
  Time since last request: 0.000307 seconds.
  path: Assets/UnityTechnologies/ParticlePack/EffectExamples/Smoke & Steam Effects/Materials/SandParticle.mat
  artifactKey: Guid(e689f2433ec031e41ae61c69dfb6db02) Importer(815301076,1909f56bfc062723c751e8b465ee728b)
Start importing Assets/UnityTechnologies/ParticlePack/EffectExamples/Smoke & Steam Effects/Materials/SandParticle.mat using Guid(e689f2433ec031e41ae61c69dfb6db02) Importer(815301076,1909f56bfc062723c751e8b465ee728b)  -> (artifact id: '49747afa7fd84f4c2693ec2169627581') in 0.024694 seconds 
========================================================================
Received Import Request.
  Time since last request: 0.000267 seconds.
  path: Assets/Prefabs/BloodDecalMeshes/Prefabs/blood_num_11.prefab
  artifactKey: Guid(e09b5bf68d7b3194f9244bf80f3c6e28) Importer(815301076,1909f56bfc062723c751e8b465ee728b)
Start importing Assets/Prefabs/BloodDecalMeshes/Prefabs/blood_num_11.prefab using Guid(e09b5bf68d7b3194f9244bf80f3c6e28) Importer(815301076,1909f56bfc062723c751e8b465ee728b)  -> (artifact id: '1129408a9094a2cfe49ad77af40b7f20') in 0.039148 seconds 
========================================================================
Received Import Request.
  Time since last request: 0.000309 seconds.
  path: Assets/SFLCK_2/!Prefabs/Rails/Rails_Long.prefab
  artifactKey: Guid(fecc21b7180f2d54e996d84936bbd075) Importer(815301076,1909f56bfc062723c751e8b465ee728b)
Start importing Assets/SFLCK_2/!Prefabs/Rails/Rails_Long.prefab using Guid(fecc21b7180f2d54e996d84936bbd075) Importer(815301076,1909f56bfc062723c751e8b465ee728b)  -> (artifact id: '41cb73a8a60cc3f3a9221173ae8bc53a') in 0.029383 seconds 
========================================================================
Received Import Request.
  Time since last request: 0.000336 seconds.
  path: Assets/SFLCK_2/Furniture_2/Furnirure_2_Chair_2.FBX
  artifactKey: Guid(f8c0983c0819bfa43b35afa51ac2b784) Importer(815301076,1909f56bfc062723c751e8b465ee728b)
Start importing Assets/SFLCK_2/Furniture_2/Furnirure_2_Chair_2.FBX using Guid(f8c0983c0819bfa43b35afa51ac2b784) Importer(815301076,1909f56bfc062723c751e8b465ee728b)  -> (artifact id: 'b5c72894aeb51621d0b2b4b9e8688f6f') in 0.029292 seconds 
========================================================================
Received Import Request.
  Time since last request: 0.000356 seconds.
  path: Assets/_Biomass/Prefabs/Biomass_16.prefab
  artifactKey: Guid(7ada5c32f278d5e4aaac37db9206cbf2) Importer(815301076,1909f56bfc062723c751e8b465ee728b)
Start importing Assets/_Biomass/Prefabs/Biomass_16.prefab using Guid(7ada5c32f278d5e4aaac37db9206cbf2) Importer(815301076,1909f56bfc062723c751e8b465ee728b)  -> (artifact id: '36fbd5a61810f5ee4314646defae7fad') in 0.044079 seconds 
========================================================================
Received Import Request.
  Time since last request: 0.000325 seconds.
  path: Assets/SFLCK_2/!Prefabs/Lights/Light_Small.prefab
  artifactKey: Guid(995af39bed222d046ac3ba5d09e5bc6e) Importer(815301076,1909f56bfc062723c751e8b465ee728b)
Start importing Assets/SFLCK_2/!Prefabs/Lights/Light_Small.prefab using Guid(995af39bed222d046ac3ba5d09e5bc6e) Importer(815301076,1909f56bfc062723c751e8b465ee728b)  -> (artifact id: '9cb7a4279a090ce9a83e73060393c5d4') in 0.043172 seconds 
========================================================================
Received Import Request.
  Time since last request: 0.000330 seconds.
  path: Assets/SFLCK_2/!Prefabs/Walls_B/Ramps/B_Ramp_R_4x6.prefab
  artifactKey: Guid(e41bb1fdb1767a2469ae1c34747551af) Importer(815301076,1909f56bfc062723c751e8b465ee728b)
Start importing Assets/SFLCK_2/!Prefabs/Walls_B/Ramps/B_Ramp_R_4x6.prefab using Guid(e41bb1fdb1767a2469ae1c34747551af) Importer(815301076,1909f56bfc062723c751e8b465ee728b)  -> (artifact id: 'b8f3d286fe99155f2af3bf35c4b949b9') in 0.027973 seconds 
========================================================================
Received Import Request.
  Time since last request: 0.000412 seconds.
  path: Assets/SFLCK_2/!Prefabs/Computers/Monitor_Keyboard.prefab
  artifactKey: Guid(834b613a266affb4e90cba869c3c745c) Importer(815301076,1909f56bfc062723c751e8b465ee728b)
Start importing Assets/SFLCK_2/!Prefabs/Computers/Monitor_Keyboard.prefab using Guid(834b613a266affb4e90cba869c3c745c) Importer(815301076,1909f56bfc062723c751e8b465ee728b)  -> (artifact id: 'ae408b29916d42c45f48c68ef4c46be1') in 0.050862 seconds 
========================================================================
Received Import Request.
  Time since last request: 0.000495 seconds.
  path: Assets/SFLCK_2/Furniture_1/Furniture_1_Pillow_Small.FBX
  artifactKey: Guid(8929c017f710cc94fb372ed3d6d873cc) Importer(815301076,1909f56bfc062723c751e8b465ee728b)
Start importing Assets/SFLCK_2/Furniture_1/Furniture_1_Pillow_Small.FBX using Guid(8929c017f710cc94fb372ed3d6d873cc) Importer(815301076,1909f56bfc062723c751e8b465ee728b)  -> (artifact id: 'c8e4d32ce5293e82d343f7599238f308') in 0.042744 seconds 
========================================================================
Received Import Request.
  Time since last request: 0.000602 seconds.
  path: Assets/SFLCK_2/!Prefabs/Walls_B/Corners/B_X_Corner_In_8x8.prefab
  artifactKey: Guid(89731ccbd604fa24488d37d44bbdd6a6) Importer(815301076,1909f56bfc062723c751e8b465ee728b)
Start importing Assets/SFLCK_2/!Prefabs/Walls_B/Corners/B_X_Corner_In_8x8.prefab using Guid(89731ccbd604fa24488d37d44bbdd6a6) Importer(815301076,1909f56bfc062723c751e8b465ee728b)  -> (artifact id: '9da41e3d8b0a3e5ed1b7eb750b96e543') in 0.051375 seconds 
========================================================================
Received Import Request.
  Time since last request: 0.000317 seconds.
  path: Assets/SFLCK_2/!Prefabs/Containers/Weapon_Box_1.prefab
  artifactKey: Guid(07e438dcfbabe5a4abb2c2f28691f4a4) Importer(815301076,1909f56bfc062723c751e8b465ee728b)
Start importing Assets/SFLCK_2/!Prefabs/Containers/Weapon_Box_1.prefab using Guid(07e438dcfbabe5a4abb2c2f28691f4a4) Importer(815301076,1909f56bfc062723c751e8b465ee728b)  -> (artifact id: '1518bc3ea22fe7e8e08e9e44e1f80cad') in 0.060318 seconds 
========================================================================
Received Import Request.
  Time since last request: 0.000251 seconds.
  path: Assets/Prefabs/BloodDecalMeshes/Prefabs/blood_letter_C.prefab
  artifactKey: Guid(8f3d3f30855e66d49bcc7204fbe35094) Importer(815301076,1909f56bfc062723c751e8b465ee728b)
Start importing Assets/Prefabs/BloodDecalMeshes/Prefabs/blood_letter_C.prefab using Guid(8f3d3f30855e66d49bcc7204fbe35094) Importer(815301076,1909f56bfc062723c751e8b465ee728b)  -> (artifact id: '07185f07bf4f5c1698209d6bb37c4901') in 0.032458 seconds 
========================================================================
Received Import Request.
  Time since last request: 0.000260 seconds.
  path: Assets/Prefabs/BloodDecalMeshes/Prefabs/blood_letter_f_lowCase.prefab
  artifactKey: Guid(574ce2f5c5712464f9078e9a0499aaf7) Importer(815301076,1909f56bfc062723c751e8b465ee728b)
Start importing Assets/Prefabs/BloodDecalMeshes/Prefabs/blood_letter_f_lowCase.prefab using Guid(574ce2f5c5712464f9078e9a0499aaf7) Importer(815301076,1909f56bfc062723c751e8b465ee728b)  -> (artifact id: '31f2fc6d0ab57d1961949765a3dbd3be') in 0.033920 seconds 
========================================================================
Received Import Request.
  Time since last request: 0.000222 seconds.
  path: Assets/SFLCK_2/!Prefabs/Machinery/Generator_1.prefab
  artifactKey: Guid(cb637e45ebc58004c8205afcc5cabfcb) Importer(815301076,1909f56bfc062723c751e8b465ee728b)
Start importing Assets/SFLCK_2/!Prefabs/Machinery/Generator_1.prefab using Guid(cb637e45ebc58004c8205afcc5cabfcb) Importer(815301076,1909f56bfc062723c751e8b465ee728b)  -> (artifact id: '5a879b47c45c2f3a03548e181d59d7d8') in 0.052666 seconds 
========================================================================
Received Import Request.
  Time since last request: 0.000311 seconds.
  path: Assets/Prefabs/HitEffectMetal.prefab
  artifactKey: Guid(8023dc4504807284e8ea53cc948719d5) Importer(815301076,1909f56bfc062723c751e8b465ee728b)
Start importing Assets/Prefabs/HitEffectMetal.prefab using Guid(8023dc4504807284e8ea53cc948719d5) Importer(815301076,1909f56bfc062723c751e8b465ee728b)  -> (artifact id: '6b490ac87ebe2817ce121ceaf62b6508') in 0.027897 seconds 
========================================================================
Received Import Request.
  Time since last request: 0.000298 seconds.
  path: Assets/Prefabs/BloodDecalMeshes/Materials/BloodMaterial2.mat
  artifactKey: Guid(c95cc07535d0de04d94876e9f776040b) Importer(815301076,1909f56bfc062723c751e8b465ee728b)
Start importing Assets/Prefabs/BloodDecalMeshes/Materials/BloodMaterial2.mat using Guid(c95cc07535d0de04d94876e9f776040b) Importer(815301076,1909f56bfc062723c751e8b465ee728b)  -> (artifact id: 'c5a54ab2e1fac744976c321bcfd0a06e') in 0.027848 seconds 
========================================================================
Received Import Request.
  Time since last request: 0.000436 seconds.
  path: Assets/_Biomass/Prefabs/Biomass_20.prefab
  artifactKey: Guid(edddb895b3778b54aa2555a08b4014b4) Importer(815301076,1909f56bfc062723c751e8b465ee728b)
Start importing Assets/_Biomass/Prefabs/Biomass_20.prefab using Guid(edddb895b3778b54aa2555a08b4014b4) Importer(815301076,1909f56bfc062723c751e8b465ee728b)  -> (artifact id: '4cd3183a7b5c9f2b9f163063c1339fce') in 0.045640 seconds 
========================================================================
Received Import Request.
  Time since last request: 0.000310 seconds.
  path: Assets/Prefabs/BloodDecalMeshes/Prefabs/blood_num_2.prefab
  artifactKey: Guid(12aa86b9b7c81cd47a2a0111f616d896) Importer(815301076,1909f56bfc062723c751e8b465ee728b)
Start importing Assets/Prefabs/BloodDecalMeshes/Prefabs/blood_num_2.prefab using Guid(12aa86b9b7c81cd47a2a0111f616d896) Importer(815301076,1909f56bfc062723c751e8b465ee728b)  -> (artifact id: '55ff9b6e772b040635d32cd641dd5a5c') in 0.030206 seconds 
========================================================================
Received Import Request.
  Time since last request: 0.000466 seconds.
  path: Assets/SFLCK_2/!Prefabs/Interior/Ceilings/Ceiling_Wiring_1.prefab
  artifactKey: Guid(cab2b16cc6a9d7448954756f1af05122) Importer(815301076,1909f56bfc062723c751e8b465ee728b)
Start importing Assets/SFLCK_2/!Prefabs/Interior/Ceilings/Ceiling_Wiring_1.prefab using Guid(cab2b16cc6a9d7448954756f1af05122) Importer(815301076,1909f56bfc062723c751e8b465ee728b)  -> (artifact id: '04b1c39b2bae1cc30be409d81f424302') in 0.030439 seconds 
========================================================================
Received Import Request.
  Time since last request: 0.000510 seconds.
  path: Assets/Prefabs/BloodDecalMeshes/Prefabs/blood_num_7.prefab
  artifactKey: Guid(1a13535ebef1989478bddb671160b9b4) Importer(815301076,1909f56bfc062723c751e8b465ee728b)
Start importing Assets/Prefabs/BloodDecalMeshes/Prefabs/blood_num_7.prefab using Guid(1a13535ebef1989478bddb671160b9b4) Importer(815301076,1909f56bfc062723c751e8b465ee728b)  -> (artifact id: '9b831c9f90dec42a26a130e55362f8ca') in 0.034704 seconds 
========================================================================
Received Import Request.
  Time since last request: 0.000323 seconds.
  path: Assets/SFLCK_2/!Prefabs/Barrels/Barrel_3.prefab
  artifactKey: Guid(43d3a99b07d2b6e4bba494676d8f2e94) Importer(815301076,1909f56bfc062723c751e8b465ee728b)
Start importing Assets/SFLCK_2/!Prefabs/Barrels/Barrel_3.prefab using Guid(43d3a99b07d2b6e4bba494676d8f2e94) Importer(815301076,1909f56bfc062723c751e8b465ee728b)  -> (artifact id: '6d493e2bfe15d9c72b7299b869a42903') in 0.029472 seconds 
========================================================================
Received Import Request.
  Time since last request: 0.000406 seconds.
  path: Assets/SFLCK_2/!Prefabs/Machinery/Generator_3.prefab
  artifactKey: Guid(4ded22342c7abf641aa41521559f806e) Importer(815301076,1909f56bfc062723c751e8b465ee728b)
Start importing Assets/SFLCK_2/!Prefabs/Machinery/Generator_3.prefab using Guid(4ded22342c7abf641aa41521559f806e) Importer(815301076,1909f56bfc062723c751e8b465ee728b)  -> (artifact id: '8035255b40769e8249dcdcee2599bf02') in 0.059682 seconds 
========================================================================
Received Import Request.
  Time since last request: 0.000312 seconds.
  path: Assets/SFLCK_2/!Prefabs/Furniture/Chairs/Chair_3.prefab
  artifactKey: Guid(483442d222bb5084991877f2f15ba8d4) Importer(815301076,1909f56bfc062723c751e8b465ee728b)
Start importing Assets/SFLCK_2/!Prefabs/Furniture/Chairs/Chair_3.prefab using Guid(483442d222bb5084991877f2f15ba8d4) Importer(815301076,1909f56bfc062723c751e8b465ee728b)  -> (artifact id: '6c2856a191f292b6ca4b502826fbe5c5') in 0.037802 seconds 
========================================================================
Received Import Request.
  Time since last request: 0.000279 seconds.
  path: Assets/Prefabs/Mess Room.prefab
  artifactKey: Guid(abc042927745ff245ace7dadc56921bc) Importer(815301076,1909f56bfc062723c751e8b465ee728b)
Start importing Assets/Prefabs/Mess Room.prefab using Guid(abc042927745ff245ace7dadc56921bc) Importer(815301076,1909f56bfc062723c751e8b465ee728b)  -> (artifact id: '935987a6dea07ecd288446adc02ffd1a') in 0.222260 seconds 
========================================================================
Received Import Request.
  Time since last request: 0.000381 seconds.
  path: Assets/SFLCK_2/!Prefabs/Walls_A/Walls/A_Wall_Isolated_2x6.prefab
  artifactKey: Guid(3c977077e49beb54490a9c6ed0aee5ac) Importer(815301076,1909f56bfc062723c751e8b465ee728b)
Start importing Assets/SFLCK_2/!Prefabs/Walls_A/Walls/A_Wall_Isolated_2x6.prefab using Guid(3c977077e49beb54490a9c6ed0aee5ac) Importer(815301076,1909f56bfc062723c751e8b465ee728b)  -> (artifact id: '5a3214c228a6c06646520210ecfdf411') in 0.040167 seconds 
========================================================================
Received Import Request.
  Time since last request: 0.000506 seconds.
  path: Assets/UnityTechnologies/ParticlePack/EffectExamples/Fire & Explosion Effects/Prefabs/FireBall.prefab
  artifactKey: Guid(a990e3ac1318b834488c784d851f42a9) Importer(815301076,1909f56bfc062723c751e8b465ee728b)
Start importing Assets/UnityTechnologies/ParticlePack/EffectExamples/Fire & Explosion Effects/Prefabs/FireBall.prefab using Guid(a990e3ac1318b834488c784d851f42a9) Importer(815301076,1909f56bfc062723c751e8b465ee728b)  -> (artifact id: 'ca601ece90463b5dd39158d7c59b0f54') in 0.035948 seconds 
========================================================================
Received Import Request.
  Time since last request: 0.000368 seconds.
  path: Assets/UnityTechnologies/ParticlePack/EffectExamples/Water Effects/Materials/WaterRipple.mat
  artifactKey: Guid(0f53c9d8ad82e7e42acd9cd32b6a1da1) Importer(815301076,1909f56bfc062723c751e8b465ee728b)
Start importing Assets/UnityTechnologies/ParticlePack/EffectExamples/Water Effects/Materials/WaterRipple.mat using Guid(0f53c9d8ad82e7e42acd9cd32b6a1da1) Importer(815301076,1909f56bfc062723c751e8b465ee728b)  -> (artifact id: '6512aa723aad0c2aa4153f3a806e1e13') in 0.634488 seconds 
========================================================================
Received Import Request.
  Time since last request: 0.000486 seconds.
  path: Assets/UnityTechnologies/ParticlePack/EffectExamples/Smoke & Steam Effects/Prefabs/RocketTrail.prefab
  artifactKey: Guid(ef134ce1a2a98d94fb68c860d9c736c6) Importer(815301076,1909f56bfc062723c751e8b465ee728b)
Start importing Assets/UnityTechnologies/ParticlePack/EffectExamples/Smoke & Steam Effects/Prefabs/RocketTrail.prefab using Guid(ef134ce1a2a98d94fb68c860d9c736c6) Importer(815301076,1909f56bfc062723c751e8b465ee728b)  -> (artifact id: 'd1870c8a1c5cbbec541947ebe829d797') in 0.055893 seconds 
========================================================================
Received Import Request.
  Time since last request: 0.000261 seconds.
  path: Assets/Materials/Standard/Prototype_512x512_Green1.mat
  artifactKey: Guid(79f64ed6f5d6d374d91c3a0af4070258) Importer(815301076,1909f56bfc062723c751e8b465ee728b)
Start importing Assets/Materials/Standard/Prototype_512x512_Green1.mat using Guid(79f64ed6f5d6d374d91c3a0af4070258) Importer(815301076,1909f56bfc062723c751e8b465ee728b)  -> (artifact id: '851d5fcfda965953dd20b3cb2f5fa521') in 0.026141 seconds 
========================================================================
Received Import Request.
  Time since last request: 0.000259 seconds.
  path: Assets/UnityTechnologies/ParticlePack/EffectExamples/Misc Effects/Prefabs/Candles.prefab
  artifactKey: Guid(86f883933a872f542994368197c83b5b) Importer(815301076,1909f56bfc062723c751e8b465ee728b)
Start importing Assets/UnityTechnologies/ParticlePack/EffectExamples/Misc Effects/Prefabs/Candles.prefab using Guid(86f883933a872f542994368197c83b5b) Importer(815301076,1909f56bfc062723c751e8b465ee728b)  -> (artifact id: 'b540335f2e9072f9f2aede7c0f4617da') in 0.034131 seconds 
========================================================================
Received Import Request.
  Time since last request: 0.000298 seconds.
  path: Assets/SFLCK_2/Furniture_3/Furniture_3_Locker.FBX
  artifactKey: Guid(ff674790d42528f4a9a9b870908ba049) Importer(815301076,1909f56bfc062723c751e8b465ee728b)
Start importing Assets/SFLCK_2/Furniture_3/Furniture_3_Locker.FBX using Guid(ff674790d42528f4a9a9b870908ba049) Importer(815301076,1909f56bfc062723c751e8b465ee728b)  -> (artifact id: 'b39820d95d12f884d96f583fcdb53d47') in 0.041068 seconds 
========================================================================
Received Import Request.
  Time since last request: 0.000305 seconds.
  path: Assets/SFLCK_2/!Prefabs/Containers/Container_Medium.prefab
  artifactKey: Guid(c8926ca6115d30a438278d8c2dfd6cd8) Importer(815301076,1909f56bfc062723c751e8b465ee728b)
Start importing Assets/SFLCK_2/!Prefabs/Containers/Container_Medium.prefab using Guid(c8926ca6115d30a438278d8c2dfd6cd8) Importer(815301076,1909f56bfc062723c751e8b465ee728b)  -> (artifact id: '57e7d26dfb24a0504a3e6a440c8605ef') in 0.034281 seconds 
========================================================================
Received Import Request.
  Time since last request: 0.000352 seconds.
  path: Assets/Prefabs/HitEffectFlesh.prefab
  artifactKey: Guid(f3421c7cbf2263345b27399352ac99ad) Importer(815301076,1909f56bfc062723c751e8b465ee728b)
Start importing Assets/Prefabs/HitEffectFlesh.prefab using Guid(f3421c7cbf2263345b27399352ac99ad) Importer(815301076,1909f56bfc062723c751e8b465ee728b)  -> (artifact id: '4686fb621077dc9a3bbb2f20d9ab86d0') in 0.041319 seconds 
========================================================================
Received Import Request.
  Time since last request: 0.000428 seconds.
  path: Assets/UnityTechnologies/ParticlePack/EffectExamples/Fire & Explosion Effects/Materials/LargeFlame01.mat
  artifactKey: Guid(af29e4d6b5ada10438f9e9b5bb6d19d3) Importer(815301076,1909f56bfc062723c751e8b465ee728b)
Start importing Assets/UnityTechnologies/ParticlePack/EffectExamples/Fire & Explosion Effects/Materials/LargeFlame01.mat using Guid(af29e4d6b5ada10438f9e9b5bb6d19d3) Importer(815301076,1909f56bfc062723c751e8b465ee728b)  -> (artifact id: '3e669b36c92d56082cfc734d982cc627') in 0.038648 seconds 
========================================================================
Received Import Request.
  Time since last request: 0.000414 seconds.
  path: Packages/com.unity.searcher/Editor/Resources/FlatSkin/Font/Roboto-Italic.ttf
  artifactKey: Guid(c839255fc8f6b4b4d90bf8c1af9f9bd1) Importer(815301076,1909f56bfc062723c751e8b465ee728b)
Start importing Packages/com.unity.searcher/Editor/Resources/FlatSkin/Font/Roboto-Italic.ttf using Guid(c839255fc8f6b4b4d90bf8c1af9f9bd1) Importer(815301076,1909f56bfc062723c751e8b465ee728b)  -> (artifact id: '75348730c89fa56aa23f10dd1924a3bb') in 0.033318 seconds 
========================================================================
Received Import Request.
  Time since last request: 0.000343 seconds.
  path: Assets/SFLCK_2/!Prefabs/Walls_A/Celing/A_Ceiling_2x2.prefab
  artifactKey: Guid(7fb485e7704f6ac4d81a8a0344fd9fc5) Importer(815301076,1909f56bfc062723c751e8b465ee728b)
Start importing Assets/SFLCK_2/!Prefabs/Walls_A/Celing/A_Ceiling_2x2.prefab using Guid(7fb485e7704f6ac4d81a8a0344fd9fc5) Importer(815301076,1909f56bfc062723c751e8b465ee728b)  -> (artifact id: '7d5e78ada039d77f6e2ccc6f4d34b749') in 0.040205 seconds 
========================================================================
Received Import Request.
  Time since last request: 0.000331 seconds.
  path: Assets/SFLCK_2/!Prefabs/Walls_B/Ramps/B_Wall_Ramp_R_2x6.prefab
  artifactKey: Guid(c09bbc1a03189164e9d1afd03acb5baf) Importer(815301076,1909f56bfc062723c751e8b465ee728b)
Start importing Assets/SFLCK_2/!Prefabs/Walls_B/Ramps/B_Wall_Ramp_R_2x6.prefab using Guid(c09bbc1a03189164e9d1afd03acb5baf) Importer(815301076,1909f56bfc062723c751e8b465ee728b)  -> (artifact id: '5f5f84aab72bf5557449843095a905f2') in 0.034537 seconds 
========================================================================
Received Import Request.
  Time since last request: 0.000305 seconds.
  path: Assets/SFLCK_2/!Prefabs/Furniture/Beds/Bed_Large_3.prefab
  artifactKey: Guid(7ec060f455fc0924198761348aee9699) Importer(815301076,1909f56bfc062723c751e8b465ee728b)
Start importing Assets/SFLCK_2/!Prefabs/Furniture/Beds/Bed_Large_3.prefab using Guid(7ec060f455fc0924198761348aee9699) Importer(815301076,1909f56bfc062723c751e8b465ee728b)  -> (artifact id: 'baa3df28d71d9bf2163d7a40d3a91152') in 0.045507 seconds 
========================================================================
Received Import Request.
  Time since last request: 0.000305 seconds.
  path: Assets/SFLCK_2/Models_A/Materials_Damaged/A_Wall_2_DAM.mat
  artifactKey: Guid(5817307425d9dd148b1abf6999aa08c0) Importer(815301076,1909f56bfc062723c751e8b465ee728b)
Start importing Assets/SFLCK_2/Models_A/Materials_Damaged/A_Wall_2_DAM.mat using Guid(5817307425d9dd148b1abf6999aa08c0) Importer(815301076,1909f56bfc062723c751e8b465ee728b)  -> (artifact id: '8510e7b6efed5f9b1cf78fb849baec3a') in 0.045029 seconds 
========================================================================
Received Import Request.
  Time since last request: 0.000269 seconds.
  path: Assets/Prefabs/BloodDecalMeshes/Prefabs/blood_letter_o_lowCase.prefab
  artifactKey: Guid(966fe6d201b4f734bb5b2c7f1d39a425) Importer(815301076,1909f56bfc062723c751e8b465ee728b)
Start importing Assets/Prefabs/BloodDecalMeshes/Prefabs/blood_letter_o_lowCase.prefab using Guid(966fe6d201b4f734bb5b2c7f1d39a425) Importer(815301076,1909f56bfc062723c751e8b465ee728b)  -> (artifact id: '71f67c910eacc32a440d0aa3d5edf142') in 0.037003 seconds 
========================================================================
Received Import Request.
  Time since last request: 0.000419 seconds.
  path: Assets/SFLCK_2/!Prefabs/Furniture/Chairs/Chair_1.prefab
  artifactKey: Guid(1e19bfa72395d0b40a11a2fa19d2ef4f) Importer(815301076,1909f56bfc062723c751e8b465ee728b)
Start importing Assets/SFLCK_2/!Prefabs/Furniture/Chairs/Chair_1.prefab using Guid(1e19bfa72395d0b40a11a2fa19d2ef4f) Importer(815301076,1909f56bfc062723c751e8b465ee728b)  -> (artifact id: 'a454f2b93e7282ff3a391ee98b7e8a68') in 0.043568 seconds 
========================================================================
Received Import Request.
  Time since last request: 0.000291 seconds.
  path: Assets/SFLCK_2/Furniture_2/Furnirure_2_Table_2.FBX
  artifactKey: Guid(50c8c8c8c491c8a429939aed18e45680) Importer(815301076,1909f56bfc062723c751e8b465ee728b)
Start importing Assets/SFLCK_2/Furniture_2/Furnirure_2_Table_2.FBX using Guid(50c8c8c8c491c8a429939aed18e45680) Importer(815301076,1909f56bfc062723c751e8b465ee728b)  -> (artifact id: '4bd148f7dc1747a03d0284878b12ed55') in 0.043308 seconds 
========================================================================
Received Import Request.
  Time since last request: 0.000607 seconds.
  path: Assets/Materials/Standard/Prototype_512x512_Purple.mat
  artifactKey: Guid(36bce9ab6cae8ce43962938466458044) Importer(815301076,1909f56bfc062723c751e8b465ee728b)
Start importing Assets/Materials/Standard/Prototype_512x512_Purple.mat using Guid(36bce9ab6cae8ce43962938466458044) Importer(815301076,1909f56bfc062723c751e8b465ee728b)  -> (artifact id: '248e4a57f9fe84296330cfa311eaf765') in 0.031371 seconds 
========================================================================
Received Import Request.
  Time since last request: 0.000300 seconds.
  path: Assets/SFLCK_2/!Prefabs/Barrels/Barrel_4.prefab
  artifactKey: Guid(481275b3af376784598543e9ed5a674b) Importer(815301076,1909f56bfc062723c751e8b465ee728b)
Start importing Assets/SFLCK_2/!Prefabs/Barrels/Barrel_4.prefab using Guid(481275b3af376784598543e9ed5a674b) Importer(815301076,1909f56bfc062723c751e8b465ee728b)  -> (artifact id: 'f0df281327136bc6ecb1d450c3bb0a8a') in 0.035161 seconds 
========================================================================
Received Import Request.
  Time since last request: 0.000303 seconds.
  path: Assets/SFLCK_2/!Prefabs/Bulkheads/A_Bulkhead_2.prefab
  artifactKey: Guid(b89e9107607bde048a7ebe6618f09a3b) Importer(815301076,1909f56bfc062723c751e8b465ee728b)
Start importing Assets/SFLCK_2/!Prefabs/Bulkheads/A_Bulkhead_2.prefab using Guid(b89e9107607bde048a7ebe6618f09a3b) Importer(815301076,1909f56bfc062723c751e8b465ee728b)  -> (artifact id: '1aaf220f8a6f0fea643d4f3727b6946a') in 0.029015 seconds 
========================================================================
Received Import Request.
  Time since last request: 0.000279 seconds.
  path: Assets/_Biomass/Prefabs/BiomassS_19.prefab
  artifactKey: Guid(2c2310de7e1cec843b197ca86f5ac0f4) Importer(815301076,1909f56bfc062723c751e8b465ee728b)
Start importing Assets/_Biomass/Prefabs/BiomassS_19.prefab using Guid(2c2310de7e1cec843b197ca86f5ac0f4) Importer(815301076,1909f56bfc062723c751e8b465ee728b)  -> (artifact id: '3f7dae4af5cd9e801003979c5eea217c') in 0.031246 seconds 
========================================================================
Received Import Request.
  Time since last request: 0.000257 seconds.
  path: Assets/SFLCK_2/!Prefabs/Walls_A/Walls/A_Corner_Out_2x2 (4).prefab
  artifactKey: Guid(f2802655f94112344bdb81bd5e21b30a) Importer(815301076,1909f56bfc062723c751e8b465ee728b)
Start importing Assets/SFLCK_2/!Prefabs/Walls_A/Walls/A_Corner_Out_2x2 (4).prefab using Guid(f2802655f94112344bdb81bd5e21b30a) Importer(815301076,1909f56bfc062723c751e8b465ee728b)  -> (artifact id: 'c1528125c7f7440a35989338eea65c98') in 0.031774 seconds 
========================================================================
Received Import Request.
  Time since last request: 0.000368 seconds.
  path: Assets/SFLCK_2/!Prefabs/Walls_B/Ceiling/B_Ceiling_Ramp_L_2x6.prefab
  artifactKey: Guid(c7a1ae8867f8b7140bad2f8f8caad64a) Importer(815301076,1909f56bfc062723c751e8b465ee728b)
Start importing Assets/SFLCK_2/!Prefabs/Walls_B/Ceiling/B_Ceiling_Ramp_L_2x6.prefab using Guid(c7a1ae8867f8b7140bad2f8f8caad64a) Importer(815301076,1909f56bfc062723c751e8b465ee728b)  -> (artifact id: 'ec6bae25a56fdb66cabc726ab4552ef2') in 0.038002 seconds 
========================================================================
Received Import Request.
  Time since last request: 0.000223 seconds.
  path: Assets/SFLCK_2/!Prefabs/Furniture/Beds/Mat_2.prefab
  artifactKey: Guid(53b7cad2fe94cf143a784023316f8b81) Importer(815301076,1909f56bfc062723c751e8b465ee728b)
Start importing Assets/SFLCK_2/!Prefabs/Furniture/Beds/Mat_2.prefab using Guid(53b7cad2fe94cf143a784023316f8b81) Importer(815301076,1909f56bfc062723c751e8b465ee728b)  -> (artifact id: '9acefa5a0448af10d4c162a9973deae1') in 0.044781 seconds 
========================================================================
Received Import Request.
  Time since last request: 0.000387 seconds.
  path: Assets/_Biomass/Prefabs/BiomassS_1 1.prefab
  artifactKey: Guid(48e9a270e3fa62a4c91284e45e2d8d97) Importer(815301076,1909f56bfc062723c751e8b465ee728b)
Start importing Assets/_Biomass/Prefabs/BiomassS_1 1.prefab using Guid(48e9a270e3fa62a4c91284e45e2d8d97) Importer(815301076,1909f56bfc062723c751e8b465ee728b)  -> (artifact id: 'adfd0d18f34b17d9c8371f1362b9b14e') in 0.036570 seconds 
========================================================================
Received Import Request.
  Time since last request: 0.000303 seconds.
  path: Assets/UnityTechnologies/ParticlePack/EffectExamples/Weapon Effects/Materials/SandSurface.mat
  artifactKey: Guid(26bc8648a85c6b041a5d5b00ca61062b) Importer(815301076,1909f56bfc062723c751e8b465ee728b)
Start importing Assets/UnityTechnologies/ParticlePack/EffectExamples/Weapon Effects/Materials/SandSurface.mat using Guid(26bc8648a85c6b041a5d5b00ca61062b) Importer(815301076,1909f56bfc062723c751e8b465ee728b)  -> (artifact id: 'dc6d259effe25a8c3ed38924571e46ce') in 0.029599 seconds 
========================================================================
Received Import Request.
  Time since last request: 0.000336 seconds.
  path: Assets/Prefabs/BloodDecalMeshes/Prefabs/BloodDecal19.prefab
  artifactKey: Guid(35cdb8631bc8c4847ae0ccf62cba544d) Importer(815301076,1909f56bfc062723c751e8b465ee728b)
Start importing Assets/Prefabs/BloodDecalMeshes/Prefabs/BloodDecal19.prefab using Guid(35cdb8631bc8c4847ae0ccf62cba544d) Importer(815301076,1909f56bfc062723c751e8b465ee728b)  -> (artifact id: '9074eb5006fa0a0e03c51251c6a5a53d') in 0.033089 seconds 
========================================================================
Received Import Request.
  Time since last request: 0.000281 seconds.
  path: Assets/Prefabs/BloodDecalMeshes/Prefabs/blood_num_4.prefab
  artifactKey: Guid(29f31554f6875c3448545d3cff44e541) Importer(815301076,1909f56bfc062723c751e8b465ee728b)
Start importing Assets/Prefabs/BloodDecalMeshes/Prefabs/blood_num_4.prefab using Guid(29f31554f6875c3448545d3cff44e541) Importer(815301076,1909f56bfc062723c751e8b465ee728b)  -> (artifact id: 'f30f0bedfec0a396529474b27f0b14ec') in 0.038659 seconds 
========================================================================
Received Import Request.
  Time since last request: 0.000287 seconds.
  path: Assets/UnityTechnologies/ParticlePack/EffectExamples/Water Effects/Materials/Splash.mat
  artifactKey: Guid(0491051b82b09be4eaa3b2224971acc7) Importer(815301076,1909f56bfc062723c751e8b465ee728b)
Start importing Assets/UnityTechnologies/ParticlePack/EffectExamples/Water Effects/Materials/Splash.mat using Guid(0491051b82b09be4eaa3b2224971acc7) Importer(815301076,1909f56bfc062723c751e8b465ee728b)  -> (artifact id: '9dad400813fa5225c62f38762734a8c3') in 0.292241 seconds 
========================================================================
Received Import Request.
  Time since last request: 0.000456 seconds.
  path: Assets/UnityTechnologies/ParticlePack/EffectExamples/Fire & Explosion Effects/Materials/SandParticle.mat
  artifactKey: Guid(4ea8613283885aa45a5c6eb29a50bdb0) Importer(815301076,1909f56bfc062723c751e8b465ee728b)
Start importing Assets/UnityTechnologies/ParticlePack/EffectExamples/Fire & Explosion Effects/Materials/SandParticle.mat using Guid(4ea8613283885aa45a5c6eb29a50bdb0) Importer(815301076,1909f56bfc062723c751e8b465ee728b)  -> (artifact id: 'c37f48159535c993c058c4f83902644c') in 0.018499 seconds 
========================================================================
Received Import Request.
  Time since last request: 0.000358 seconds.
  path: Assets/SFLCK_2/Props_1/Materials/Glass.mat
  artifactKey: Guid(ea4178f5810a42042a0906b1cb4549ef) Importer(815301076,1909f56bfc062723c751e8b465ee728b)
Start importing Assets/SFLCK_2/Props_1/Materials/Glass.mat using Guid(ea4178f5810a42042a0906b1cb4549ef) Importer(815301076,1909f56bfc062723c751e8b465ee728b)  -> (artifact id: 'f8334fbe5e7f2503d636a9005f8fc573') in 0.025960 seconds 
========================================================================
Received Import Request.
  Time since last request: 0.000385 seconds.
  path: Assets/SFLCK_2/Props_C/Prop_C_Airbox.FBX
  artifactKey: Guid(e188e5e4129cc454f86af2115bdd6233) Importer(815301076,1909f56bfc062723c751e8b465ee728b)
Start importing Assets/SFLCK_2/Props_C/Prop_C_Airbox.FBX using Guid(e188e5e4129cc454f86af2115bdd6233) Importer(815301076,1909f56bfc062723c751e8b465ee728b)  -> (artifact id: '68896dc621be64687b0fcbe4ca9e0931') in 0.030499 seconds 
========================================================================
Received Import Request.
  Time since last request: 0.000466 seconds.
  path: Assets/Prefabs/BloodDecalMeshes/Prefabs/blood_anarchy.prefab
  artifactKey: Guid(c01495db3f156854596de0ffea57e1cf) Importer(815301076,1909f56bfc062723c751e8b465ee728b)
Start importing Assets/Prefabs/BloodDecalMeshes/Prefabs/blood_anarchy.prefab using Guid(c01495db3f156854596de0ffea57e1cf) Importer(815301076,1909f56bfc062723c751e8b465ee728b)  -> (artifact id: '3169e9e4fc65a7db8fd3472d49cd4280') in 0.036076 seconds 
========================================================================
Received Import Request.
  Time since last request: 0.000280 seconds.
  path: Assets/SFLCK_2/!Prefabs/Furniture/Tables/Case_Large.prefab
  artifactKey: Guid(30e4b7a9983c91d459517bfa2a24713f) Importer(815301076,1909f56bfc062723c751e8b465ee728b)
Start importing Assets/SFLCK_2/!Prefabs/Furniture/Tables/Case_Large.prefab using Guid(30e4b7a9983c91d459517bfa2a24713f) Importer(815301076,1909f56bfc062723c751e8b465ee728b)  -> (artifact id: '2c8b67772d308e169e05dbc867cc3349') in 0.040636 seconds 
========================================================================
Received Import Request.
  Time since last request: 0.000265 seconds.
  path: Assets/UnityTechnologies/ParticlePack/EffectExamples/Magic Effects/Materials/Ice.mat
  artifactKey: Guid(e8a7db8bb30ba7846922a11cebbe1a2f) Importer(815301076,1909f56bfc062723c751e8b465ee728b)
Start importing Assets/UnityTechnologies/ParticlePack/EffectExamples/Magic Effects/Materials/Ice.mat using Guid(e8a7db8bb30ba7846922a11cebbe1a2f) Importer(815301076,1909f56bfc062723c751e8b465ee728b)  -> (artifact id: '51de99ad3b2eaa37904e698395419632') in 0.031153 seconds 
========================================================================
Received Import Request.
  Time since last request: 0.000280 seconds.
  path: Assets/Prefabs/BloodDecalMeshes/Prefabs/blood_letter_Q.prefab
  artifactKey: Guid(c3b58bf38fc732a4c9b596308744489c) Importer(815301076,1909f56bfc062723c751e8b465ee728b)
Start importing Assets/Prefabs/BloodDecalMeshes/Prefabs/blood_letter_Q.prefab using Guid(c3b58bf38fc732a4c9b596308744489c) Importer(815301076,1909f56bfc062723c751e8b465ee728b)  -> (artifact id: '9a746e3c871a03041bd8ac29cf37c017') in 0.034499 seconds 
========================================================================
Received Import Request.
  Time since last request: 0.000210 seconds.
  path: Assets/Prefabs/BloodDecalMeshes/Prefabs/blood_letter_U.prefab
  artifactKey: Guid(127555375b26fb34fa9ca323d85d5dc5) Importer(815301076,1909f56bfc062723c751e8b465ee728b)
Start importing Assets/Prefabs/BloodDecalMeshes/Prefabs/blood_letter_U.prefab using Guid(127555375b26fb34fa9ca323d85d5dc5) Importer(815301076,1909f56bfc062723c751e8b465ee728b)  -> (artifact id: '58288729c3689bfbb21faa526106fe01') in 0.034901 seconds 
========================================================================
Received Import Request.
  Time since last request: 0.000299 seconds.
  path: Assets/Prefabs/BloodDecalMeshes/Prefabs/BloodDecal_Lost.prefab
  artifactKey: Guid(714728db0f33ee947b7145d09a741414) Importer(815301076,1909f56bfc062723c751e8b465ee728b)
Start importing Assets/Prefabs/BloodDecalMeshes/Prefabs/BloodDecal_Lost.prefab using Guid(714728db0f33ee947b7145d09a741414) Importer(815301076,1909f56bfc062723c751e8b465ee728b)  -> (artifact id: '2d89fb4b23443c94e3a9772ae0fc26a1') in 0.040698 seconds 
========================================================================
Received Import Request.
  Time since last request: 0.000493 seconds.
  path: Assets/Prefabs/BloodDecalMeshes/Prefabs/BloodDecal01.prefab
  artifactKey: Guid(9fa044eeafb3b7149b5f5568ae51f16b) Importer(815301076,1909f56bfc062723c751e8b465ee728b)
Start importing Assets/Prefabs/BloodDecalMeshes/Prefabs/BloodDecal01.prefab using Guid(9fa044eeafb3b7149b5f5568ae51f16b) Importer(815301076,1909f56bfc062723c751e8b465ee728b)  -> (artifact id: '3987444bb8ae21841fee3be8e4d68998') in 0.040158 seconds 
========================================================================
Received Import Request.
  Time since last request: 0.000278 seconds.
  path: Assets/Prefabs/BloodDecalMeshes/Prefabs/blood_letter_D.prefab
  artifactKey: Guid(103d144fea2f60642adb92f728d7b926) Importer(815301076,1909f56bfc062723c751e8b465ee728b)
Start importing Assets/Prefabs/BloodDecalMeshes/Prefabs/blood_letter_D.prefab using Guid(103d144fea2f60642adb92f728d7b926) Importer(815301076,1909f56bfc062723c751e8b465ee728b)  -> (artifact id: 'da3400989cdfc084a340549fe36b149e') in 0.042067 seconds 
========================================================================
Received Import Request.
  Time since last request: 0.000325 seconds.
  path: Assets/Prefabs/BloodDecalMeshes/Prefabs/blood_num_8.prefab
  artifactKey: Guid(b65df740ea293334f9163e848695d28f) Importer(815301076,1909f56bfc062723c751e8b465ee728b)
Start importing Assets/Prefabs/BloodDecalMeshes/Prefabs/blood_num_8.prefab using Guid(b65df740ea293334f9163e848695d28f) Importer(815301076,1909f56bfc062723c751e8b465ee728b)  -> (artifact id: '70bd9e7a81ac84ca77469a98ab0ed0b7') in 0.038994 seconds 
========================================================================
Received Import Request.
  Time since last request: 0.000300 seconds.
  path: Assets/_Biomass/Prefabs/Pregathered/BiomassTC_4.prefab
  artifactKey: Guid(53a4fc98ba91d494cbd161c3aff929c1) Importer(815301076,1909f56bfc062723c751e8b465ee728b)
Start importing Assets/_Biomass/Prefabs/Pregathered/BiomassTC_4.prefab using Guid(53a4fc98ba91d494cbd161c3aff929c1) Importer(815301076,1909f56bfc062723c751e8b465ee728b)  -> (artifact id: '021fc4b5106c5c8e4fa2f70fb8404e3f') in 0.040079 seconds 
========================================================================
Received Import Request.
  Time since last request: 0.000436 seconds.
  path: Assets/SFLCK_2/!Prefabs/Machinery/Generator_4.prefab
  artifactKey: Guid(602646b2f4d1e6448968b950af9e0ae2) Importer(815301076,1909f56bfc062723c751e8b465ee728b)
Start importing Assets/SFLCK_2/!Prefabs/Machinery/Generator_4.prefab using Guid(602646b2f4d1e6448968b950af9e0ae2) Importer(815301076,1909f56bfc062723c751e8b465ee728b)  -> (artifact id: 'af34abc28d738a0a16fd194308ac999d') in 0.061874 seconds 
========================================================================
Received Import Request.
  Time since last request: 0.000790 seconds.
  path: Assets/_Biomass/Prefabs/Pregathered/BiomassGathS_3.prefab
  artifactKey: Guid(a7009b2f3c74638489cf3f4175e1fe78) Importer(815301076,1909f56bfc062723c751e8b465ee728b)
Start importing Assets/_Biomass/Prefabs/Pregathered/BiomassGathS_3.prefab using Guid(a7009b2f3c74638489cf3f4175e1fe78) Importer(815301076,1909f56bfc062723c751e8b465ee728b)  -> (artifact id: '1f15dc143f051cd57b594930082c5848') in 0.048807 seconds 
========================================================================
Received Import Request.
  Time since last request: 0.000298 seconds.
  path: Assets/_Biomass/Prefabs/Pregathered/BiomassTC_1.prefab
  artifactKey: Guid(1a2ebcdd1f7b10f4ab3a7494df396706) Importer(815301076,1909f56bfc062723c751e8b465ee728b)
Start importing Assets/_Biomass/Prefabs/Pregathered/BiomassTC_1.prefab using Guid(1a2ebcdd1f7b10f4ab3a7494df396706) Importer(815301076,1909f56bfc062723c751e8b465ee728b)  -> (artifact id: 'dfe178b44c228609830bff7c63ccd849') in 0.056637 seconds 
========================================================================
Received Import Request.
  Time since last request: 0.000402 seconds.
  path: Packages/com.unity.searcher/Editor/Resources/FlatSkin/Font/Roboto-ThinItalic.ttf
  artifactKey: Guid(b2ea3b3f1765e544b9eb5bd1a93a91ce) Importer(815301076,1909f56bfc062723c751e8b465ee728b)
Start importing Packages/com.unity.searcher/Editor/Resources/FlatSkin/Font/Roboto-ThinItalic.ttf using Guid(b2ea3b3f1765e544b9eb5bd1a93a91ce) Importer(815301076,1909f56bfc062723c751e8b465ee728b)  -> (artifact id: '7fe535c3097f062ec3e1baa911215801') in 0.032579 seconds 
========================================================================
Received Import Request.
  Time since last request: 0.000262 seconds.
  path: Assets/SFLCK_2/Furniture_1/Furniture_1_Bed_Large.FBX
  artifactKey: Guid(7b80f343e1745f94ca1e2d2ed0951050) Importer(815301076,1909f56bfc062723c751e8b465ee728b)
Start importing Assets/SFLCK_2/Furniture_1/Furniture_1_Bed_Large.FBX using Guid(7b80f343e1745f94ca1e2d2ed0951050) Importer(815301076,1909f56bfc062723c751e8b465ee728b)  -> (artifact id: '0f88af048d1caceaf8e1883a479dfe33') in 0.033649 seconds 
========================================================================
Received Import Request.
  Time since last request: 0.000324 seconds.
  path: Assets/Prefabs/BloodDecalMeshes/Prefabs/blood_num_1.prefab
  artifactKey: Guid(9b38fadab1534ac4f8ac7c7331ab886e) Importer(815301076,1909f56bfc062723c751e8b465ee728b)
Start importing Assets/Prefabs/BloodDecalMeshes/Prefabs/blood_num_1.prefab using Guid(9b38fadab1534ac4f8ac7c7331ab886e) Importer(815301076,1909f56bfc062723c751e8b465ee728b)  -> (artifact id: '2ff8cb372251414ab0a54fdc19414a9d') in 0.036993 seconds 
========================================================================
Received Import Request.
  Time since last request: 0.000292 seconds.
  path: Assets/Prefabs/BloodDecalMeshes/Prefabs/blood_blood.prefab
  artifactKey: Guid(349b312cbcf91494db2d2d5c57677a9f) Importer(815301076,1909f56bfc062723c751e8b465ee728b)
Start importing Assets/Prefabs/BloodDecalMeshes/Prefabs/blood_blood.prefab using Guid(349b312cbcf91494db2d2d5c57677a9f) Importer(815301076,1909f56bfc062723c751e8b465ee728b)  -> (artifact id: '97f9a0936ec3c52d5fd3309e61c3927c') in 0.036409 seconds 
========================================================================
Received Import Request.
  Time since last request: 0.000350 seconds.
  path: Assets/Concrete textures pack/pattern 12/Materials/diffuse.mat
  artifactKey: Guid(6c345ba67294c964da669234cc992884) Importer(815301076,1909f56bfc062723c751e8b465ee728b)
Start importing Assets/Concrete textures pack/pattern 12/Materials/diffuse.mat using Guid(6c345ba67294c964da669234cc992884) Importer(815301076,1909f56bfc062723c751e8b465ee728b)  -> (artifact id: 'f1f56c0f82f6b5171de3104519ea8f2a') in 0.039445 seconds 
========================================================================
Received Import Request.
  Time since last request: 0.000310 seconds.
  path: Assets/UnityTechnologies/ParticlePack/EffectExamples/Misc Effects/Prefabs/Respawn.prefab
  artifactKey: Guid(c5febdd93ab44d640b3eb37b768360bb) Importer(815301076,1909f56bfc062723c751e8b465ee728b)
Start importing Assets/UnityTechnologies/ParticlePack/EffectExamples/Misc Effects/Prefabs/Respawn.prefab using Guid(c5febdd93ab44d640b3eb37b768360bb) Importer(815301076,1909f56bfc062723c751e8b465ee728b)  -> (artifact id: '406f105ad9efa9dc770dfadbbb4072e1') in 0.032203 seconds 
========================================================================
Received Import Request.
  Time since last request: 0.000289 seconds.
  path: Assets/SFLCK_2/!Prefabs/Walls_B/Corners/B_T_Corner_In_4x8.prefab
  artifactKey: Guid(bae7935a140af4144a82808166d103bd) Importer(815301076,1909f56bfc062723c751e8b465ee728b)
Start importing Assets/SFLCK_2/!Prefabs/Walls_B/Corners/B_T_Corner_In_4x8.prefab using Guid(bae7935a140af4144a82808166d103bd) Importer(815301076,1909f56bfc062723c751e8b465ee728b)  -> (artifact id: 'e6664577e1c0dfc02e6e08e146d4d9a5') in 0.042632 seconds 
========================================================================
Received Import Request.
  Time since last request: 0.000316 seconds.
  path: Assets/Prefabs/BloodDecalMeshes/Prefabs/BloodDecal12.prefab
  artifactKey: Guid(57c16db491b88ab448d149d0f699883d) Importer(815301076,1909f56bfc062723c751e8b465ee728b)
Start importing Assets/Prefabs/BloodDecalMeshes/Prefabs/BloodDecal12.prefab using Guid(57c16db491b88ab448d149d0f699883d) Importer(815301076,1909f56bfc062723c751e8b465ee728b)  -> (artifact id: '62db1d2f9a7b9313a6237b106fac936e') in 0.037184 seconds 
========================================================================
Received Import Request.
  Time since last request: 0.000325 seconds.
  path: Assets/Prefabs/music box/MusicBoxAnimation_prefab.prefab
  artifactKey: Guid(5030910663c241a47a038cb18520ce78) Importer(815301076,1909f56bfc062723c751e8b465ee728b)
Start importing Assets/Prefabs/music box/MusicBoxAnimation_prefab.prefab using Guid(5030910663c241a47a038cb18520ce78) Importer(815301076,1909f56bfc062723c751e8b465ee728b)  -> (artifact id: '493da18ba35f3ed87f1c9f09acb8c789') in 0.035471 seconds 
========================================================================
Received Import Request.
  Time since last request: 0.000380 seconds.
  path: Assets/UnityTechnologies/ParticlePack/EffectExamples/Weapon Effects/Prefabs/FleshImpacts.prefab
  artifactKey: Guid(24b82347924701148a13c746edfb6b22) Importer(815301076,1909f56bfc062723c751e8b465ee728b)
Start importing Assets/UnityTechnologies/ParticlePack/EffectExamples/Weapon Effects/Prefabs/FleshImpacts.prefab using Guid(24b82347924701148a13c746edfb6b22) Importer(815301076,1909f56bfc062723c751e8b465ee728b)  -> (artifact id: '454e09385ac3e83cbbf5e90ee40f5881') in 0.036794 seconds 
========================================================================
Received Import Request.
  Time since last request: 0.000321 seconds.
  path: Assets/UnityTechnologies/ParticlePack/EffectExamples/Smoke & Steam Effects/Materials/Embers.mat
  artifactKey: Guid(cb54088e4fe82ce44aafb5f3dc12b530) Importer(815301076,1909f56bfc062723c751e8b465ee728b)
Start importing Assets/UnityTechnologies/ParticlePack/EffectExamples/Smoke & Steam Effects/Materials/Embers.mat using Guid(cb54088e4fe82ce44aafb5f3dc12b530) Importer(815301076,1909f56bfc062723c751e8b465ee728b)  -> (artifact id: '7b5f739b6d7c2a3bca3b0316fbd5ff2a') in 0.015822 seconds 
========================================================================
Received Import Request.
  Time since last request: 0.000341 seconds.
  path: Assets/Concrete textures pack/pattern 12/Concrete pattern 12.mat
  artifactKey: Guid(90958dd685f590642806ebb68b473bc3) Importer(815301076,1909f56bfc062723c751e8b465ee728b)
Start importing Assets/Concrete textures pack/pattern 12/Concrete pattern 12.mat using Guid(90958dd685f590642806ebb68b473bc3) Importer(815301076,1909f56bfc062723c751e8b465ee728b)  -> (artifact id: 'cb96cc1195a205fc5635c8089f5b7bd3') in 0.042305 seconds 
========================================================================
Received Import Request.
  Time since last request: 0.000303 seconds.
  path: Assets/SFLCK_2/Furniture_3/Materials/Furniture_3.mat
  artifactKey: Guid(60199d17da50fbf44938c92b76960528) Importer(815301076,1909f56bfc062723c751e8b465ee728b)
Start importing Assets/SFLCK_2/Furniture_3/Materials/Furniture_3.mat using Guid(60199d17da50fbf44938c92b76960528) Importer(815301076,1909f56bfc062723c751e8b465ee728b)  -> (artifact id: 'a00512e95984cfaba417626f0849c1d5') in 0.047887 seconds 
========================================================================
Received Import Request.
  Time since last request: 0.000309 seconds.
  path: Assets/SFLCK_2/Props_2/Materials/Props_2.mat
  artifactKey: Guid(365800831d5f474459a85b8cfc82fde6) Importer(815301076,1909f56bfc062723c751e8b465ee728b)
Start importing Assets/SFLCK_2/Props_2/Materials/Props_2.mat using Guid(365800831d5f474459a85b8cfc82fde6) Importer(815301076,1909f56bfc062723c751e8b465ee728b)  -> (artifact id: '241836c404d572789576cd02ca63667f') in 0.033807 seconds 
========================================================================
Received Import Request.
  Time since last request: 0.000379 seconds.
  path: Assets/UnityTechnologies/ParticlePack/EffectExamples/Fire & Explosion Effects/Materials/SmokeDark.mat
  artifactKey: Guid(698a8134f4ebbbd4e848648685f68067) Importer(815301076,1909f56bfc062723c751e8b465ee728b)
Start importing Assets/UnityTechnologies/ParticlePack/EffectExamples/Fire & Explosion Effects/Materials/SmokeDark.mat using Guid(698a8134f4ebbbd4e848648685f68067) Importer(815301076,1909f56bfc062723c751e8b465ee728b)  -> (artifact id: '5b9680c071a38847312710ab2c485381') in 0.031136 seconds 
========================================================================
Received Import Request.
  Time since last request: 0.000216 seconds.
  path: Assets/UnityTechnologies/ParticlePack/EffectExamples/Misc Effects/Materials/DissolveChunks.mat
  artifactKey: Guid(3544992394a7b954789108f2fa57027e) Importer(815301076,1909f56bfc062723c751e8b465ee728b)
Start importing Assets/UnityTechnologies/ParticlePack/EffectExamples/Misc Effects/Materials/DissolveChunks.mat using Guid(3544992394a7b954789108f2fa57027e) Importer(815301076,1909f56bfc062723c751e8b465ee728b)  -> (artifact id: '246ee99139eb48976abae5114ebed0e2') in 0.030449 seconds 
========================================================================
Received Import Request.
  Time since last request: 0.000408 seconds.
  path: Assets/SFLCK_2/!Prefabs/Computers/Console_1.prefab
  artifactKey: Guid(6a77c94c6a5490d479a919247b4327a7) Importer(815301076,1909f56bfc062723c751e8b465ee728b)
Start importing Assets/SFLCK_2/!Prefabs/Computers/Console_1.prefab using Guid(6a77c94c6a5490d479a919247b4327a7) Importer(815301076,1909f56bfc062723c751e8b465ee728b)  -> (artifact id: '42d597ff3324283edc74f85030dbbf9e') in 0.069306 seconds 
========================================================================
Received Import Request.
  Time since last request: 0.000289 seconds.
  path: Assets/_Biomass/Prefabs/BiomassCB_1.prefab
  artifactKey: Guid(da81a9c34a425cf4abce14c30fe22595) Importer(815301076,1909f56bfc062723c751e8b465ee728b)
Start importing Assets/_Biomass/Prefabs/BiomassCB_1.prefab using Guid(da81a9c34a425cf4abce14c30fe22595) Importer(815301076,1909f56bfc062723c751e8b465ee728b)  -> (artifact id: '995a0b635522a1a74bd60b0714ee3fba') in 0.050306 seconds 
========================================================================
Received Import Request.
  Time since last request: 0.000294 seconds.
  path: Assets/SFLCK_2/!Prefabs/Doors/Door_1_Transparent.prefab
  artifactKey: Guid(6845f63e25810ac439d2f1d1d33c78f3) Importer(815301076,1909f56bfc062723c751e8b465ee728b)
Start importing Assets/SFLCK_2/!Prefabs/Doors/Door_1_Transparent.prefab using Guid(6845f63e25810ac439d2f1d1d33c78f3) Importer(815301076,1909f56bfc062723c751e8b465ee728b)  -> (artifact id: '379a323c8f8b82e8e079b1fd7aadbcf4') in 0.068875 seconds 
========================================================================
Received Import Request.
  Time since last request: 0.000276 seconds.
  path: Assets/UnityTechnologies/ParticlePack/EffectExamples/Smoke & Steam Effects/Materials/SmokeySteam02.mat
  artifactKey: Guid(011bc24ee3a874d4cab24456f007e08e) Importer(815301076,1909f56bfc062723c751e8b465ee728b)
Start importing Assets/UnityTechnologies/ParticlePack/EffectExamples/Smoke & Steam Effects/Materials/SmokeySteam02.mat using Guid(011bc24ee3a874d4cab24456f007e08e) Importer(815301076,1909f56bfc062723c751e8b465ee728b)  -> (artifact id: '3a4956db1e7554972f7a9d5081ec268d') in 0.028868 seconds 
========================================================================
Received Import Request.
  Time since last request: 0.000280 seconds.
  path: Assets/Prefabs/BloodDecalMeshes/Prefabs/BloodDecal17.prefab
  artifactKey: Guid(1dff26cdab66d604999ab21723763e95) Importer(815301076,1909f56bfc062723c751e8b465ee728b)
Start importing Assets/Prefabs/BloodDecalMeshes/Prefabs/BloodDecal17.prefab using Guid(1dff26cdab66d604999ab21723763e95) Importer(815301076,1909f56bfc062723c751e8b465ee728b)  -> (artifact id: '67666a7abb1e62de46b7e7469593734f') in 0.034773 seconds 
========================================================================
Received Import Request.
  Time since last request: 0.000383 seconds.
  path: Assets/_Biomass/Prefabs/Pregathered/BiomassGathT_1.prefab
  artifactKey: Guid(098dc4aa252ecbb488612bb5501c4bce) Importer(815301076,1909f56bfc062723c751e8b465ee728b)
Start importing Assets/_Biomass/Prefabs/Pregathered/BiomassGathT_1.prefab using Guid(098dc4aa252ecbb488612bb5501c4bce) Importer(815301076,1909f56bfc062723c751e8b465ee728b)  -> (artifact id: 'c6c8f4e05b1f3e7b5025addb7311eb3e') in 0.049867 seconds 
========================================================================
Received Import Request.
  Time since last request: 0.000398 seconds.
  path: Assets/Prefabs/BloodDecalMeshes/Prefabs/BloodDecal06.prefab
  artifactKey: Guid(1d12d240bf8766147baa15dd32298cc4) Importer(815301076,1909f56bfc062723c751e8b465ee728b)
Start importing Assets/Prefabs/BloodDecalMeshes/Prefabs/BloodDecal06.prefab using Guid(1d12d240bf8766147baa15dd32298cc4) Importer(815301076,1909f56bfc062723c751e8b465ee728b)  -> (artifact id: 'd2973f33d5ae2f714ac49d0ce0800eb4') in 0.035764 seconds 
========================================================================
Received Import Request.
  Time since last request: 0.000379 seconds.
  path: Assets/UnityTechnologies/ParticlePack/EffectExamples/Smoke & Steam Effects/Materials/RockDebris.mat
  artifactKey: Guid(fbdb05c770da2c44fa1993ee693bd6cf) Importer(815301076,1909f56bfc062723c751e8b465ee728b)
Start importing Assets/UnityTechnologies/ParticlePack/EffectExamples/Smoke & Steam Effects/Materials/RockDebris.mat using Guid(fbdb05c770da2c44fa1993ee693bd6cf) Importer(815301076,1909f56bfc062723c751e8b465ee728b)  -> (artifact id: 'd5e46e622ca809ac1148a0f84fa1d578') in 0.032012 seconds 
========================================================================
Received Import Request.
  Time since last request: 0.000460 seconds.
  path: Assets/SFLCK_2/!Prefabs/Lights/Light_Circle_Small_Frame.prefab
  artifactKey: Guid(7e0726a8165d596429025b008e498cb8) Importer(815301076,1909f56bfc062723c751e8b465ee728b)
Start importing Assets/SFLCK_2/!Prefabs/Lights/Light_Circle_Small_Frame.prefab using Guid(7e0726a8165d596429025b008e498cb8) Importer(815301076,1909f56bfc062723c751e8b465ee728b)  -> (artifact id: 'b41ab4b26e61f081ea3a705fd5f1f538') in 0.066335 seconds 
========================================================================
Received Import Request.
  Time since last request: 0.000323 seconds.
  path: Assets/SFLCK_2/!Prefabs/Interior/Vents/Prop_C_Airbox_Corner.prefab
  artifactKey: Guid(6149df53af5acfd43b62810b654886d1) Importer(815301076,1909f56bfc062723c751e8b465ee728b)
Start importing Assets/SFLCK_2/!Prefabs/Interior/Vents/Prop_C_Airbox_Corner.prefab using Guid(6149df53af5acfd43b62810b654886d1) Importer(815301076,1909f56bfc062723c751e8b465ee728b)  -> (artifact id: 'cbfc707d268c371350c45a52f3c5ce09') in 0.046493 seconds 
========================================================================
Received Import Request.
  Time since last request: 0.000240 seconds.
  path: Assets/SFLCK_2/Props_Machinery/Materials/Props_Machinery.mat
  artifactKey: Guid(c30711ee19042594f9f7e63e1bf9af7a) Importer(815301076,1909f56bfc062723c751e8b465ee728b)
Start importing Assets/SFLCK_2/Props_Machinery/Materials/Props_Machinery.mat using Guid(c30711ee19042594f9f7e63e1bf9af7a) Importer(815301076,1909f56bfc062723c751e8b465ee728b)  -> (artifact id: '7164638975caf7a73480e8da776a4839') in 0.035267 seconds 
========================================================================
Received Import Request.
  Time since last request: 0.000347 seconds.
  path: Assets/Prefabs/Materials/lpbe9339.mat
  artifactKey: Guid(c302072ada34caf4b9f0cf54fe299e41) Importer(815301076,1909f56bfc062723c751e8b465ee728b)
Start importing Assets/Prefabs/Materials/lpbe9339.mat using Guid(c302072ada34caf4b9f0cf54fe299e41) Importer(815301076,1909f56bfc062723c751e8b465ee728b)  -> (artifact id: 'f818ce9b5c257dc327a691bf26c9b858') in 0.043087 seconds 
========================================================================
Received Import Request.
  Time since last request: 0.000329 seconds.
  path: Assets/Prefabs/BloodDecalMeshes/Prefabs/BloodDecal_DontGoInThere.prefab
  artifactKey: Guid(c841fac809e87cd42b35bb3e3e000b3f) Importer(815301076,1909f56bfc062723c751e8b465ee728b)
Start importing Assets/Prefabs/BloodDecalMeshes/Prefabs/BloodDecal_DontGoInThere.prefab using Guid(c841fac809e87cd42b35bb3e3e000b3f) Importer(815301076,1909f56bfc062723c751e8b465ee728b)  -> (artifact id: 'e2c4eda2164d34ea30ea3e95acd8d057') in 0.030761 seconds 
========================================================================
Received Import Request.
  Time since last request: 0.000219 seconds.
  path: Assets/UnityTechnologies/ParticlePack/EffectExamples/Magic Effects/Materials/IceMist.mat
  artifactKey: Guid(c32a9cac58b398741add6365fbc2e883) Importer(815301076,1909f56bfc062723c751e8b465ee728b)
Start importing Assets/UnityTechnologies/ParticlePack/EffectExamples/Magic Effects/Materials/IceMist.mat using Guid(c32a9cac58b398741add6365fbc2e883) Importer(815301076,1909f56bfc062723c751e8b465ee728b)  -> (artifact id: '549817c3c1406708fe551d1f09f7b780') in 0.024037 seconds 
========================================================================
Received Import Request.
  Time since last request: 0.000310 seconds.
  path: Assets/SFLCK_2/!Prefabs/Furniture/Lockers/Shelf_Large.prefab
  artifactKey: Guid(69688255c3f63d04695ff01c28509cd9) Importer(815301076,1909f56bfc062723c751e8b465ee728b)
Start importing Assets/SFLCK_2/!Prefabs/Furniture/Lockers/Shelf_Large.prefab using Guid(69688255c3f63d04695ff01c28509cd9) Importer(815301076,1909f56bfc062723c751e8b465ee728b)  -> (artifact id: '93cb491d24db146787d40fe524db1416') in 0.044267 seconds 
========================================================================
Received Import Request.
  Time since last request: 0.000322 seconds.
  path: Assets/SFLCK_2/Doors/Materials/Doors.mat
  artifactKey: Guid(bf35f94d17e806b48a76b746a3ffaaf4) Importer(815301076,1909f56bfc062723c751e8b465ee728b)
Start importing Assets/SFLCK_2/Doors/Materials/Doors.mat using Guid(bf35f94d17e806b48a76b746a3ffaaf4) Importer(815301076,1909f56bfc062723c751e8b465ee728b)  -> (artifact id: 'b7c21a9514ab88c732f62e4184554979') in 0.034079 seconds 
========================================================================
Received Import Request.
  Time since last request: 0.000457 seconds.
  path: Assets/_Biomass/Meshes/Biomass2.FBX
  artifactKey: Guid(ca0fa56924f7b00489c1d4c66df53aef) Importer(815301076,1909f56bfc062723c751e8b465ee728b)
Start importing Assets/_Biomass/Meshes/Biomass2.FBX using Guid(ca0fa56924f7b00489c1d4c66df53aef) Importer(815301076,1909f56bfc062723c751e8b465ee728b)  -> (artifact id: '23bd4a987d6348bbdd67bebc35db3181') in 0.135188 seconds 
========================================================================
Received Import Request.
  Time since last request: 0.000712 seconds.
  path: Assets/SFLCK_2/!Prefabs/Walls_B/Doorways/B_Doorway_4x6.prefab
  artifactKey: Guid(c4aee4d45bfdc9a46b96d2e0bb2a404a) Importer(815301076,1909f56bfc062723c751e8b465ee728b)
Start importing Assets/SFLCK_2/!Prefabs/Walls_B/Doorways/B_Doorway_4x6.prefab using Guid(c4aee4d45bfdc9a46b96d2e0bb2a404a) Importer(815301076,1909f56bfc062723c751e8b465ee728b)  -> (artifact id: 'de575974aad8845e841ec4661e22b58a') in 0.045335 seconds 
========================================================================
Received Import Request.
  Time since last request: 0.000460 seconds.
  path: Assets/SFLCK_2/!Prefabs/Walls_C/Ceiling/C_Ceiling_2x2.prefab
  artifactKey: Guid(d91121ab81c7f39409b3cfb25e673db0) Importer(815301076,1909f56bfc062723c751e8b465ee728b)
Start importing Assets/SFLCK_2/!Prefabs/Walls_C/Ceiling/C_Ceiling_2x2.prefab using Guid(d91121ab81c7f39409b3cfb25e673db0) Importer(815301076,1909f56bfc062723c751e8b465ee728b)  -> (artifact id: '3de4f36d7872f01fecc4822083aa5ce6') in 0.035997 seconds 
========================================================================
Received Import Request.
  Time since last request: 0.000351 seconds.
  path: Assets/Materials/Standard/Prototype_512x512_Blue2.mat
  artifactKey: Guid(5e148de6cdf2d164aa3e3f90ce8c852c) Importer(815301076,1909f56bfc062723c751e8b465ee728b)
Start importing Assets/Materials/Standard/Prototype_512x512_Blue2.mat using Guid(5e148de6cdf2d164aa3e3f90ce8c852c) Importer(815301076,1909f56bfc062723c751e8b465ee728b)  -> (artifact id: '7ece45c95e3932871e3744c70ba9af1f') in 0.038710 seconds 
========================================================================
Received Import Request.
  Time since last request: 0.000583 seconds.
  path: Assets/UnityTechnologies/ParticlePack/EffectExamples/Weapon Effects/Materials/MuzzleFlash01.mat
  artifactKey: Guid(a8cb413d77ceb054abf10c2c6ee66337) Importer(815301076,1909f56bfc062723c751e8b465ee728b)
Start importing Assets/UnityTechnologies/ParticlePack/EffectExamples/Weapon Effects/Materials/MuzzleFlash01.mat using Guid(a8cb413d77ceb054abf10c2c6ee66337) Importer(815301076,1909f56bfc062723c751e8b465ee728b)  -> (artifact id: 'b090e8caa5cf041b69537512004721c2') in 0.042846 seconds 
========================================================================
Received Import Request.
  Time since last request: 0.000328 seconds.
  path: Assets/_Biomass/Prefabs/BiomassF_5.prefab
  artifactKey: Guid(39819ad6634f55d43a47ee70aad0b8b5) Importer(815301076,1909f56bfc062723c751e8b465ee728b)
Start importing Assets/_Biomass/Prefabs/BiomassF_5.prefab using Guid(39819ad6634f55d43a47ee70aad0b8b5) Importer(815301076,1909f56bfc062723c751e8b465ee728b)  -> (artifact id: '9c22fff974028e90456217d1a155121d') in 0.055024 seconds 
========================================================================
Received Import Request.
  Time since last request: 0.000395 seconds.
  path: Assets/SFLCK_2/!Prefabs/Walls_A/Celing/A_Ceiling_Ramp_L_2x6.prefab
  artifactKey: Guid(04c5bd5573fb9b14d84e9c60d92dd8ba) Importer(815301076,1909f56bfc062723c751e8b465ee728b)
Start importing Assets/SFLCK_2/!Prefabs/Walls_A/Celing/A_Ceiling_Ramp_L_2x6.prefab using Guid(04c5bd5573fb9b14d84e9c60d92dd8ba) Importer(815301076,1909f56bfc062723c751e8b465ee728b)  -> (artifact id: '6df738c25cab5a8cc3fc0110013ca4bc') in 0.033834 seconds 
========================================================================
Received Import Request.
  Time since last request: 0.000479 seconds.
  path: Assets/SFLCK_2/!Prefabs/Walls_B/Walls/B_Wall_Simple_2x4.prefab
  artifactKey: Guid(fc147cd45f8569a42ac19a3908230128) Importer(815301076,1909f56bfc062723c751e8b465ee728b)
Start importing Assets/SFLCK_2/!Prefabs/Walls_B/Walls/B_Wall_Simple_2x4.prefab using Guid(fc147cd45f8569a42ac19a3908230128) Importer(815301076,1909f56bfc062723c751e8b465ee728b)  -> (artifact id: '61212f1af2703b3a500f3b6ac83e3a52') in 0.034601 seconds 
========================================================================
Received Import Request.
  Time since last request: 0.000430 seconds.
  path: Assets/UnityTechnologies/ParticlePack/EffectExamples/Weapon Effects/Materials/BulletFleshDecal.mat
  artifactKey: Guid(d771645f9ac10d241b18277409d02a55) Importer(815301076,1909f56bfc062723c751e8b465ee728b)
Start importing Assets/UnityTechnologies/ParticlePack/EffectExamples/Weapon Effects/Materials/BulletFleshDecal.mat using Guid(d771645f9ac10d241b18277409d02a55) Importer(815301076,1909f56bfc062723c751e8b465ee728b)  -> (artifact id: '5bdb15e4dd5e90b8fce30953ee642bd0') in 0.029066 seconds 
========================================================================
Received Import Request.
  Time since last request: 0.000202 seconds.
  path: Assets/SFLCK_2/!Prefabs/Walls_A/Corners/A_Corner_End_2x4.prefab
  artifactKey: Guid(50649b32ec83ca7498c6f1ebdc3e1434) Importer(815301076,1909f56bfc062723c751e8b465ee728b)
Start importing Assets/SFLCK_2/!Prefabs/Walls_A/Corners/A_Corner_End_2x4.prefab using Guid(50649b32ec83ca7498c6f1ebdc3e1434) Importer(815301076,1909f56bfc062723c751e8b465ee728b)  -> (artifact id: '9a4425735c86745d55900d5ba2646a6f') in 0.032589 seconds 
========================================================================
Received Import Request.
  Time since last request: 0.000338 seconds.
  path: Assets/SFLCK_2/!Prefabs/Interior/Pipes/Ceiling_Pipes_End.prefab
  artifactKey: Guid(09d64ab5d4ef1064da48957f953da291) Importer(815301076,1909f56bfc062723c751e8b465ee728b)
Start importing Assets/SFLCK_2/!Prefabs/Interior/Pipes/Ceiling_Pipes_End.prefab using Guid(09d64ab5d4ef1064da48957f953da291) Importer(815301076,1909f56bfc062723c751e8b465ee728b)  -> (artifact id: '8ddfdc360c624d40911270f60db2973b') in 0.032497 seconds 
========================================================================
Received Import Request.
  Time since last request: 0.000212 seconds.
  path: Packages/com.unity.searcher/Editor/Resources/FlatSkin/Font/Roboto-BlackItalic.ttf
  artifactKey: Guid(f95147a9bab9fe649b8070170fa7ebd2) Importer(815301076,1909f56bfc062723c751e8b465ee728b)
Start importing Packages/com.unity.searcher/Editor/Resources/FlatSkin/Font/Roboto-BlackItalic.ttf using Guid(f95147a9bab9fe649b8070170fa7ebd2) Importer(815301076,1909f56bfc062723c751e8b465ee728b)  -> (artifact id: 'b547faaff5fd294001bed41ef76adab2') in 0.034507 seconds 
========================================================================
Received Import Request.
  Time since last request: 0.000401 seconds.
  path: Assets/Prefabs/BloodDecalMeshes/Prefabs/BloodDecal08.prefab
  artifactKey: Guid(c1531cc37ebae094e94e56279d80cf6d) Importer(815301076,1909f56bfc062723c751e8b465ee728b)
Start importing Assets/Prefabs/BloodDecalMeshes/Prefabs/BloodDecal08.prefab using Guid(c1531cc37ebae094e94e56279d80cf6d) Importer(815301076,1909f56bfc062723c751e8b465ee728b)  -> (artifact id: '7fdceff22c7497c98bd389b34537d0c9') in 0.037758 seconds 
========================================================================
Received Import Request.
  Time since last request: 0.000376 seconds.
  path: Assets/SFLCK_2/!Prefabs/Interior/Walls/Box_Long.prefab
  artifactKey: Guid(15fd651da6bb0fd44bbc8855558210a3) Importer(815301076,1909f56bfc062723c751e8b465ee728b)
Start importing Assets/SFLCK_2/!Prefabs/Interior/Walls/Box_Long.prefab using Guid(15fd651da6bb0fd44bbc8855558210a3) Importer(815301076,1909f56bfc062723c751e8b465ee728b)  -> (artifact id: '653ddd3de2f839d1500fd51f24f06010') in 0.036671 seconds 
========================================================================
Received Import Request.
  Time since last request: 0.000369 seconds.
  path: Assets/_Biomass/Prefabs/BiomassF_4.prefab
  artifactKey: Guid(ecbe05a68c25bfd458073103ac10c5af) Importer(815301076,1909f56bfc062723c751e8b465ee728b)
Start importing Assets/_Biomass/Prefabs/BiomassF_4.prefab using Guid(ecbe05a68c25bfd458073103ac10c5af) Importer(815301076,1909f56bfc062723c751e8b465ee728b)  -> (artifact id: '546c8b5ff9aa6abbf5328486a229d639') in 0.052992 seconds 
========================================================================
Received Import Request.
  Time since last request: 0.000636 seconds.
  path: Assets/SFLCK_2/!Prefabs/Machinery/Generator_3_Corner.prefab
  artifactKey: Guid(deaf8314c1247dd4391cee9d63b87f0e) Importer(815301076,1909f56bfc062723c751e8b465ee728b)
Start importing Assets/SFLCK_2/!Prefabs/Machinery/Generator_3_Corner.prefab using Guid(deaf8314c1247dd4391cee9d63b87f0e) Importer(815301076,1909f56bfc062723c751e8b465ee728b)  -> (artifact id: '24075d37570ed57ba759104a340168e4') in 0.035151 seconds 
========================================================================
Received Import Request.
  Time since last request: 0.000517 seconds.
  path: Assets/UnityTechnologies/ParticlePack/EffectExamples/Goop Effects/Prefabs/GoopStreamEffect.prefab
  artifactKey: Guid(a3768c8a9d1b90d4bb0eb0e4bdbe730c) Importer(815301076,1909f56bfc062723c751e8b465ee728b)
Start importing Assets/UnityTechnologies/ParticlePack/EffectExamples/Goop Effects/Prefabs/GoopStreamEffect.prefab using Guid(a3768c8a9d1b90d4bb0eb0e4bdbe730c) Importer(815301076,1909f56bfc062723c751e8b465ee728b)  -> (artifact id: 'bca4c2ada82108209efd252072e273da') in 0.035121 seconds 
========================================================================
Received Import Request.
  Time since last request: 0.000352 seconds.
  path: Assets/Prefabs/MysteryBoxLocation.prefab
  artifactKey: Guid(c98b47e68d2b2c94eba551a72f3259c1) Importer(815301076,1909f56bfc062723c751e8b465ee728b)
Start importing Assets/Prefabs/MysteryBoxLocation.prefab using Guid(c98b47e68d2b2c94eba551a72f3259c1) Importer(815301076,1909f56bfc062723c751e8b465ee728b)  -> (artifact id: '604b7046dbfde72fd3e4d94c6336a2f0') in 0.062405 seconds 
========================================================================
Received Import Request.
  Time since last request: 0.000255 seconds.
  path: Assets/Concrete textures pack/pattern 15/Concrete pattern 15.mat
  artifactKey: Guid(6c096acbd65465b438d9b0a3d141cff1) Importer(815301076,1909f56bfc062723c751e8b465ee728b)
Start importing Assets/Concrete textures pack/pattern 15/Concrete pattern 15.mat using Guid(6c096acbd65465b438d9b0a3d141cff1) Importer(815301076,1909f56bfc062723c751e8b465ee728b)  -> (artifact id: '64ac687b91a23d497f6afffd227cf9d0') in 0.045767 seconds 
========================================================================
Received Import Request.
  Time since last request: 0.000312 seconds.
  path: Assets/UnityTechnologies/ParticlePack/EffectExamples/Fire & Explosion Effects/Materials/LargeFlame02.mat
  artifactKey: Guid(b25dd701bdc692249907c8b4e4b784b2) Importer(815301076,1909f56bfc062723c751e8b465ee728b)
Start importing Assets/UnityTechnologies/ParticlePack/EffectExamples/Fire & Explosion Effects/Materials/LargeFlame02.mat using Guid(b25dd701bdc692249907c8b4e4b784b2) Importer(815301076,1909f56bfc062723c751e8b465ee728b)  -> (artifact id: '382705d0ac915814165a6dd2b54b558e') in 0.044642 seconds 
========================================================================
Received Import Request.
  Time since last request: 0.000366 seconds.
  path: Assets/SFLCK_2/!Prefabs/Walls_A/Celing/A_Ceiling_A_Coridor_4x8.prefab
  artifactKey: Guid(e3c2f600407dc2142af55f6eda159f29) Importer(815301076,1909f56bfc062723c751e8b465ee728b)
Start importing Assets/SFLCK_2/!Prefabs/Walls_A/Celing/A_Ceiling_A_Coridor_4x8.prefab using Guid(e3c2f600407dc2142af55f6eda159f29) Importer(815301076,1909f56bfc062723c751e8b465ee728b)  -> (artifact id: 'cf2da3c05375aabdf362ba1b420130f3') in 0.032086 seconds 
========================================================================
Received Import Request.
  Time since last request: 0.000210 seconds.
  path: Assets/Prefabs/BloodDecalMeshes/Prefabs/blood_is.prefab
  artifactKey: Guid(e138033c657584f42a1fa3b7aa13110c) Importer(815301076,1909f56bfc062723c751e8b465ee728b)
Start importing Assets/Prefabs/BloodDecalMeshes/Prefabs/blood_is.prefab using Guid(e138033c657584f42a1fa3b7aa13110c) Importer(815301076,1909f56bfc062723c751e8b465ee728b)  -> (artifact id: 'c6b86af62c692daf004b46813436d8ac') in 0.045154 seconds 
========================================================================
Received Import Request.
  Time since last request: 0.000538 seconds.
  path: Assets/Prefabs/BloodDecalMeshes/Prefabs/BloodDecal24.prefab
  artifactKey: Guid(1bddf7a102ad0d249a63b79c3796aafe) Importer(815301076,1909f56bfc062723c751e8b465ee728b)
Start importing Assets/Prefabs/BloodDecalMeshes/Prefabs/BloodDecal24.prefab using Guid(1bddf7a102ad0d249a63b79c3796aafe) Importer(815301076,1909f56bfc062723c751e8b465ee728b)  -> (artifact id: '552353eeaf31f702d37de5a12f750e2e') in 0.043760 seconds 
========================================================================
Received Import Request.
  Time since last request: 0.000398 seconds.
  path: Assets/_Biomass/Prefabs/Biomass_5.prefab
  artifactKey: Guid(0c9573e5bf9c54843b6f0d76eec6613b) Importer(815301076,1909f56bfc062723c751e8b465ee728b)
Start importing Assets/_Biomass/Prefabs/Biomass_5.prefab using Guid(0c9573e5bf9c54843b6f0d76eec6613b) Importer(815301076,1909f56bfc062723c751e8b465ee728b)  -> (artifact id: '6fd786a59c52bb6689ddeeb86b16c122') in 0.060628 seconds 
========================================================================
Received Import Request.
  Time since last request: 0.000307 seconds.
  path: Assets/_Biomass/Prefabs/BiomassS_16.prefab
  artifactKey: Guid(9f475b697bf4eb04c85b932c9ad56599) Importer(815301076,1909f56bfc062723c751e8b465ee728b)
Start importing Assets/_Biomass/Prefabs/BiomassS_16.prefab using Guid(9f475b697bf4eb04c85b932c9ad56599) Importer(815301076,1909f56bfc062723c751e8b465ee728b)  -> (artifact id: 'a46a6cc4bfe737789c00ede79e1a64d4') in 0.033694 seconds 
========================================================================
Received Import Request.
  Time since last request: 0.000317 seconds.
  path: Assets/Prefabs/BloodDecalMeshes/Prefabs/blood_demons.prefab
  artifactKey: Guid(c75b0f5a2b0af6d4c88c9eb2e10b53a7) Importer(815301076,1909f56bfc062723c751e8b465ee728b)
Start importing Assets/Prefabs/BloodDecalMeshes/Prefabs/blood_demons.prefab using Guid(c75b0f5a2b0af6d4c88c9eb2e10b53a7) Importer(815301076,1909f56bfc062723c751e8b465ee728b)  -> (artifact id: 'e069214f68e3d754b165dec9f73d7ff1') in 0.034786 seconds 
========================================================================
Received Import Request.
  Time since last request: 0.000320 seconds.
  path: Assets/UnityTechnologies/ParticlePack/EffectExamples/Magic Effects/Models/IceShard.FBX
  artifactKey: Guid(a7ca52bcb825d7044a8afdfd569507c9) Importer(815301076,1909f56bfc062723c751e8b465ee728b)
Start importing Assets/UnityTechnologies/ParticlePack/EffectExamples/Magic Effects/Models/IceShard.FBX using Guid(a7ca52bcb825d7044a8afdfd569507c9) Importer(815301076,1909f56bfc062723c751e8b465ee728b)  -> (artifact id: 'c6e000c994681177ea08999a9d887e6d') in 0.056119 seconds 
========================================================================
Received Import Request.
  Time since last request: 0.000367 seconds.
  path: Assets/_Biomass/Prefabs/BiomassS_12.prefab
  artifactKey: Guid(eaeb0e24246b7114698f2da7e492a2a2) Importer(815301076,1909f56bfc062723c751e8b465ee728b)
Start importing Assets/_Biomass/Prefabs/BiomassS_12.prefab using Guid(eaeb0e24246b7114698f2da7e492a2a2) Importer(815301076,1909f56bfc062723c751e8b465ee728b)  -> (artifact id: '5c02383d2b6874e11bc9138409bc9a76') in 0.034372 seconds 
========================================================================
Received Import Request.
  Time since last request: 0.000429 seconds.
  path: Assets/Prefabs/RedZombieRigged.prefab
  artifactKey: Guid(24c71c886c259124b8d69f4dd14bb457) Importer(815301076,1909f56bfc062723c751e8b465ee728b)
Start importing Assets/Prefabs/RedZombieRigged.prefab using Guid(24c71c886c259124b8d69f4dd14bb457) Importer(815301076,1909f56bfc062723c751e8b465ee728b)  -> (artifact id: 'e012a6739ab53a634c7ba6eb8184eb4c') in 0.124638 seconds 
========================================================================
Received Import Request.
  Time since last request: 0.000299 seconds.
  path: Assets/Prefabs/BloodDecalMeshes/Prefabs/blood_letter_k_lowCase.prefab
  artifactKey: Guid(04f38b509b0271240b9187ba33e3ae98) Importer(815301076,1909f56bfc062723c751e8b465ee728b)
Start importing Assets/Prefabs/BloodDecalMeshes/Prefabs/blood_letter_k_lowCase.prefab using Guid(04f38b509b0271240b9187ba33e3ae98) Importer(815301076,1909f56bfc062723c751e8b465ee728b)  -> (artifact id: '720546348dd1e3ab8fd209817fff90bc') in 0.036040 seconds 
========================================================================
Received Import Request.
  Time since last request: 0.000388 seconds.
  path: Assets/Models/Player1.prefab
  artifactKey: Guid(c3aeb9b90e22b2b40b9a1c82eac80523) Importer(815301076,1909f56bfc062723c751e8b465ee728b)
Start importing Assets/Models/Player1.prefab using Guid(c3aeb9b90e22b2b40b9a1c82eac80523) Importer(815301076,1909f56bfc062723c751e8b465ee728b) Asset 'Player': Transition 'PlayerForward -> PlayerLeft' in state 'PlayerForward' doesn't have an Exit Time or any condition, transition will be ignored
UnityEngine.StackTraceUtility:ExtractStackTrace ()
UnityEditor.EditorUtility:Internal_InstantiateRemoveAllNonAnimationComponentsSingle (UnityEngine.Object,UnityEngine.Vector3,UnityEngine.Quaternion)
UnityEditor.EditorUtility:InstantiateRemoveAllNonAnimationComponents (UnityEngine.Object,UnityEngine.Vector3,UnityEngine.Quaternion)
UnityEditor.EditorUtility:InstantiateForAnimatorPreview (UnityEngine.Object)
UnityEditor.GameObjectInspector/PreviewData:UpdateGameObject (UnityEngine.Object)
UnityEditor.GameObjectInspector/PreviewData:.ctor (UnityEngine.Object)
UnityEditor.GameObjectInspector:GetPreviewData ()
UnityEditor.GameObjectInspector:RenderStaticPreview (string,UnityEngine.Object[],int,int)
UnityEditor.AssetPreviewUpdater:CreatePreviewForAsset (UnityEngine.Object,UnityEngine.Object[],string)

[C:\build\output\unity\unity\Editor/Src/Animation/StateMachine.cpp line 1842]

 -> (artifact id: '3cdee4fafe1fedb2baa94fb09032d592') in 0.100820 seconds 
========================================================================
Received Import Request.
  Time since last request: 0.000528 seconds.
  path: Assets/UnityTechnologies/ParticlePack/EffectExamples/Fire & Explosion Effects/Materials/Dust.mat
  artifactKey: Guid(53a63d52a4c231f4c8ef0f2bfc170425) Importer(815301076,1909f56bfc062723c751e8b465ee728b)
Start importing Assets/UnityTechnologies/ParticlePack/EffectExamples/Fire & Explosion Effects/Materials/Dust.mat using Guid(53a63d52a4c231f4c8ef0f2bfc170425) Importer(815301076,1909f56bfc062723c751e8b465ee728b)  -> (artifact id: '5e4b0e4994a079bae7e7ce78e76eed57') in 0.023870 seconds 
========================================================================
Received Import Request.
  Time since last request: 0.000465 seconds.
  path: Assets/SFLCK_2/!Prefabs/Furniture/Beds/Bed_Large_2.prefab
  artifactKey: Guid(44efcf4579c07cc47be6911f6fc4560a) Importer(815301076,1909f56bfc062723c751e8b465ee728b)
Start importing Assets/SFLCK_2/!Prefabs/Furniture/Beds/Bed_Large_2.prefab using Guid(44efcf4579c07cc47be6911f6fc4560a) Importer(815301076,1909f56bfc062723c751e8b465ee728b)  -> (artifact id: '5b50b2fd8617e138b6cba89c24010c2a') in 0.046831 seconds 
========================================================================
Received Import Request.
  Time since last request: 0.000309 seconds.
  path: Assets/UnityTechnologies/ParticlePack/EffectExamples/Fire & Explosion Effects/Materials/Flame03.mat
  artifactKey: Guid(d7f098ed9997e714193be5e86df013f4) Importer(815301076,1909f56bfc062723c751e8b465ee728b)
Start importing Assets/UnityTechnologies/ParticlePack/EffectExamples/Fire & Explosion Effects/Materials/Flame03.mat using Guid(d7f098ed9997e714193be5e86df013f4) Importer(815301076,1909f56bfc062723c751e8b465ee728b)  -> (artifact id: 'e6912d7b9d9bf16f8b2fbf7c6bac073c') in 0.043900 seconds 
========================================================================
Received Import Request.
  Time since last request: 0.000331 seconds.
  path: Assets/Prefabs/BloodDecalMeshes/Prefabs/blood_symb_trinity.prefab
  artifactKey: Guid(8331c1ef2c172af418dd4d12bb381fbd) Importer(815301076,1909f56bfc062723c751e8b465ee728b)
Start importing Assets/Prefabs/BloodDecalMeshes/Prefabs/blood_symb_trinity.prefab using Guid(8331c1ef2c172af418dd4d12bb381fbd) Importer(815301076,1909f56bfc062723c751e8b465ee728b)  -> (artifact id: '3a136675cdb9d618798d2cc4dcd2a865') in 0.040963 seconds 
========================================================================
Received Import Request.
  Time since last request: 0.000295 seconds.
  path: Assets/SFLCK_2/!Prefabs/Interior/Vents/Prop_C_Vent_Small.prefab
  artifactKey: Guid(3163e130173d1b04f917253e8b8b9d00) Importer(815301076,1909f56bfc062723c751e8b465ee728b)
Start importing Assets/SFLCK_2/!Prefabs/Interior/Vents/Prop_C_Vent_Small.prefab using Guid(3163e130173d1b04f917253e8b8b9d00) Importer(815301076,1909f56bfc062723c751e8b465ee728b)  -> (artifact id: '0a0582a1db49572c05b52536d4bade90') in 0.046784 seconds 
========================================================================
Received Import Request.
  Time since last request: 0.000309 seconds.
  path: Assets/UnityTechnologies/ParticlePack/EffectExamples/Smoke & Steam Effects/Materials/Twinkle.mat
  artifactKey: Guid(8765829b4c1b820409385ae53384fb25) Importer(815301076,1909f56bfc062723c751e8b465ee728b)
Start importing Assets/UnityTechnologies/ParticlePack/EffectExamples/Smoke & Steam Effects/Materials/Twinkle.mat using Guid(8765829b4c1b820409385ae53384fb25) Importer(815301076,1909f56bfc062723c751e8b465ee728b)  -> (artifact id: '5f457734d7deda466a1d3a4a9de7c164') in 0.033245 seconds 
========================================================================
Received Import Request.
  Time since last request: 0.000443 seconds.
  path: Assets/Materials/Standard/Prototype_512x512_Grey1.mat
  artifactKey: Guid(c181c23a6120fbe4aadd5bb53a58dd78) Importer(815301076,1909f56bfc062723c751e8b465ee728b)
Start importing Assets/Materials/Standard/Prototype_512x512_Grey1.mat using Guid(c181c23a6120fbe4aadd5bb53a58dd78) Importer(815301076,1909f56bfc062723c751e8b465ee728b)  -> (artifact id: '84db090a9a6767eff4136c3c95985a22') in 0.047472 seconds 
========================================================================
Received Import Request.
  Time since last request: 0.000302 seconds.
  path: Assets/Prefabs/BloodDecalMeshes/BloodGushFX/Materials/GreyscaleParticleC.mat
  artifactKey: Guid(dc45b722b7634214a9d664f8971d634d) Importer(815301076,1909f56bfc062723c751e8b465ee728b)
Start importing Assets/Prefabs/BloodDecalMeshes/BloodGushFX/Materials/GreyscaleParticleC.mat using Guid(dc45b722b7634214a9d664f8971d634d) Importer(815301076,1909f56bfc062723c751e8b465ee728b)  -> (artifact id: '4870eb203d9854a594c239e0045fdf6d') in 0.029685 seconds 
========================================================================
Received Import Request.
  Time since last request: 0.000389 seconds.
  path: Assets/SFLCK_2/!Prefabs/Bulkheads/A_Bulkhead_Top.prefab
  artifactKey: Guid(cf7aec810fb257a43ba9252997063f60) Importer(815301076,1909f56bfc062723c751e8b465ee728b)
Start importing Assets/SFLCK_2/!Prefabs/Bulkheads/A_Bulkhead_Top.prefab using Guid(cf7aec810fb257a43ba9252997063f60) Importer(815301076,1909f56bfc062723c751e8b465ee728b)  -> (artifact id: '9086f82185b54a4c1e78fd4187cf1e12') in 0.032041 seconds 
========================================================================
Received Import Request.
  Time since last request: 0.000221 seconds.
  path: Assets/Prefabs/BloodDecalMeshes/Prefabs/BloodDecal_ExclamationMark.prefab
  artifactKey: Guid(3d61a4d3d86cd934c82e56a281de201a) Importer(815301076,1909f56bfc062723c751e8b465ee728b)
Start importing Assets/Prefabs/BloodDecalMeshes/Prefabs/BloodDecal_ExclamationMark.prefab using Guid(3d61a4d3d86cd934c82e56a281de201a) Importer(815301076,1909f56bfc062723c751e8b465ee728b)  -> (artifact id: '1957ee3a540b2bd281c91279f2776bfc') in 0.044474 seconds 
========================================================================
Received Import Request.
  Time since last request: 0.000231 seconds.
  path: Assets/Prefabs/BloodDecalMeshes/Prefabs/blood_rn_v.prefab
  artifactKey: Guid(f87d312e6ef7bb14e89edd7290baae0a) Importer(815301076,1909f56bfc062723c751e8b465ee728b)
Start importing Assets/Prefabs/BloodDecalMeshes/Prefabs/blood_rn_v.prefab using Guid(f87d312e6ef7bb14e89edd7290baae0a) Importer(815301076,1909f56bfc062723c751e8b465ee728b)  -> (artifact id: '0cede7ed4682fcb3944f32bb98105702') in 0.042031 seconds 
========================================================================
Received Import Request.
  Time since last request: 0.000201 seconds.
  path: Assets/UnityTechnologies/ParticlePack/EffectExamples/Weapon Effects/Prefabs/WoodImpacts.prefab
  artifactKey: Guid(3c0b5f221ea995442b9d11dc526de1c0) Importer(815301076,1909f56bfc062723c751e8b465ee728b)
Start importing Assets/UnityTechnologies/ParticlePack/EffectExamples/Weapon Effects/Prefabs/WoodImpacts.prefab using Guid(3c0b5f221ea995442b9d11dc526de1c0) Importer(815301076,1909f56bfc062723c751e8b465ee728b)  -> (artifact id: '88e77038569cfd4ad66d032dcf158d9f') in 0.039478 seconds 
========================================================================
Received Import Request.
  Time since last request: 0.000316 seconds.
  path: Assets/UnityTechnologies/ParticlePack/EffectExamples/Goop Effects/Materials/GoopPoolParticle.mat
  artifactKey: Guid(95be4df36eca6eb4b821dcab4acd4a1e) Importer(815301076,1909f56bfc062723c751e8b465ee728b)
Start importing Assets/UnityTechnologies/ParticlePack/EffectExamples/Goop Effects/Materials/GoopPoolParticle.mat using Guid(95be4df36eca6eb4b821dcab4acd4a1e) Importer(815301076,1909f56bfc062723c751e8b465ee728b)  -> (artifact id: 'a73df2fe20adee79c360b31b9ed173c7') in 0.028893 seconds 
========================================================================
Received Import Request.
  Time since last request: 0.000309 seconds.
  path: Assets/_Biomass/Prefabs/BiomassS_1.prefab
  artifactKey: Guid(7a1f87e5b5ae2234fb3fcedcddf8f1c4) Importer(815301076,1909f56bfc062723c751e8b465ee728b)
Start importing Assets/_Biomass/Prefabs/BiomassS_1.prefab using Guid(7a1f87e5b5ae2234fb3fcedcddf8f1c4) Importer(815301076,1909f56bfc062723c751e8b465ee728b)  -> (artifact id: 'b221a1e5c9648ee197476b9dbfca5a79') in 0.034245 seconds 
========================================================================
Received Import Request.
  Time since last request: 0.000308 seconds.
  path: Assets/Prefabs/BloodDecalMeshes/Prefabs/blood_letter_q_lowCase.prefab
  artifactKey: Guid(2baafc60de070d841b58b9ad9a981163) Importer(815301076,1909f56bfc062723c751e8b465ee728b)
Start importing Assets/Prefabs/BloodDecalMeshes/Prefabs/blood_letter_q_lowCase.prefab using Guid(2baafc60de070d841b58b9ad9a981163) Importer(815301076,1909f56bfc062723c751e8b465ee728b)  -> (artifact id: '8f62b50663cc768d708f141b81d2672d') in 0.042108 seconds 
========================================================================
Received Import Request.
  Time since last request: 0.000274 seconds.
  path: Assets/_Biomass/Prefabs/Biomass_13.prefab
  artifactKey: Guid(c9b3684d118d0494e99f82307ef05180) Importer(815301076,1909f56bfc062723c751e8b465ee728b)
Start importing Assets/_Biomass/Prefabs/Biomass_13.prefab using Guid(c9b3684d118d0494e99f82307ef05180) Importer(815301076,1909f56bfc062723c751e8b465ee728b)  -> (artifact id: '5dbb90412b794b98cb6ffb4cb125b5bc') in 0.049944 seconds 
========================================================================
Received Import Request.
  Time since last request: 0.000337 seconds.
  path: Assets/SFLCK_2/!Prefabs/Machinery/Generator_2.prefab
  artifactKey: Guid(98fa455d037b0be489af73f3a40bb9ae) Importer(815301076,1909f56bfc062723c751e8b465ee728b)
Start importing Assets/SFLCK_2/!Prefabs/Machinery/Generator_2.prefab using Guid(98fa455d037b0be489af73f3a40bb9ae) Importer(815301076,1909f56bfc062723c751e8b465ee728b)  -> (artifact id: '17a7acb597a320d3ff8326f8f298e0f6') in 0.054653 seconds 
========================================================================
Received Import Request.
  Time since last request: 0.000585 seconds.
  path: Assets/Materials/Material.004.mat
  artifactKey: Guid(9f708cbd74caa7d4ebb02f01e5884490) Importer(815301076,1909f56bfc062723c751e8b465ee728b)
Start importing Assets/Materials/Material.004.mat using Guid(9f708cbd74caa7d4ebb02f01e5884490) Importer(815301076,1909f56bfc062723c751e8b465ee728b)  -> (artifact id: '36cdf375a1857f48f61a370a0f4e478b') in 0.031826 seconds 
========================================================================
Received Import Request.
  Time since last request: 0.000271 seconds.
  path: Assets/_Biomass/Materials/Biomass3.mat
  artifactKey: Guid(a942488070cfb3a42a0626ea4e1e4484) Importer(815301076,1909f56bfc062723c751e8b465ee728b)
Start importing Assets/_Biomass/Materials/Biomass3.mat using Guid(a942488070cfb3a42a0626ea4e1e4484) Importer(815301076,1909f56bfc062723c751e8b465ee728b)  -> (artifact id: '2f9730a9f9a6d5972a38e6622d9a33ec') in 0.057915 seconds 
========================================================================
Received Import Request.
  Time since last request: 0.000295 seconds.
  path: Assets/Prefabs/BloodDecalMeshes/Prefabs/blood_letter_Y.prefab
  artifactKey: Guid(e0081f04096992f458cdbce631e72a8f) Importer(815301076,1909f56bfc062723c751e8b465ee728b)
Start importing Assets/Prefabs/BloodDecalMeshes/Prefabs/blood_letter_Y.prefab using Guid(e0081f04096992f458cdbce631e72a8f) Importer(815301076,1909f56bfc062723c751e8b465ee728b)  -> (artifact id: 'e27342edca7f7aec1ae5c0d00924aedd') in 0.050349 seconds 
========================================================================
Received Import Request.
  Time since last request: 0.000669 seconds.
  path: Assets/SFLCK_2/!Prefabs/Furniture/Chairs/Chair_2.prefab
  artifactKey: Guid(ae00d777cf5caab4898f724b6423ba9d) Importer(815301076,1909f56bfc062723c751e8b465ee728b)
Start importing Assets/SFLCK_2/!Prefabs/Furniture/Chairs/Chair_2.prefab using Guid(ae00d777cf5caab4898f724b6423ba9d) Importer(815301076,1909f56bfc062723c751e8b465ee728b)  -> (artifact id: '5fc124e6360dbb2924c8598477781dc0') in 0.048918 seconds 
========================================================================
Received Import Request.
  Time since last request: 0.000447 seconds.
  path: Assets/_Biomass/Prefabs/BiomassCU_2.prefab
  artifactKey: Guid(a334579251e12a94c8a828e51864da4a) Importer(815301076,1909f56bfc062723c751e8b465ee728b)
Start importing Assets/_Biomass/Prefabs/BiomassCU_2.prefab using Guid(a334579251e12a94c8a828e51864da4a) Importer(815301076,1909f56bfc062723c751e8b465ee728b)  -> (artifact id: 'e8e89307e6bea68b74fdacfd0235c420') in 0.050948 seconds 
========================================================================
Received Import Request.
  Time since last request: 0.000203 seconds.
  path: Assets/Prefabs/BloodDecalMeshes/Prefabs/blood_symb_ram.prefab
  artifactKey: Guid(a24bfc8dbcdfe9447b75ef8cb218bbef) Importer(815301076,1909f56bfc062723c751e8b465ee728b)
Start importing Assets/Prefabs/BloodDecalMeshes/Prefabs/blood_symb_ram.prefab using Guid(a24bfc8dbcdfe9447b75ef8cb218bbef) Importer(815301076,1909f56bfc062723c751e8b465ee728b)  -> (artifact id: '0a634fafa7ea8741a3fc2b14a9c7ecb0') in 0.035675 seconds 
========================================================================
Received Import Request.
  Time since last request: 0.000276 seconds.
  path: Assets/Prefabs/BloodDecalMeshes/Prefabs/blood_letter_F.prefab
  artifactKey: Guid(feb3d3726c6ec6a44bcf7baf3c2eac70) Importer(815301076,1909f56bfc062723c751e8b465ee728b)
Start importing Assets/Prefabs/BloodDecalMeshes/Prefabs/blood_letter_F.prefab using Guid(feb3d3726c6ec6a44bcf7baf3c2eac70) Importer(815301076,1909f56bfc062723c751e8b465ee728b)  -> (artifact id: '9fc2490a64fdfcc30711fe064dd1b87a') in 0.037509 seconds 
========================================================================
Received Import Request.
  Time since last request: 0.000306 seconds.
  path: Assets/Materials/Standard/Prototype_512x512_Olive.mat
  artifactKey: Guid(f794c8451763f354c84ed1f9b0ea15a5) Importer(815301076,1909f56bfc062723c751e8b465ee728b)
Start importing Assets/Materials/Standard/Prototype_512x512_Olive.mat using Guid(f794c8451763f354c84ed1f9b0ea15a5) Importer(815301076,1909f56bfc062723c751e8b465ee728b)  -> (artifact id: '8be0e56db2169b7f4e7bdc3a6fcbe743') in 0.027994 seconds 
========================================================================
Received Import Request.
  Time since last request: 0.000285 seconds.
  path: Assets/SFLCK_2/Models_C/Materials/C_Wall_1.mat
  artifactKey: Guid(08aeda1716b868c4ab32dc88e781edaa) Importer(815301076,1909f56bfc062723c751e8b465ee728b)
Start importing Assets/SFLCK_2/Models_C/Materials/C_Wall_1.mat using Guid(08aeda1716b868c4ab32dc88e781edaa) Importer(815301076,1909f56bfc062723c751e8b465ee728b)  -> (artifact id: '3d7f305415ddf3a451e63422445997f4') in 0.036909 seconds 
========================================================================
Received Import Request.
  Time since last request: 0.000361 seconds.
  path: Assets/SFLCK_2/!Prefabs/Lights/Light_Medium_Long.prefab
  artifactKey: Guid(760f8440625052b4886838af204cbe9b) Importer(815301076,1909f56bfc062723c751e8b465ee728b)
Start importing Assets/SFLCK_2/!Prefabs/Lights/Light_Medium_Long.prefab using Guid(760f8440625052b4886838af204cbe9b) Importer(815301076,1909f56bfc062723c751e8b465ee728b)  -> (artifact id: '75315c5bd6c72d37aa91d94ae527f140') in 0.055783 seconds 
========================================================================
Received Import Request.
  Time since last request: 0.000341 seconds.
  path: Assets/Prefabs/BloodDecalMeshes/Prefabs/blood_rn_iii.prefab
  artifactKey: Guid(a1932d977341afd4483bd72893ca48e3) Importer(815301076,1909f56bfc062723c751e8b465ee728b)
Start importing Assets/Prefabs/BloodDecalMeshes/Prefabs/blood_rn_iii.prefab using Guid(a1932d977341afd4483bd72893ca48e3) Importer(815301076,1909f56bfc062723c751e8b465ee728b)  -> (artifact id: '29f6c9e8aad2bd95a2a12085defff04f') in 0.042731 seconds 
========================================================================
Received Import Request.
  Time since last request: 0.000259 seconds.
  path: Assets/Models/MysteryBox.fbx
  artifactKey: Guid(49866c3aaa327804f86f0818ee585bca) Importer(815301076,1909f56bfc062723c751e8b465ee728b)
Start importing Assets/Models/MysteryBox.fbx using Guid(49866c3aaa327804f86f0818ee585bca) Importer(815301076,1909f56bfc062723c751e8b465ee728b)  -> (artifact id: 'cdeb6476dd1d4f6aa8d07f9d80f9ee10') in 0.090413 seconds 
========================================================================
Received Import Request.
  Time since last request: 0.000334 seconds.
  path: Assets/_Biomass/Prefabs/Pregathered/BiomassGathBF_6.prefab
  artifactKey: Guid(26ec992ee2cb9ab44b34acd3ba5bd6f0) Importer(815301076,1909f56bfc062723c751e8b465ee728b)
Start importing Assets/_Biomass/Prefabs/Pregathered/BiomassGathBF_6.prefab using Guid(26ec992ee2cb9ab44b34acd3ba5bd6f0) Importer(815301076,1909f56bfc062723c751e8b465ee728b)  -> (artifact id: 'fa743ad5ab71d8e444926b3d9fe2f019') in 0.099416 seconds 
========================================================================
Received Import Request.
  Time since last request: 0.000216 seconds.
  path: Assets/SFLCK_2/Furniture_1/Furnirure_1_Mat.FBX
  artifactKey: Guid(80d296e52ffae6a459be4c65c8664bb7) Importer(815301076,1909f56bfc062723c751e8b465ee728b)
Start importing Assets/SFLCK_2/Furniture_1/Furnirure_1_Mat.FBX using Guid(80d296e52ffae6a459be4c65c8664bb7) Importer(815301076,1909f56bfc062723c751e8b465ee728b)  -> (artifact id: '497a5a8d044caae95679f887dfe1ca79') in 0.051515 seconds 
========================================================================
Received Import Request.
  Time since last request: 0.000525 seconds.
  path: Assets/UnityTechnologies/ParticlePack/EffectExamples/Fire & Explosion Effects/Materials/ExplosionDistortion.mat
  artifactKey: Guid(fafa06e8ef8c7fb4eac7a74c65cf3a06) Importer(815301076,1909f56bfc062723c751e8b465ee728b)
Start importing Assets/UnityTechnologies/ParticlePack/EffectExamples/Fire & Explosion Effects/Materials/ExplosionDistortion.mat using Guid(fafa06e8ef8c7fb4eac7a74c65cf3a06) Importer(815301076,1909f56bfc062723c751e8b465ee728b)  -> (artifact id: '5e795e5aca8e07f452760052f1476c88') in 0.045777 seconds 
========================================================================
Received Import Request.
  Time since last request: 0.000361 seconds.
  path: Assets/_Biomass/Prefabs/Biomass_7.prefab
  artifactKey: Guid(a1ac79eb26232c04793f2e5cd2b2007d) Importer(815301076,1909f56bfc062723c751e8b465ee728b)
Start importing Assets/_Biomass/Prefabs/Biomass_7.prefab using Guid(a1ac79eb26232c04793f2e5cd2b2007d) Importer(815301076,1909f56bfc062723c751e8b465ee728b)  -> (artifact id: '68673ebf93bfc00bb708a013f97af57c') in 0.064537 seconds 
========================================================================
Received Import Request.
  Time since last request: 0.000303 seconds.
  path: Assets/SFLCK_2/Furniture_1/Furniture_1_Bed_Medium.FBX
  artifactKey: Guid(51067087c614ab64cab4d48dc8ccab89) Importer(815301076,1909f56bfc062723c751e8b465ee728b)
Start importing Assets/SFLCK_2/Furniture_1/Furniture_1_Bed_Medium.FBX using Guid(51067087c614ab64cab4d48dc8ccab89) Importer(815301076,1909f56bfc062723c751e8b465ee728b)  -> (artifact id: '91c29cb91a37943bbaa72175e2e184a3') in 0.039361 seconds 
========================================================================
Received Import Request.
  Time since last request: 0.000292 seconds.
  path: Assets/UnityTechnologies/ParticlePack/EffectExamples/Fire & Explosion Effects/Prefabs/FlameStream.prefab
  artifactKey: Guid(bccc7a794e75b2a44a4b0dac69160b7b) Importer(815301076,1909f56bfc062723c751e8b465ee728b)
Start importing Assets/UnityTechnologies/ParticlePack/EffectExamples/Fire & Explosion Effects/Prefabs/FlameStream.prefab using Guid(bccc7a794e75b2a44a4b0dac69160b7b) Importer(815301076,1909f56bfc062723c751e8b465ee728b)  -> (artifact id: 'f2b5295d0f1427e2ee96462b37394468') in 0.037464 seconds 
========================================================================
Received Import Request.
  Time since last request: 0.000383 seconds.
  path: Assets/SFLCK_2/Furniture_1/Furniture_1_Shelf_Large.FBX
  artifactKey: Guid(b35902380f6b0d74e86b9d78b1ff6c98) Importer(815301076,1909f56bfc062723c751e8b465ee728b)
Start importing Assets/SFLCK_2/Furniture_1/Furniture_1_Shelf_Large.FBX using Guid(b35902380f6b0d74e86b9d78b1ff6c98) Importer(815301076,1909f56bfc062723c751e8b465ee728b)  -> (artifact id: 'ddcdc337d771b8bb98660791db0bc814') in 0.032936 seconds 
========================================================================
Received Import Request.
  Time since last request: 0.000307 seconds.
  path: Assets/Prefabs/BloodDecalMeshes/Prefabs/blood_letter_R.prefab
  artifactKey: Guid(d4e810f083dc3894bac92e3320a1dc8d) Importer(815301076,1909f56bfc062723c751e8b465ee728b)
Start importing Assets/Prefabs/BloodDecalMeshes/Prefabs/blood_letter_R.prefab using Guid(d4e810f083dc3894bac92e3320a1dc8d) Importer(815301076,1909f56bfc062723c751e8b465ee728b)  -> (artifact id: 'c50fc3f1fbda4f9608ad1f059bcfc778') in 0.036700 seconds 
========================================================================
Received Import Request.
  Time since last request: 0.000309 seconds.
  path: Assets/SFLCK_2/!Prefabs/Containers/Weapon_Box_2.prefab
  artifactKey: Guid(63418f1bcf56c144d8b444b133ac03bb) Importer(815301076,1909f56bfc062723c751e8b465ee728b)
Start importing Assets/SFLCK_2/!Prefabs/Containers/Weapon_Box_2.prefab using Guid(63418f1bcf56c144d8b444b133ac03bb) Importer(815301076,1909f56bfc062723c751e8b465ee728b)  -> (artifact id: '19294c8f571e3968964e7a4e0b677e54') in 0.062186 seconds 
========================================================================
Received Import Request.
  Time since last request: 0.000315 seconds.
  path: Assets/SFLCK_2/!Prefabs/Furniture/Beds/Bed_w_Dead_Body.prefab
  artifactKey: Guid(5a6b51f55b6c96b4ebc4e390c05e965d) Importer(815301076,1909f56bfc062723c751e8b465ee728b)
Start importing Assets/SFLCK_2/!Prefabs/Furniture/Beds/Bed_w_Dead_Body.prefab using Guid(5a6b51f55b6c96b4ebc4e390c05e965d) Importer(815301076,1909f56bfc062723c751e8b465ee728b)  -> (artifact id: 'dcd40d9428a5a5747a85bd1c8119dd9c') in 0.048741 seconds 
========================================================================
Received Import Request.
  Time since last request: 0.000271 seconds.
  path: Assets/_Biomass/Prefabs/BiomassF_2.prefab
  artifactKey: Guid(1099bec9809d3f64dad84eef6e8cfc5c) Importer(815301076,1909f56bfc062723c751e8b465ee728b)
Start importing Assets/_Biomass/Prefabs/BiomassF_2.prefab using Guid(1099bec9809d3f64dad84eef6e8cfc5c) Importer(815301076,1909f56bfc062723c751e8b465ee728b)  -> (artifact id: '34afd7a1df0812867733bd05f3daec5e') in 0.048657 seconds 
========================================================================
Received Import Request.
  Time since last request: 0.000238 seconds.
  path: Assets/_Biomass/Prefabs/BiomassB_3.prefab
  artifactKey: Guid(bd439bbf6da88e945b37a7228a6652a5) Importer(815301076,1909f56bfc062723c751e8b465ee728b)
Start importing Assets/_Biomass/Prefabs/BiomassB_3.prefab using Guid(bd439bbf6da88e945b37a7228a6652a5) Importer(815301076,1909f56bfc062723c751e8b465ee728b)  -> (artifact id: '7d92c7319dc3f4d1293eafd863378a66') in 0.050433 seconds 
========================================================================
Received Import Request.
  Time since last request: 0.000293 seconds.
  path: Assets/_Biomass/Prefabs/BiomassS_13.prefab
  artifactKey: Guid(da9c62e15e8568d408bd52a8203c2d23) Importer(815301076,1909f56bfc062723c751e8b465ee728b)
Start importing Assets/_Biomass/Prefabs/BiomassS_13.prefab using Guid(da9c62e15e8568d408bd52a8203c2d23) Importer(815301076,1909f56bfc062723c751e8b465ee728b)  -> (artifact id: '95067df61c56dc7686cc01b45ad403eb') in 0.031914 seconds 
========================================================================
Received Import Request.
  Time since last request: 0.000299 seconds.
  path: Assets/SFLCK_2/!Prefabs/Furniture/Beds/Bed_Medium.prefab
  artifactKey: Guid(fbf5a558a802d2842b6ed7912932cc0f) Importer(815301076,1909f56bfc062723c751e8b465ee728b)
Start importing Assets/SFLCK_2/!Prefabs/Furniture/Beds/Bed_Medium.prefab using Guid(fbf5a558a802d2842b6ed7912932cc0f) Importer(815301076,1909f56bfc062723c751e8b465ee728b)  -> (artifact id: '6aa69065fc0041e1634848d8a9fa7e53') in 0.043655 seconds 
========================================================================
Received Import Request.
  Time since last request: 0.000266 seconds.
  path: Assets/Materials/Standard/Prototype_512x512_Grey3.mat
  artifactKey: Guid(17c44fb3e5be9644586a0728a5f5a386) Importer(815301076,1909f56bfc062723c751e8b465ee728b)
Start importing Assets/Materials/Standard/Prototype_512x512_Grey3.mat using Guid(17c44fb3e5be9644586a0728a5f5a386) Importer(815301076,1909f56bfc062723c751e8b465ee728b)  -> (artifact id: '7b3caabd23470cfa4fd75cd469235b9e') in 0.044111 seconds 
========================================================================
Received Import Request.
  Time since last request: 0.000281 seconds.
  path: Assets/TextMesh Pro/Resources/Fonts & Materials/LiberationSans SDF - Drop Shadow.mat
  artifactKey: Guid(e73a58f6e2794ae7b1b7e50b7fb811b0) Importer(815301076,1909f56bfc062723c751e8b465ee728b)
Start importing Assets/TextMesh Pro/Resources/Fonts & Materials/LiberationSans SDF - Drop Shadow.mat using Guid(e73a58f6e2794ae7b1b7e50b7fb811b0) Importer(815301076,1909f56bfc062723c751e8b465ee728b)  -> (artifact id: '51c158d5cc7ba281eb9648a14db53048') in 0.071465 seconds 
========================================================================
Received Import Request.
  Time since last request: 0.000294 seconds.
  path: Assets/SFLCK_2/Glow/Material/Glow.mat
  artifactKey: Guid(eafee482034a91d48bd8206306926dd0) Importer(815301076,1909f56bfc062723c751e8b465ee728b)
Start importing Assets/SFLCK_2/Glow/Material/Glow.mat using Guid(eafee482034a91d48bd8206306926dd0) Importer(815301076,1909f56bfc062723c751e8b465ee728b)  -> (artifact id: '3c1dd60734805f1e8288d02a25e1d155') in 0.046220 seconds 
========================================================================
Received Import Request.
  Time since last request: 0.000465 seconds.
  path: Assets/Prefabs/BloodDecalMeshes/Prefabs/blood_letter_O.prefab
  artifactKey: Guid(20f6a682417342d46b3f5ffe65d7b39c) Importer(815301076,1909f56bfc062723c751e8b465ee728b)
Start importing Assets/Prefabs/BloodDecalMeshes/Prefabs/blood_letter_O.prefab using Guid(20f6a682417342d46b3f5ffe65d7b39c) Importer(815301076,1909f56bfc062723c751e8b465ee728b)  -> (artifact id: 'e3b4efb450f3b52d4e990ddba17dc691') in 0.037619 seconds 
========================================================================
Received Import Request.
  Time since last request: 0.000449 seconds.
  path: Assets/Prefabs/BloodDecalMeshes/Prefabs/BloodDecal_HandMark.prefab
  artifactKey: Guid(3c15408da260dd04bab3818dea62c250) Importer(815301076,1909f56bfc062723c751e8b465ee728b)
Start importing Assets/Prefabs/BloodDecalMeshes/Prefabs/BloodDecal_HandMark.prefab using Guid(3c15408da260dd04bab3818dea62c250) Importer(815301076,1909f56bfc062723c751e8b465ee728b)  -> (artifact id: 'cd0d513eb3dab8119eeb09200319912a') in 0.034298 seconds 
========================================================================
Received Import Request.
  Time since last request: 0.000268 seconds.
  path: Assets/_Biomass/Prefabs/BiomassS_14.prefab
  artifactKey: Guid(b1cf7e94fb89e864cb60160fad8ae30f) Importer(815301076,1909f56bfc062723c751e8b465ee728b)
Start importing Assets/_Biomass/Prefabs/BiomassS_14.prefab using Guid(b1cf7e94fb89e864cb60160fad8ae30f) Importer(815301076,1909f56bfc062723c751e8b465ee728b)  -> (artifact id: '3f7e0ff434ff50f8bb105527d42f39fa') in 0.032992 seconds 
========================================================================
Received Import Request.
  Time since last request: 0.000361 seconds.
  path: Assets/SFLCK_2/!Prefabs/Walls_B/Ceiling/B_Ceiling_Corner_In_2x2.prefab
  artifactKey: Guid(81cfb411dd1575d4abbdea17c55d5e08) Importer(815301076,1909f56bfc062723c751e8b465ee728b)
Start importing Assets/SFLCK_2/!Prefabs/Walls_B/Ceiling/B_Ceiling_Corner_In_2x2.prefab using Guid(81cfb411dd1575d4abbdea17c55d5e08) Importer(815301076,1909f56bfc062723c751e8b465ee728b)  -> (artifact id: '8f00493f94753e4272deea1cff2e3134') in 0.042720 seconds 
========================================================================
Received Import Request.
  Time since last request: 0.000484 seconds.
  path: Assets/_Biomass/Prefabs/Biomass_021.prefab
  artifactKey: Guid(86b67412575bead4daade5a3299c070a) Importer(815301076,1909f56bfc062723c751e8b465ee728b)
Start importing Assets/_Biomass/Prefabs/Biomass_021.prefab using Guid(86b67412575bead4daade5a3299c070a) Importer(815301076,1909f56bfc062723c751e8b465ee728b)  -> (artifact id: '4f61bd7e513b5ab31f3d4fb9387adb21') in 0.058463 seconds 
========================================================================
Received Import Request.
  Time since last request: 0.000300 seconds.
  path: Assets/Prefabs/BloodDecalMeshes/Prefabs/blood_symb_trident.prefab
  artifactKey: Guid(6a8f5ab9187b3d841b53547c9124540a) Importer(815301076,1909f56bfc062723c751e8b465ee728b)
Start importing Assets/Prefabs/BloodDecalMeshes/Prefabs/blood_symb_trident.prefab using Guid(6a8f5ab9187b3d841b53547c9124540a) Importer(815301076,1909f56bfc062723c751e8b465ee728b)  -> (artifact id: '7f1e201b71f570e432e839723cdb04b8') in 0.041841 seconds 
========================================================================
Received Import Request.
  Time since last request: 0.000356 seconds.
  path: Assets/SFLCK_2/!Prefabs/Furniture/Beds/Bed_Small.prefab
  artifactKey: Guid(e3f8a8646e4fee147869f17af3fd245f) Importer(815301076,1909f56bfc062723c751e8b465ee728b)
Start importing Assets/SFLCK_2/!Prefabs/Furniture/Beds/Bed_Small.prefab using Guid(e3f8a8646e4fee147869f17af3fd245f) Importer(815301076,1909f56bfc062723c751e8b465ee728b)  -> (artifact id: '1a86b2f80419eb050aeee0b70a9dc86a') in 0.046643 seconds 
========================================================================
Received Import Request.
  Time since last request: 0.000321 seconds.
  path: Assets/Prefabs/HitEffectWood.prefab
  artifactKey: Guid(c86617ebb77793d41be0db2615aa820c) Importer(815301076,1909f56bfc062723c751e8b465ee728b)
Start importing Assets/Prefabs/HitEffectWood.prefab using Guid(c86617ebb77793d41be0db2615aa820c) Importer(815301076,1909f56bfc062723c751e8b465ee728b)  -> (artifact id: 'e7cf973147c7d65c600253a0f1d1d4a6') in 0.038289 seconds 
========================================================================
Received Import Request.
  Time since last request: 0.000378 seconds.
  path: Assets/UnityTechnologies/ParticlePack/EffectExamples/Fire & Explosion Effects/Materials/fireball.mat
  artifactKey: Guid(3349fc02d104e2b458470ec533f51c16) Importer(815301076,1909f56bfc062723c751e8b465ee728b)
Start importing Assets/UnityTechnologies/ParticlePack/EffectExamples/Fire & Explosion Effects/Materials/fireball.mat using Guid(3349fc02d104e2b458470ec533f51c16) Importer(815301076,1909f56bfc062723c751e8b465ee728b)  -> (artifact id: 'ae267d91659f09b1a38bcb1d3494607a') in 0.032845 seconds 
========================================================================
Received Import Request.
  Time since last request: 0.000276 seconds.
  path: Assets/Prefabs/BloodDecalMeshes/Prefabs/BloodDecal00.prefab
  artifactKey: Guid(10e9c39beba73544f9c56b70212fe5af) Importer(815301076,1909f56bfc062723c751e8b465ee728b)
Start importing Assets/Prefabs/BloodDecalMeshes/Prefabs/BloodDecal00.prefab using Guid(10e9c39beba73544f9c56b70212fe5af) Importer(815301076,1909f56bfc062723c751e8b465ee728b)  -> (artifact id: '38f7de138b46fc624b51583ba328208f') in 0.034508 seconds 
========================================================================
Received Import Request.
  Time since last request: 0.000277 seconds.
  path: Assets/SFLCK_2/!Prefabs/Furniture/Beds/Bed_Large_1.prefab
  artifactKey: Guid(f2c3a7f9121de8e44958aa824ed89e74) Importer(815301076,1909f56bfc062723c751e8b465ee728b)
Start importing Assets/SFLCK_2/!Prefabs/Furniture/Beds/Bed_Large_1.prefab using Guid(f2c3a7f9121de8e44958aa824ed89e74) Importer(815301076,1909f56bfc062723c751e8b465ee728b)  -> (artifact id: 'f190216aa420577c7950b7565f21b0a6') in 0.044832 seconds 
========================================================================
Received Import Request.
  Time since last request: 0.000435 seconds.
  path: Assets/Prefabs/BloodDecalMeshes/BloodGushFX/Materials/BloodParticleC.mat
  artifactKey: Guid(1226a3e53649e09428c4c0cf03714527) Importer(815301076,1909f56bfc062723c751e8b465ee728b)
Start importing Assets/Prefabs/BloodDecalMeshes/BloodGushFX/Materials/BloodParticleC.mat using Guid(1226a3e53649e09428c4c0cf03714527) Importer(815301076,1909f56bfc062723c751e8b465ee728b)  -> (artifact id: '582b239e504b0ebef6474f1e0a272245') in 0.028078 seconds 
========================================================================
Received Import Request.
  Time since last request: 0.000387 seconds.
  path: Assets/SFLCK_2/!Prefabs/Walls_A/Floors/A_Floor_2_2x2.prefab
  artifactKey: Guid(1d14c4225e9753b4497254b6903020a3) Importer(815301076,1909f56bfc062723c751e8b465ee728b)
Start importing Assets/SFLCK_2/!Prefabs/Walls_A/Floors/A_Floor_2_2x2.prefab using Guid(1d14c4225e9753b4497254b6903020a3) Importer(815301076,1909f56bfc062723c751e8b465ee728b)  -> (artifact id: '7099ce86b8dfeb8b16340c15b33915eb') in 0.032689 seconds 
========================================================================
Received Import Request.
  Time since last request: 0.000251 seconds.
  path: Assets/UnityTechnologies/ParticlePack/EffectExamples/Smoke & Steam Effects/Materials/SmokeySteam03.mat
  artifactKey: Guid(fd80cdb028e1d864392334da34ca021d) Importer(815301076,1909f56bfc062723c751e8b465ee728b)
Start importing Assets/UnityTechnologies/ParticlePack/EffectExamples/Smoke & Steam Effects/Materials/SmokeySteam03.mat using Guid(fd80cdb028e1d864392334da34ca021d) Importer(815301076,1909f56bfc062723c751e8b465ee728b)  -> (artifact id: 'c1f05b76ad112591d2bc53fe006ed953') in 0.030389 seconds 
========================================================================
Received Import Request.
  Time since last request: 0.000324 seconds.
  path: Assets/SFLCK_2/!Prefabs/Computers/Keyboard.prefab
  artifactKey: Guid(fc2a5ed444d582e4d84e0bec5592db11) Importer(815301076,1909f56bfc062723c751e8b465ee728b)
Start importing Assets/SFLCK_2/!Prefabs/Computers/Keyboard.prefab using Guid(fc2a5ed444d582e4d84e0bec5592db11) Importer(815301076,1909f56bfc062723c751e8b465ee728b)  -> (artifact id: '71d838d5c209fd6bc94e6ef7d29e83b9') in 0.028639 seconds 
========================================================================
Received Import Request.
  Time since last request: 0.000298 seconds.
  path: Assets/SFLCK_2/!Prefabs/Furniture/Beds/Bed_Medium 1.prefab
  artifactKey: Guid(536bb953f5f15ea40921e5a8e6d896fe) Importer(815301076,1909f56bfc062723c751e8b465ee728b)
Start importing Assets/SFLCK_2/!Prefabs/Furniture/Beds/Bed_Medium 1.prefab using Guid(536bb953f5f15ea40921e5a8e6d896fe) Importer(815301076,1909f56bfc062723c751e8b465ee728b)  -> (artifact id: '0c7a8165210cc52490c8518eaaf7c2c6') in 0.041748 seconds 
========================================================================
Received Import Request.
  Time since last request: 0.000364 seconds.
  path: Assets/UnityTechnologies/ParticlePack/EffectExamples/Water Effects/Materials/WaterDropBig.mat
  artifactKey: Guid(88129a2e1a1e0f741a42376e2475028d) Importer(815301076,1909f56bfc062723c751e8b465ee728b)
Start importing Assets/UnityTechnologies/ParticlePack/EffectExamples/Water Effects/Materials/WaterDropBig.mat using Guid(88129a2e1a1e0f741a42376e2475028d) Importer(815301076,1909f56bfc062723c751e8b465ee728b)  -> (artifact id: 'b364cd330dcc9a5b288d96bd33fa1572') in 0.306648 seconds 
========================================================================
Received Import Request.
  Time since last request: 0.000345 seconds.
  path: Assets/UnityTechnologies/ParticlePack/EffectExamples/Misc Effects/Materials/SandSwirls.mat
  artifactKey: Guid(795ab1f41a8fd4142859110cee203fd7) Importer(815301076,1909f56bfc062723c751e8b465ee728b)
Start importing Assets/UnityTechnologies/ParticlePack/EffectExamples/Misc Effects/Materials/SandSwirls.mat using Guid(795ab1f41a8fd4142859110cee203fd7) Importer(815301076,1909f56bfc062723c751e8b465ee728b)  -> (artifact id: 'bbfbb59200b168ec924afc85c6235eea') in 0.031648 seconds 
========================================================================
Received Import Request.
  Time since last request: 0.000450 seconds.
  path: Assets/UnityTechnologies/ParticlePack/EffectExamples/Weapon Effects/Materials/BulletDecalStone.mat
  artifactKey: Guid(a29767879f97b364393df3a772628180) Importer(815301076,1909f56bfc062723c751e8b465ee728b)
Start importing Assets/UnityTechnologies/ParticlePack/EffectExamples/Weapon Effects/Materials/BulletDecalStone.mat using Guid(a29767879f97b364393df3a772628180) Importer(815301076,1909f56bfc062723c751e8b465ee728b)  -> (artifact id: 'af975987eb9e512538792487415a7297') in 0.027520 seconds 
========================================================================
Received Import Request.
  Time since last request: 0.000672 seconds.
  path: Assets/Prefabs/BloodDecalMeshes/Prefabs/blood_letter_X.prefab
  artifactKey: Guid(b55505cef09d86a4a81ce0cda8b0d955) Importer(815301076,1909f56bfc062723c751e8b465ee728b)
Start importing Assets/Prefabs/BloodDecalMeshes/Prefabs/blood_letter_X.prefab using Guid(b55505cef09d86a4a81ce0cda8b0d955) Importer(815301076,1909f56bfc062723c751e8b465ee728b)  -> (artifact id: '57cead8984f795296686e27da6f8cfef') in 0.038319 seconds 
========================================================================
Received Import Request.
  Time since last request: 0.000406 seconds.
  path: Assets/Concrete textures pack/pattern 08/Concrete pattern 08.mat
  artifactKey: Guid(ebf8b4d16b7f8924fb9116d2e3207836) Importer(815301076,1909f56bfc062723c751e8b465ee728b)
Start importing Assets/Concrete textures pack/pattern 08/Concrete pattern 08.mat using Guid(ebf8b4d16b7f8924fb9116d2e3207836) Importer(815301076,1909f56bfc062723c751e8b465ee728b)  -> (artifact id: 'fe4046257429657dc8975835e516ee80') in 0.048214 seconds 
========================================================================
Received Import Request.
  Time since last request: 0.000368 seconds.
  path: Assets/Prefabs/BloodDecalMeshes/Prefabs/blood_letter_L.prefab
  artifactKey: Guid(664d747aba41a4943ad6dc06b81a7775) Importer(815301076,1909f56bfc062723c751e8b465ee728b)
Start importing Assets/Prefabs/BloodDecalMeshes/Prefabs/blood_letter_L.prefab using Guid(664d747aba41a4943ad6dc06b81a7775) Importer(815301076,1909f56bfc062723c751e8b465ee728b)  -> (artifact id: 'd82a2eb254ef26cd5c7d3777328edd80') in 0.041669 seconds 
========================================================================
Received Import Request.
  Time since last request: 0.000355 seconds.
  path: Assets/SFLCK_2/!Prefabs/Walls_A/Corners/A_Corner_In_2x2.prefab
  artifactKey: Guid(d5c16bbe9eea8f14a94330d1495d776d) Importer(815301076,1909f56bfc062723c751e8b465ee728b)
Start importing Assets/SFLCK_2/!Prefabs/Walls_A/Corners/A_Corner_In_2x2.prefab using Guid(d5c16bbe9eea8f14a94330d1495d776d) Importer(815301076,1909f56bfc062723c751e8b465ee728b)  -> (artifact id: '7d2f959ee061e4acc090e5866e26a796') in 0.033894 seconds 
========================================================================
Received Import Request.
  Time since last request: 0.000324 seconds.
  path: Assets/Prefabs/BloodDecalMeshes/Prefabs/blood_letter_E.prefab
  artifactKey: Guid(01e94e8e59b2b26469097aa7dfaa0bf2) Importer(815301076,1909f56bfc062723c751e8b465ee728b)
Start importing Assets/Prefabs/BloodDecalMeshes/Prefabs/blood_letter_E.prefab using Guid(01e94e8e59b2b26469097aa7dfaa0bf2) Importer(815301076,1909f56bfc062723c751e8b465ee728b)  -> (artifact id: '3c336736002161c9aa3518bd9869ca84') in 0.037899 seconds 
========================================================================
Received Import Request.
  Time since last request: 0.000418 seconds.
  path: Assets/SFLCK_2/Props_C/Prop_C_Conditioner.FBX
  artifactKey: Guid(ea35bc9f85380964fa54ac58f59c5cd7) Importer(815301076,1909f56bfc062723c751e8b465ee728b)
Start importing Assets/SFLCK_2/Props_C/Prop_C_Conditioner.FBX using Guid(ea35bc9f85380964fa54ac58f59c5cd7) Importer(815301076,1909f56bfc062723c751e8b465ee728b)  -> (artifact id: 'd9db29e1ab7f547b7eb9ba343ac7e019') in 0.031491 seconds 
========================================================================
Received Import Request.
  Time since last request: 0.000269 seconds.
  path: Assets/Prefabs/BloodDecalMeshes/Prefabs/blood_lurkers.prefab
  artifactKey: Guid(eb666f0d756746c469f92fca940abe50) Importer(815301076,1909f56bfc062723c751e8b465ee728b)
Start importing Assets/Prefabs/BloodDecalMeshes/Prefabs/blood_lurkers.prefab using Guid(eb666f0d756746c469f92fca940abe50) Importer(815301076,1909f56bfc062723c751e8b465ee728b)  -> (artifact id: '1f36a596815c0ba0fbbea5e849c4667e') in 0.038551 seconds 
========================================================================
Received Import Request.
  Time since last request: 0.000459 seconds.
  path: Assets/Prefabs/BloodDecalMeshes/Prefabs/blood_letter_v_lowCase.prefab
  artifactKey: Guid(de085f73402fd6b47b99d25c2caf5317) Importer(815301076,1909f56bfc062723c751e8b465ee728b)
Start importing Assets/Prefabs/BloodDecalMeshes/Prefabs/blood_letter_v_lowCase.prefab using Guid(de085f73402fd6b47b99d25c2caf5317) Importer(815301076,1909f56bfc062723c751e8b465ee728b)  -> (artifact id: '4f685581956ded4881a229722b8dc433') in 0.037393 seconds 
========================================================================
Received Import Request.
  Time since last request: 0.000376 seconds.
  path: Assets/SFLCK_2/!Prefabs/Computers/Terminal.prefab
  artifactKey: Guid(b6d59c750713e1a46bee507b4ac26a7f) Importer(815301076,1909f56bfc062723c751e8b465ee728b)
Start importing Assets/SFLCK_2/!Prefabs/Computers/Terminal.prefab using Guid(b6d59c750713e1a46bee507b4ac26a7f) Importer(815301076,1909f56bfc062723c751e8b465ee728b)  -> (artifact id: '571d5148d89219b6464307f1601fbb1f') in 0.055571 seconds 
========================================================================
Received Import Request.
  Time since last request: 0.000548 seconds.
  path: Assets/_Biomass/Prefabs/Pregathered/BiomassCBBGath_1.prefab
  artifactKey: Guid(04c2d59bc8e85f7468f0a1e0c8885091) Importer(815301076,1909f56bfc062723c751e8b465ee728b)
Start importing Assets/_Biomass/Prefabs/Pregathered/BiomassCBBGath_1.prefab using Guid(04c2d59bc8e85f7468f0a1e0c8885091) Importer(815301076,1909f56bfc062723c751e8b465ee728b)  -> (artifact id: 'da3b1a2b0af4eace37cebb6527713cda') in 0.074483 seconds 
========================================================================
Received Import Request.
  Time since last request: 0.000314 seconds.
  path: Assets/SFLCK_2/!Prefabs/Bulkheads/A_Bulkhead_3.prefab
  artifactKey: Guid(5a3971f71bc64484f9c3aefc8e97f893) Importer(815301076,1909f56bfc062723c751e8b465ee728b)
Start importing Assets/SFLCK_2/!Prefabs/Bulkheads/A_Bulkhead_3.prefab using Guid(5a3971f71bc64484f9c3aefc8e97f893) Importer(815301076,1909f56bfc062723c751e8b465ee728b)  -> (artifact id: '115db30f158156eb8b0b27f86a90b314') in 0.033278 seconds 
========================================================================
Received Import Request.
  Time since last request: 0.000347 seconds.
  path: Assets/Prefabs/BloodDecalMeshes/Prefabs/blood_num_12.prefab
  artifactKey: Guid(87452bc5d41d5ec4b8ed42b5b9dd2a6c) Importer(815301076,1909f56bfc062723c751e8b465ee728b)
Start importing Assets/Prefabs/BloodDecalMeshes/Prefabs/blood_num_12.prefab using Guid(87452bc5d41d5ec4b8ed42b5b9dd2a6c) Importer(815301076,1909f56bfc062723c751e8b465ee728b)  -> (artifact id: 'd065d8f3865ff7ada87ebbca4102fe48') in 0.040476 seconds 
========================================================================
Received Import Request.
  Time since last request: 0.000684 seconds.
  path: Assets/_Biomass/Prefabs/Pregathered/BiomassGathBF_7.prefab
  artifactKey: Guid(751b3329c2000cd49bc4f298b2afc833) Importer(815301076,1909f56bfc062723c751e8b465ee728b)
Start importing Assets/_Biomass/Prefabs/Pregathered/BiomassGathBF_7.prefab using Guid(751b3329c2000cd49bc4f298b2afc833) Importer(815301076,1909f56bfc062723c751e8b465ee728b)  -> (artifact id: '57a22b4c350a49de853917f8715d48e5') in 0.075795 seconds 
========================================================================
Received Import Request.
  Time since last request: 0.000409 seconds.
  path: Assets/SFLCK_2/!Prefabs/Machinery/Tech_2.prefab
  artifactKey: Guid(8b4049ce2f72da54498cc564608c3ba3) Importer(815301076,1909f56bfc062723c751e8b465ee728b)
Start importing Assets/SFLCK_2/!Prefabs/Machinery/Tech_2.prefab using Guid(8b4049ce2f72da54498cc564608c3ba3) Importer(815301076,1909f56bfc062723c751e8b465ee728b)  -> (artifact id: '8099c28f3f8df7b830646df402093c76') in 0.055367 seconds 
========================================================================
Received Import Request.
  Time since last request: 0.000286 seconds.
  path: Assets/SFLCK_2/!Prefabs/Furniture/Tables/Desk_2.prefab
  artifactKey: Guid(b50c91e0d353e4741bd07f6422d767c5) Importer(815301076,1909f56bfc062723c751e8b465ee728b)
Start importing Assets/SFLCK_2/!Prefabs/Furniture/Tables/Desk_2.prefab using Guid(b50c91e0d353e4741bd07f6422d767c5) Importer(815301076,1909f56bfc062723c751e8b465ee728b)  -> (artifact id: '6ea5f17244ec636475fb8022d8192dba') in 0.049790 seconds 
========================================================================
Received Import Request.
  Time since last request: 0.000270 seconds.
  path: Assets/UnityTechnologies/ParticlePack/EffectExamples/Weapon Effects/Prefabs/MuzzleFlash01.prefab
  artifactKey: Guid(ad2ab49d0a2a17148bd51c93d977bdbc) Importer(815301076,1909f56bfc062723c751e8b465ee728b)
Start importing Assets/UnityTechnologies/ParticlePack/EffectExamples/Weapon Effects/Prefabs/MuzzleFlash01.prefab using Guid(ad2ab49d0a2a17148bd51c93d977bdbc) Importer(815301076,1909f56bfc062723c751e8b465ee728b)  -> (artifact id: '9b6cef0dd698ac290a191dc2eeb5c0cd') in 0.034699 seconds 
========================================================================
Received Import Request.
  Time since last request: 0.000496 seconds.
  path: Assets/Prefabs/BloodDecalMeshes/Prefabs/BloodDecal_NotHuman.prefab
  artifactKey: Guid(b0d9afa2f6468fd448e94b1f82476f68) Importer(815301076,1909f56bfc062723c751e8b465ee728b)
Start importing Assets/Prefabs/BloodDecalMeshes/Prefabs/BloodDecal_NotHuman.prefab using Guid(b0d9afa2f6468fd448e94b1f82476f68) Importer(815301076,1909f56bfc062723c751e8b465ee728b)  -> (artifact id: '96e9c632eb5f12526587561ddd805d22') in 0.052433 seconds 
========================================================================
Received Import Request.
  Time since last request: 0.000354 seconds.
  path: Assets/_Biomass/Prefabs/Pregathered/BiomassT_3.prefab
  artifactKey: Guid(0900e1e5a3be97040a514239b6d8135b) Importer(815301076,1909f56bfc062723c751e8b465ee728b)
Start importing Assets/_Biomass/Prefabs/Pregathered/BiomassT_3.prefab using Guid(0900e1e5a3be97040a514239b6d8135b) Importer(815301076,1909f56bfc062723c751e8b465ee728b)  -> (artifact id: 'e6d0adace15e0754d0b8a3590ecea591') in 0.062977 seconds 
========================================================================
Received Import Request.
  Time since last request: 0.000298 seconds.
  path: Assets/SFLCK_2/Furniture_1/Furniture_1_Blanket_2.FBX
  artifactKey: Guid(d64719c3206d1c64bbe0d1a77a70d4dd) Importer(815301076,1909f56bfc062723c751e8b465ee728b)
Start importing Assets/SFLCK_2/Furniture_1/Furniture_1_Blanket_2.FBX using Guid(d64719c3206d1c64bbe0d1a77a70d4dd) Importer(815301076,1909f56bfc062723c751e8b465ee728b)  -> (artifact id: '05c463d2672dac8548b860f6b3c1486f') in 0.035948 seconds 
========================================================================
Received Import Request.
  Time since last request: 0.000618 seconds.
  path: Assets/SFLCK_2/!Prefabs/Containers/Box_1.prefab
  artifactKey: Guid(68a3dfe06ade1bb4a9c9b8a9669eb355) Importer(815301076,1909f56bfc062723c751e8b465ee728b)
Start importing Assets/SFLCK_2/!Prefabs/Containers/Box_1.prefab using Guid(68a3dfe06ade1bb4a9c9b8a9669eb355) Importer(815301076,1909f56bfc062723c751e8b465ee728b)  -> (artifact id: '759fa87af6d70aa1bfc4da4a1079368d') in 0.033485 seconds 
========================================================================
Received Import Request.
  Time since last request: 0.000440 seconds.
  path: Assets/UnityTechnologies/ParticlePack/EffectExamples/Misc Effects/Prefabs/Dissolve.prefab
  artifactKey: Guid(df3177fc67fceda4cb1e5acda4964f5c) Importer(815301076,1909f56bfc062723c751e8b465ee728b)
Start importing Assets/UnityTechnologies/ParticlePack/EffectExamples/Misc Effects/Prefabs/Dissolve.prefab using Guid(df3177fc67fceda4cb1e5acda4964f5c) Importer(815301076,1909f56bfc062723c751e8b465ee728b)  -> (artifact id: 'd3f5ee47e8fd21224e44d7d8313305dc') in 0.290229 seconds 
========================================================================
Received Import Request.
  Time since last request: 0.000484 seconds.
  path: Assets/UnityTechnologies/ParticlePack/EffectExamples/Magic Effects/Materials/RockDust.mat
  artifactKey: Guid(7f74562c360a75d468cce8ccff3d595f) Importer(815301076,1909f56bfc062723c751e8b465ee728b)
Start importing Assets/UnityTechnologies/ParticlePack/EffectExamples/Magic Effects/Materials/RockDust.mat using Guid(7f74562c360a75d468cce8ccff3d595f) Importer(815301076,1909f56bfc062723c751e8b465ee728b)  -> (artifact id: '0ad972d2250659f30f487f4cfd4a3fd6') in 0.033629 seconds 
========================================================================
Received Import Request.
  Time since last request: 0.000533 seconds.
  path: Assets/Prefabs/BloodDecalMeshes/Prefabs/BloodDecal13.prefab
  artifactKey: Guid(9c5acc75070e3e849a5b5b1f8af70cfb) Importer(815301076,1909f56bfc062723c751e8b465ee728b)
Start importing Assets/Prefabs/BloodDecalMeshes/Prefabs/BloodDecal13.prefab using Guid(9c5acc75070e3e849a5b5b1f8af70cfb) Importer(815301076,1909f56bfc062723c751e8b465ee728b)  -> (artifact id: '57605bfa24055cca5aabc1b565f03c38') in 0.053675 seconds 
========================================================================
Received Import Request.
  Time since last request: 0.000468 seconds.
  path: Assets/_Biomass/Prefabs/Biomass_14.prefab
  artifactKey: Guid(b2ae99fac0be3864aa7cbcc31c26d541) Importer(815301076,1909f56bfc062723c751e8b465ee728b)
Start importing Assets/_Biomass/Prefabs/Biomass_14.prefab using Guid(b2ae99fac0be3864aa7cbcc31c26d541) Importer(815301076,1909f56bfc062723c751e8b465ee728b)  -> (artifact id: '717750399038a0867eef72be57ea5d2b') in 0.056846 seconds 
========================================================================
Received Import Request.
  Time since last request: 0.000432 seconds.
  path: Assets/SFLCK_2/!Prefabs/Walls_A/Celing/A_Ceiling_Corner_In_Closed_4x4.prefab
  artifactKey: Guid(e88d7a8579723014892d6a827cedf6a8) Importer(815301076,1909f56bfc062723c751e8b465ee728b)
Start importing Assets/SFLCK_2/!Prefabs/Walls_A/Celing/A_Ceiling_Corner_In_Closed_4x4.prefab using Guid(e88d7a8579723014892d6a827cedf6a8) Importer(815301076,1909f56bfc062723c751e8b465ee728b)  -> (artifact id: '6dcb3f461845dbc75379ad5497a0ef58') in 0.037375 seconds 
========================================================================
Received Import Request.
  Time since last request: 0.000273 seconds.
  path: Assets/SFLCK_2/!Prefabs/Interior/Panels/Prop_C_Board.prefab
  artifactKey: Guid(c6f831f637c574e42aab69b11bf977a8) Importer(815301076,1909f56bfc062723c751e8b465ee728b)
Start importing Assets/SFLCK_2/!Prefabs/Interior/Panels/Prop_C_Board.prefab using Guid(c6f831f637c574e42aab69b11bf977a8) Importer(815301076,1909f56bfc062723c751e8b465ee728b)  -> (artifact id: '9e548627ac50067e0e942f3105be0d23') in 0.031848 seconds 
========================================================================
Received Import Request.
  Time since last request: 0.000253 seconds.
  path: Assets/_Biomass/Prefabs/Pregathered/BiomassCBBGath_3.prefab
  artifactKey: Guid(a65151d5f8ba1b84bb1e4835d612d4e5) Importer(815301076,1909f56bfc062723c751e8b465ee728b)
Start importing Assets/_Biomass/Prefabs/Pregathered/BiomassCBBGath_3.prefab using Guid(a65151d5f8ba1b84bb1e4835d612d4e5) Importer(815301076,1909f56bfc062723c751e8b465ee728b)  -> (artifact id: '041cd3c357854387bf73a34c0481079c') in 0.072086 seconds 
========================================================================
Received Import Request.
  Time since last request: 0.000330 seconds.
  path: Assets/Materials/Standard/Prototype_512x512_Pink.mat
  artifactKey: Guid(4944e2c33c99f9f46a4796e2e746213e) Importer(815301076,1909f56bfc062723c751e8b465ee728b)
Start importing Assets/Materials/Standard/Prototype_512x512_Pink.mat using Guid(4944e2c33c99f9f46a4796e2e746213e) Importer(815301076,1909f56bfc062723c751e8b465ee728b)  -> (artifact id: 'aa6606ce2b18ff76db00395de1a494ca') in 0.032733 seconds 
========================================================================
Received Import Request.
  Time since last request: 0.000520 seconds.
  path: Assets/SFLCK_2/!Prefabs/Barrels/Barrel_2.prefab
  artifactKey: Guid(dfd80695d0acf4d4883033ea99a7b75d) Importer(815301076,1909f56bfc062723c751e8b465ee728b)
Start importing Assets/SFLCK_2/!Prefabs/Barrels/Barrel_2.prefab using Guid(dfd80695d0acf4d4883033ea99a7b75d) Importer(815301076,1909f56bfc062723c751e8b465ee728b)  -> (artifact id: '0e8e6ae2e8658caab8a5893626fdc54f') in 0.040099 seconds 
========================================================================
Received Import Request.
  Time since last request: 0.000286 seconds.
  path: Assets/Prefabs/BloodDecalMeshes/Prefabs/blood_letter_i_lowCase.prefab
  artifactKey: Guid(eaebf64ffdaaa0145880d7335e89fc0e) Importer(815301076,1909f56bfc062723c751e8b465ee728b)
Start importing Assets/Prefabs/BloodDecalMeshes/Prefabs/blood_letter_i_lowCase.prefab using Guid(eaebf64ffdaaa0145880d7335e89fc0e) Importer(815301076,1909f56bfc062723c751e8b465ee728b)  -> (artifact id: '3e09dd0883ab9da12fc249d5691db61d') in 0.037864 seconds 
========================================================================
Received Import Request.
  Time since last request: 0.000347 seconds.
  path: Assets/Materials/Standard/Prototype_512x512_Grey4.mat
  artifactKey: Guid(8d530ffe6c4968843806085897955b9d) Importer(815301076,1909f56bfc062723c751e8b465ee728b)
Start importing Assets/Materials/Standard/Prototype_512x512_Grey4.mat using Guid(8d530ffe6c4968843806085897955b9d) Importer(815301076,1909f56bfc062723c751e8b465ee728b)  -> (artifact id: '65b5d1863076d2b8e9fb7c4b220963b9') in 0.052329 seconds 
========================================================================
Received Import Request.
  Time since last request: 0.000679 seconds.
  path: Assets/Materials/Standard/Prototype_512x512_Blue3.mat
  artifactKey: Guid(b0b4de3bd6e976e4f8b3adc6e72377ed) Importer(815301076,1909f56bfc062723c751e8b465ee728b)
Start importing Assets/Materials/Standard/Prototype_512x512_Blue3.mat using Guid(b0b4de3bd6e976e4f8b3adc6e72377ed) Importer(815301076,1909f56bfc062723c751e8b465ee728b)  -> (artifact id: '822598aeca0e625db3cf2be959f3ae8d') in 0.043671 seconds 
========================================================================
Received Import Request.
  Time since last request: 0.000440 seconds.
  path: Assets/SFLCK_2/!Prefabs/Walls_B/Walls/B_Wall_Simple_2x2.prefab
  artifactKey: Guid(de956d387a42b904ebf8235cb3a2248b) Importer(815301076,1909f56bfc062723c751e8b465ee728b)
Start importing Assets/SFLCK_2/!Prefabs/Walls_B/Walls/B_Wall_Simple_2x2.prefab using Guid(de956d387a42b904ebf8235cb3a2248b) Importer(815301076,1909f56bfc062723c751e8b465ee728b)  -> (artifact id: 'd9ff251af6b054546e5a882ef362486e') in 0.052603 seconds 
========================================================================
Received Import Request.
  Time since last request: 0.000368 seconds.
  path: Assets/SFLCK_2/!Prefabs/Walls_B/Ceiling/B_Ceiling_2x2.prefab
  artifactKey: Guid(595ea7bbd6da06c4da1cb3a8e988a118) Importer(815301076,1909f56bfc062723c751e8b465ee728b)
Start importing Assets/SFLCK_2/!Prefabs/Walls_B/Ceiling/B_Ceiling_2x2.prefab using Guid(595ea7bbd6da06c4da1cb3a8e988a118) Importer(815301076,1909f56bfc062723c751e8b465ee728b)  -> (artifact id: 'f40f3d7b94a46c54bbf2ef1bea4effc5') in 0.041397 seconds 
========================================================================
Received Import Request.
  Time since last request: 0.000405 seconds.
  path: Assets/SFLCK_2/Lights/Materials/Light 3.mat
  artifactKey: Guid(e39fc857544a188429d188ebcb8d1ec3) Importer(815301076,1909f56bfc062723c751e8b465ee728b)
Start importing Assets/SFLCK_2/Lights/Materials/Light 3.mat using Guid(e39fc857544a188429d188ebcb8d1ec3) Importer(815301076,1909f56bfc062723c751e8b465ee728b)  -> (artifact id: 'cf34d6e8b9bf026cfb2ce04056e0af80') in 0.073502 seconds 
========================================================================
Received Import Request.
  Time since last request: 0.000271 seconds.
  path: Assets/_Biomass/Prefabs/Biomass_12.prefab
  artifactKey: Guid(18471fe69f778a748a946ab9ce010466) Importer(815301076,1909f56bfc062723c751e8b465ee728b)
Start importing Assets/_Biomass/Prefabs/Biomass_12.prefab using Guid(18471fe69f778a748a946ab9ce010466) Importer(815301076,1909f56bfc062723c751e8b465ee728b)  -> (artifact id: '818b086239ad22a251f0e49fa8e951dd') in 0.047900 seconds 
========================================================================
Received Import Request.
  Time since last request: 0.000416 seconds.
  path: Assets/Prefabs/BloodDecalMeshes/Prefabs/blood_letter_n_lowCase.prefab
  artifactKey: Guid(9174df46b9c6c16419633f23850f0647) Importer(815301076,1909f56bfc062723c751e8b465ee728b)
Start importing Assets/Prefabs/BloodDecalMeshes/Prefabs/blood_letter_n_lowCase.prefab using Guid(9174df46b9c6c16419633f23850f0647) Importer(815301076,1909f56bfc062723c751e8b465ee728b)  -> (artifact id: '9c755adef943f956382ef3448dbc67f3') in 0.035258 seconds 
========================================================================
Received Import Request.
  Time since last request: 0.000317 seconds.
  path: Assets/SFLCK_2/!Prefabs/Interior/Pipes/A_Pipes_Corner.prefab
  artifactKey: Guid(42c88d52ec3142441b01dec11520d387) Importer(815301076,1909f56bfc062723c751e8b465ee728b)
Start importing Assets/SFLCK_2/!Prefabs/Interior/Pipes/A_Pipes_Corner.prefab using Guid(42c88d52ec3142441b01dec11520d387) Importer(815301076,1909f56bfc062723c751e8b465ee728b)  -> (artifact id: '6d453aaa260f1f72ed0c3b56bcb978f2') in 0.031747 seconds 
========================================================================
Received Import Request.
  Time since last request: 0.000385 seconds.
  path: Assets/_Biomass/Prefabs/Pregathered/BiomassGathBF_5.prefab
  artifactKey: Guid(07b88e517975a2c4196663ceea34471d) Importer(815301076,1909f56bfc062723c751e8b465ee728b)
Start importing Assets/_Biomass/Prefabs/Pregathered/BiomassGathBF_5.prefab using Guid(07b88e517975a2c4196663ceea34471d) Importer(815301076,1909f56bfc062723c751e8b465ee728b)  -> (artifact id: '563811d74360be6b88bdd2009ac31f3a') in 0.090203 seconds 
========================================================================
Received Import Request.
  Time since last request: 0.000463 seconds.
  path: Assets/Prefabs/music box/MusicBoxAnimation_prefabPBR.prefab
  artifactKey: Guid(4338f3c6d4fc4094387a5ff9bcce062b) Importer(815301076,1909f56bfc062723c751e8b465ee728b)
Start importing Assets/Prefabs/music box/MusicBoxAnimation_prefabPBR.prefab using Guid(4338f3c6d4fc4094387a5ff9bcce062b) Importer(815301076,1909f56bfc062723c751e8b465ee728b)  -> (artifact id: '6ab7fbcc7ef78ac62d022953d55e2f37') in 0.040698 seconds 
========================================================================
Received Import Request.
  Time since last request: 0.000319 seconds.
  path: Assets/Prefabs/BloodDecalMeshes/Prefabs/blood_evil2.prefab
  artifactKey: Guid(e614e84e0a12a6342a9bc7c28aa4046c) Importer(815301076,1909f56bfc062723c751e8b465ee728b)
Start importing Assets/Prefabs/BloodDecalMeshes/Prefabs/blood_evil2.prefab using Guid(e614e84e0a12a6342a9bc7c28aa4046c) Importer(815301076,1909f56bfc062723c751e8b465ee728b)  -> (artifact id: 'd561e33c606ab13381f68ea8d142fb85') in 0.038116 seconds 
========================================================================
Received Import Request.
  Time since last request: 0.000322 seconds.
  path: Assets/SFLCK_2/!Prefabs/Machinery/Vat.prefab
  artifactKey: Guid(04dee43ab74eaf540a7572e7e17ca32b) Importer(815301076,1909f56bfc062723c751e8b465ee728b)
Start importing Assets/SFLCK_2/!Prefabs/Machinery/Vat.prefab using Guid(04dee43ab74eaf540a7572e7e17ca32b) Importer(815301076,1909f56bfc062723c751e8b465ee728b)  -> (artifact id: '4a4684be5b1943b0a41ab0cc9939226a') in 0.058256 seconds 
========================================================================
Received Import Request.
  Time since last request: 0.000311 seconds.
  path: Assets/UnityTechnologies/ParticlePack/EffectExamples/Fire & Explosion Effects/Materials/MediumFlame02.mat
  artifactKey: Guid(aa233f4c021449540865a6be1af7b157) Importer(815301076,1909f56bfc062723c751e8b465ee728b)
Start importing Assets/UnityTechnologies/ParticlePack/EffectExamples/Fire & Explosion Effects/Materials/MediumFlame02.mat using Guid(aa233f4c021449540865a6be1af7b157) Importer(815301076,1909f56bfc062723c751e8b465ee728b)  -> (artifact id: 'a42cafa03a15841eb87a0bd7daa53fa9') in 0.041086 seconds 
========================================================================
Received Import Request.
  Time since last request: 0.104334 seconds.
  path: Assets/Scenes/MainMainScene.unity
  artifactKey: Guid(beb09fab7afc55b46ae91410321cd01a) Importer(815301076,1909f56bfc062723c751e8b465ee728b)
Start importing Assets/Scenes/MainMainScene.unity using Guid(beb09fab7afc55b46ae91410321cd01a) Importer(815301076,1909f56bfc062723c751e8b465ee728b)  -> (artifact id: '7b2b8e707578da3f7b348f2b04c18f44') in 0.023016 seconds 
========================================================================
Received Import Request.
  Time since last request: 86.155082 seconds.
  path: Assets/Concrete textures pack
  artifactKey: Guid(e7cd70cb8c07df642b134268ad6b4fcc) Importer(815301076,1909f56bfc062723c751e8b465ee728b)
Start importing Assets/Concrete textures pack using Guid(e7cd70cb8c07df642b134268ad6b4fcc) Importer(815301076,1909f56bfc062723c751e8b465ee728b)  -> (artifact id: 'f077446e6cf4fbf53efb63c995494d72') in 0.026920 seconds 
========================================================================
Received Import Request.
  Time since last request: 1.295314 seconds.
  path: Assets/Concrete textures pack/pattern 01
  artifactKey: Guid(b61544d409687ba48bd76660e226ef9a) Importer(815301076,1909f56bfc062723c751e8b465ee728b)
Start importing Assets/Concrete textures pack/pattern 01 using Guid(b61544d409687ba48bd76660e226ef9a) Importer(815301076,1909f56bfc062723c751e8b465ee728b)  -> (artifact id: 'fc6eb11e8b49f6df2f92a1ce9f9f7eb2') in 0.026046 seconds 
========================================================================
Received Import Request.
  Time since last request: 0.070777 seconds.
  path: Assets/Concrete textures pack/pattern 01/diffuse.tga
  artifactKey: Guid(52fb9790650d0324c8b24cae56159844) Importer(815301076,1909f56bfc062723c751e8b465ee728b)
Start importing Assets/Concrete textures pack/pattern 01/diffuse.tga using Guid(52fb9790650d0324c8b24cae56159844) Importer(815301076,1909f56bfc062723c751e8b465ee728b)  -> (artifact id: '2bc977c5858658a5451627a9e5ce7854') in 0.031406 seconds 
========================================================================
Received Import Request.
  Time since last request: 0.000274 seconds.
  path: Assets/Concrete textures pack/pattern 01/normal.tga
  artifactKey: Guid(4c89e0f06b2b0c34ebb9b930314cf921) Importer(815301076,1909f56bfc062723c751e8b465ee728b)
Start importing Assets/Concrete textures pack/pattern 01/normal.tga using Guid(4c89e0f06b2b0c34ebb9b930314cf921) Importer(815301076,1909f56bfc062723c751e8b465ee728b)  -> (artifact id: '35727024fd1758f04715d76f1702fa5b') in 0.028043 seconds 
========================================================================
Received Import Request.
  Time since last request: 0.000226 seconds.
  path: Assets/Concrete textures pack/pattern 01/preview.jpg
  artifactKey: Guid(b66c0912b671be645bfcf63a83e63369) Importer(815301076,1909f56bfc062723c751e8b465ee728b)
Start importing Assets/Concrete textures pack/pattern 01/preview.jpg using Guid(b66c0912b671be645bfcf63a83e63369) Importer(815301076,1909f56bfc062723c751e8b465ee728b)  -> (artifact id: 'bcf3cf8b4611a250338424cbce9cc0cb') in 0.043000 seconds 
========================================================================
Received Import Request.
  Time since last request: 14.238147 seconds.
  path: Assets/Prefabs/BloodDecalMeshes/Scenes/BloodExampleScene.unity
  artifactKey: Guid(bdcd0119f4274764d8be592ab1e78f36) Importer(815301076,1909f56bfc062723c751e8b465ee728b)
Start importing Assets/Prefabs/BloodDecalMeshes/Scenes/BloodExampleScene.unity using Guid(bdcd0119f4274764d8be592ab1e78f36) Importer(815301076,1909f56bfc062723c751e8b465ee728b)  -> (artifact id: '66c7e2c75b791b78c5be9537b911b5de') in 0.030453 seconds 
========================================================================
Received Import Request.
  Time since last request: 23.257135 seconds.
  path: Assets/Prefabs/BloodDecalMeshes/Scenes
  artifactKey: Guid(3d80bb501097dd84588610c87b603366) Importer(815301076,1909f56bfc062723c751e8b465ee728b)
Start importing Assets/Prefabs/BloodDecalMeshes/Scenes using Guid(3d80bb501097dd84588610c87b603366) Importer(815301076,1909f56bfc062723c751e8b465ee728b)  -> (artifact id: '32c8f6ec3f432d172026b5f84662a232') in 0.010523 seconds 
========================================================================
Received Import Request.
  Time since last request: 46.792444 seconds.
  path: Assets/_Biomass/__CubemapsShaders/sunset 1.hdr
  artifactKey: Guid(0e41a6cc8b7cc69489911caa54632b8f) Importer(815301076,1909f56bfc062723c751e8b465ee728b)
Start importing Assets/_Biomass/__CubemapsShaders/sunset 1.hdr using Guid(0e41a6cc8b7cc69489911caa54632b8f) Importer(815301076,1909f56bfc062723c751e8b465ee728b)  -> (artifact id: '0c14668c9903dd1c471246140bd359db') in 0.069245 seconds 
========================================================================
Received Import Request.
  Time since last request: 0.000309 seconds.
  path: Assets/_Biomass/__CubemapsShaders/sunset 2.hdr
  artifactKey: Guid(3d6324277d7d6094f8b84e8955b24558) Importer(815301076,1909f56bfc062723c751e8b465ee728b)
Start importing Assets/_Biomass/__CubemapsShaders/sunset 2.hdr using Guid(3d6324277d7d6094f8b84e8955b24558) Importer(815301076,1909f56bfc062723c751e8b465ee728b)  -> (artifact id: '50032680b0a1630d7ad7021514b277c2') in 0.065181 seconds 
========================================================================
Received Import Request.
  Time since last request: 9.561571 seconds.
  path: Assets/_Biomass/__CubemapsShaders/ASE_StandartArray.shader
  artifactKey: Guid(7de567685cdb338448372e3075268f12) Importer(815301076,1909f56bfc062723c751e8b465ee728b)
Start importing Assets/_Biomass/__CubemapsShaders/ASE_StandartArray.shader using Guid(7de567685cdb338448372e3075268f12) Importer(815301076,1909f56bfc062723c751e8b465ee728b)  -> (artifact id: 'c48b01505f7b11273715b423e78de71f') in 0.020523 seconds 
========================================================================
Received Import Request.
  Time since last request: 1.629951 seconds.
  path: Assets/_Biomass/__CubemapsShaders/ASE_Standart2SidedSimple.shader
  artifactKey: Guid(ccbdea634bcfa8b4c8c6a3522c1dd22d) Importer(815301076,1909f56bfc062723c751e8b465ee728b)
Start importing Assets/_Biomass/__CubemapsShaders/ASE_Standart2SidedSimple.shader using Guid(ccbdea634bcfa8b4c8c6a3522c1dd22d) Importer(815301076,1909f56bfc062723c751e8b465ee728b)  -> (artifact id: '74e5c7fab7a3526588d2315cd151d457') in 0.031440 seconds 
========================================================================
Received Import Request.
  Time since last request: 35.176091 seconds.
  path: Assets/_Biomass/__CubemapsShaders/Materials
  artifactKey: Guid(f324556bf123cac41b47c5a93ac20829) Importer(815301076,1909f56bfc062723c751e8b465ee728b)
Start importing Assets/_Biomass/__CubemapsShaders/Materials using Guid(f324556bf123cac41b47c5a93ac20829) Importer(815301076,1909f56bfc062723c751e8b465ee728b)  -> (artifact id: 'c8d72b903491b5c5ecd2f7f04a35e9e0') in 0.031046 seconds 
========================================================================
Received Import Request.
  Time since last request: 0.059008 seconds.
  path: Assets/_Biomass/__CubemapsShaders/Materials/sunset 1.mat
  artifactKey: Guid(d27e0bd2107b1bf439baeb360876c3c4) Importer(815301076,1909f56bfc062723c751e8b465ee728b)
Start importing Assets/_Biomass/__CubemapsShaders/Materials/sunset 1.mat using Guid(d27e0bd2107b1bf439baeb360876c3c4) Importer(815301076,1909f56bfc062723c751e8b465ee728b)  -> (artifact id: 'dcd6163c68e361a2f139c423790dc3bc') in 0.024529 seconds 
========================================================================
Received Import Request.
  Time since last request: 0.000302 seconds.
  path: Assets/_Biomass/__CubemapsShaders/Materials/sunset 2.mat
  artifactKey: Guid(0166b33a37f00e54ca83ca6d112eb4ed) Importer(815301076,1909f56bfc062723c751e8b465ee728b)
Start importing Assets/_Biomass/__CubemapsShaders/Materials/sunset 2.mat using Guid(0166b33a37f00e54ca83ca6d112eb4ed) Importer(815301076,1909f56bfc062723c751e8b465ee728b)  -> (artifact id: '74a14341df5663bbb9b8db07828eebeb') in 0.065514 seconds 
AssetImportWorkerClient::OnTransportError - code=2 error=End of file
