{"cameraMode":{"drawMode":0,"name":"Shaded","section":"Shading Mode"},"sceneLighting":false,"audioPlay":false,"sceneViewState":{"m_AlwaysRefresh":false,"showFog":false,"showSkybox":false,"showFlares":false,"showImageEffects":false,"showParticleSystems":false,"showVisualEffectGraphs":true,"m_FxEnabled":true},"in2DMode":false,"pivot":{"x":-16.01504135131836,"y":3.7190380096435549,"z":-17.168851852416993},"rotation":{"x":0.004595649428665638,"y":-0.9840124845504761,"z":0.026300577446818353,"w":0.17839491367340089},"size":15.487528800964356,"orthographic":false}