{"cameraMode":{"drawMode":0,"name":"Shaded","section":"Shading Mode"},"sceneLighting":false,"audioPlay":false,"sceneViewState":{"m_AlwaysRefresh":false,"showFog":false,"showSkybox":false,"showFlares":true,"showImageEffects":true,"showParticleSystems":true,"showVisualEffectGraphs":true,"m_FxEnabled":true},"in2DMode":false,"pivot":{"x":-2.859637498855591,"y":-0.7290599942207336,"z":-0.12783722579479218},"rotation":{"x":0.03875218331813812,"y":-0.1014690101146698,"z":-0.004286593291908503,"w":-0.9942253828048706},"size":1.1900384426116944,"orthographic":false}