{"cameraMode":{"drawMode":0,"name":"Shaded","section":"Shading Mode"},"sceneLighting":false,"audioPlay":false,"sceneViewState":{"m_AlwaysRefresh":false,"showFog":false,"showSkybox":false,"showFlares":true,"showImageEffects":true,"showParticleSystems":true,"showVisualEffectGraphs":true,"m_FxEnabled":true},"in2DMode":false,"pivot":{"x":4.470348358154297e-8,"y":8.009374141693115e-8,"z":8.940696716308594e-8},"rotation":{"x":-0.16900862753391267,"y":0.1152874305844307,"z":-0.020115938037633897,"w":-0.9787917733192444},"size":0.08371774852275849,"orthographic":false}